scene,seed,method,auroc,average_precision,pr_auc_trapezoid,partial_auroc_fpr10,diagnostic_tpr_at_fpr1,diagnostic_tpr_at_fpr5,diagnostic_fpr_at_tpr95,frame_tn,frame_fp,frame_fn,frame_tp,frame_precision,frame_recall,frame_f1,frame_specificity,frame_normal_fpr,frame_accuracy,frame_balanced_accuracy,frame_mcc,alarm_tn,alarm_fp,alarm_fn,alarm_tp,alarm_precision,alarm_recall,alarm_f1,alarm_specificity,alarm_normal_fpr,alarm_accuracy,alarm_balanced_accuracy,alarm_mcc,gt_events_sampled,detected_gt_events,predicted_alert_events,false_alert_events,event_precision_overlap,event_recall_overlap,event_f1_overlap,median_detected_delay_observations,median_detected_delay_original_frames,false_alerts_per_1000_normal_only_video_observations,normal_only_video_observations,event_warning,video_auroc_top5mean,video_ap_top5mean,video_metric_reason,threshold_normal_q99,n_test,n_test_anomaly,test_diagnostic_thresholds_not_used_for_deployment,normal_tune_frame_fpr,normal_cal_frame_fpr
R01,0,prototype64,0.8433467657744185,0.6106732119983376,0.6085325401803143,0.5636801005729759,0.0,0.14790996784565916,0.387987012987013,172,444,0,311,0.4119205298013245,1.0,0.5834896810506567,0.2792207792207792,0.7207792207792207,0.5210355987055016,0.6396103896103896,0.3391412261995908,211,405,0,311,0.43435754189944137,1.0,0.6056475170399221,0.3425324675324675,0.6574675324675324,0.5631067961165048,0.6712662337662337,0.3857221287638976,8,8,19,11,0.42105263157894735,1.0,0.5925925925925926,0.0,0.0,27.160493827160494,405,"Sampled-label overlap, no point adjustment; delays among detected events only; no original-FPS seconds.",0.4107142857142857,0.48822150072150067,,0.031717751175165176,927,311,True,0.0029154518950437317,0.012437810945273632
R01,0,prototype256,0.8441688938071576,0.6211099655068325,0.6188607801386363,0.5742571863742959,0.00964630225080386,0.18971061093247588,0.3912337662337662,167,449,0,311,0.40921052631578947,1.0,0.580765639589169,0.2711038961038961,0.7288961038961039,0.5156418554476807,0.635551948051948,0.3330744181274456,217,399,0,311,0.43802816901408453,1.0,0.6092066601371204,0.3522727272727273,0.6477272727272727,0.56957928802589,0.6761363636363636,0.3928172319551049,8,8,18,10,0.4444444444444444,1.0,0.6153846153846153,0.0,0.0,24.691358024691358,405,"Sampled-label overlap, no point adjustment; delays among detected events only; no original-FPS seconds.",0.5892857142857144,0.5764766483516482,,0.030778182670474052,927,311,True,0.0058309037900874635,0.012437810945273632
R01,0,prototype_motion,0.7337975529293858,0.46305109089235413,0.46145481632849306,0.48644814315824636,0.0,0.0,0.5454545454545454,157,459,0,311,0.4038961038961039,1.0,0.5753931544865865,0.25487012987012986,0.7451298701298701,0.5048543689320388,0.627435064935065,0.32084428069398313,207,409,0,311,0.43194444444444446,1.0,0.6032977691561591,0.336038961038961,0.663961038961039,0.5587918015102481,0.6680194805194806,0.3809857770805392,8,8,25,17,0.32,1.0,0.48484848484848486,0.0,0.0,41.97530864197531,405,"Sampled-label overlap, no point adjustment; delays among detected events only; no original-FPS seconds.",0.30357142857142855,0.44366640304140303,,2.9003045558929443,927,311,True,0.05830903790087463,0.012437810945273632
R01,0,prototype_motion_ema,0.7122238693782103,0.43883452148973245,0.4373379182340665,0.4771348130630581,0.0,0.003215434083601286,0.5292207792207793,118,498,0,311,0.38442521631644005,1.0,0.5553571428571429,0.19155844155844157,0.8084415584415584,0.4627831715210356,0.5957792207792207,0.2713667174384951,150,466,0,311,0.40025740025740025,1.0,0.5716911764705882,0.2435064935064935,0.7564935064935064,0.49730312837108953,0.6217532467532467,0.31219429212704164,8,8,19,11,0.42105263157894735,1.0,0.5925925925925926,0.0,0.0,27.160493827160494,405,"Sampled-label overlap, no point adjustment; delays among detected events only; no original-FPS seconds.",0.5892857142857143,0.5976887695637696,,2.6255372402292916,927,311,True,0.0728862973760933,0.012437810945273632
R01,0,prototype_fewshot3,0.785401094082766,0.5220861479148863,0.5199875440901358,0.5153661704685567,0.0,0.05144694533762058,0.46266233766233766,160,456,0,311,0.40547588005215124,1.0,0.5769944341372913,0.2597402597402597,0.7402597402597403,0.5080906148867314,0.6298701298701299,0.3245279809248444,203,413,0,311,0.42955801104972374,1.0,0.6009661835748792,0.32954545454545453,0.6704545454545454,0.5544768069039914,0.6647727272727273,0.376243126189732,8,8,23,15,0.34782608695652173,1.0,0.5161290322580645,0.0,0.0,37.03703703703704,405,"Sampled-label overlap, no point adjustment; delays among detected events only; no original-FPS seconds.",0.3392857142857143,0.4599476911976912,,0.040556564927101135,927,311,True,0.0,0.012437810945273632
R01,0,prototype_neural,0.8649883075124233,0.6792228143022596,0.6769992673090887,0.6144611015993653,0.01929260450160772,0.2958199356913183,0.3555194805194805,161,455,0,311,0.40600522193211486,1.0,0.5775301764159703,0.26136363636363635,0.7386363636363636,0.5091693635382956,0.6306818181818181,0.325752975714425,214,402,0,311,0.4361851332398317,1.0,0.607421875,0.3474025974025974,0.6525974025974026,0.5663430420711975,0.6737012987012987,0.38927091881608056,8,8,19,11,0.42105263157894735,1.0,0.5925925925925926,0.0,0.0,27.160493827160494,405,"Sampled-label overlap, no point adjustment; delays among detected events only; no original-FPS seconds.",0.5357142857142858,0.5410599816849817,,3.382972002029419,927,311,True,0.0029154518950437317,0.012437810945273632
R01,0,prototype_neural_ema,0.8816031235645384,0.718981542701677,0.7167271623630806,0.6406373284863723,0.07395498392282958,0.3858520900321543,0.3425324675324675,116,500,0,311,0.3834771886559803,1.0,0.554367201426025,0.18831168831168832,0.8116883116883117,0.46062567421790723,0.5941558441558441,0.268725206902567,148,468,0,311,0.3992297817715019,1.0,0.5706422018348625,0.24025974025974026,0.7597402597402597,0.49514563106796117,0.6201298701298701,0.30970767454548787,8,8,16,8,0.5,1.0,0.6666666666666666,0.0,0.0,19.753086419753085,405,"Sampled-label overlap, no point adjustment; delays among detected events only; no original-FPS seconds.",0.8571428571428572,0.7713789682539683,,2.840181782005367,927,311,True,0.0029154518950437317,0.012437810945273632
R01,0,reference_dino_global_pca,0.8113751200567921,0.560282980747211,0.5580271256285012,0.5385038890708209,0.0,0.11254019292604502,0.36688311688311687,160,456,0,311,0.40547588005215124,1.0,0.5769944341372913,0.2597402597402597,0.7402597402597403,0.5080906148867314,0.6298701298701299,0.3245279809248444,206,410,0,311,0.43134535367545074,1.0,0.6027131782945736,0.3344155844155844,0.6655844155844156,0.5577130528586839,0.6672077922077921,0.37980074846466905,8,8,15,7,0.5333333333333333,1.0,0.6956521739130436,0.0,0.0,17.28395061728395,405,"Sampled-label overlap, no point adjustment; delays among detected events only; no original-FPS seconds.",0.8392857142857143,0.7602678571428572,,0.0026590453926473856,927,311,True,0.0029154518950437317,0.012437810945273632
R01,0,reference_dino_frame_denoising_ae,0.833465569799975,0.6242834102271962,0.6217514148475254,0.5848342721756159,0.02572347266881029,0.24437299035369775,0.3961038961038961,144,472,0,311,0.39719029374201786,1.0,0.5685557586837293,0.23376623376623376,0.7662337662337663,0.49083063646170444,0.6168831168831169,0.304712453071048,195,421,0,311,0.4248633879781421,1.0,0.5963566634707574,0.31655844155844154,0.6834415584415584,0.5458468176914779,0.6582792207792207,0.3667343615937838,8,8,19,11,0.42105263157894735,1.0,0.5925925925925926,0.0,0.0,27.160493827160494,405,"Sampled-label overlap, no point adjustment; delays among detected events only; no original-FPS seconds.",0.5892857142857143,0.5654626623376623,,0.4481193423271179,927,311,True,0.0058309037900874635,0.012437810945273632
R01,0,reference_dino_full_ema,0.8777560863573727,0.7152478328035964,0.7129663793184661,0.6492528456481748,0.06109324758842444,0.3987138263665595,0.32305194805194803,120,496,0,311,0.3853779429987608,1.0,0.556350626118068,0.19480519480519481,0.8051948051948052,0.46494066882416396,0.5974025974025974,0.27399566649766355,151,465,0,311,0.4007731958762887,1.0,0.5722171113155474,0.24512987012987014,0.7548701298701299,0.49838187702265374,0.622564935064935,0.31343497165550566,8,8,17,9,0.47058823529411764,1.0,0.6399999999999999,0.0,0.0,22.22222222222222,405,"Sampled-label overlap, no point adjustment; delays among detected events only; no original-FPS seconds.",0.8571428571428572,0.7713789682539683,,2.639322055754339,927,311,True,0.0058309037900874635,0.012437810945273632
R02,0,prototype64,0.7921419107693194,0.7406746351478473,0.7405239554111944,0.7131935948919217,0.4187116564417178,0.4616564417177914,0.6823161189358372,1259,19,364,288,0.9381107491856677,0.44171779141104295,0.6006256517205422,0.985133020344288,0.01486697965571205,0.8015544041450777,0.7134254058776655,0.5519972178127416,1272,6,375,277,0.9787985865724381,0.42484662576687116,0.5925133689839572,0.9953051643192489,0.004694835680751174,0.8025906735751296,0.71007589504306,0.561765967638977,15,4,6,0,1.0,0.26666666666666666,0.4210526315789474,2.5,10.0,0.0,295,"Sampled-label overlap, no point adjustment; delays among detected events only; no original-FPS seconds.",0.7,0.9354365079365078,,0.05004391819238663,1930,652,True,0.013422818791946308,0.010158013544018058
R02,0,prototype256,0.7950209779467535,0.7450744325225854,0.7449284121404555,0.7175468409784218,0.43558282208588955,0.4601226993865031,0.7065727699530516,1263,15,363,289,0.9506578947368421,0.4432515337423313,0.6046025104602512,0.9882629107981221,0.011737089201877934,0.8041450777202073,0.7157572222702266,0.5602572693681686,1272,6,374,278,0.9788732394366197,0.4263803680981595,0.594017094017094,0.9953051643192489,0.004694835680751174,0.8031088082901554,0.7108427662087042,0.5629940958481465,15,4,7,1,0.8571428571428571,0.26666666666666666,0.4067796610169491,3.0,12.0,0.0,295,"Sampled-label overlap, no point adjustment; delays among detected events only; no original-FPS seconds.",0.7,0.9451515151515152,,0.04511222615838051,1930,652,True,0.010738255033557046,0.010158013544018058
R02,0,prototype_motion,0.7672420000576053,0.7120387296637288,0.711852410933828,0.69892869216158,0.31901840490797545,0.4616564417177914,0.7582159624413145,1262,16,416,236,0.9365079365079365,0.3619631901840491,0.5221238938053098,0.9874804381846636,0.012519561815336464,0.7761658031088083,0.6747218141843563,0.4905351154657582,1270,8,433,219,0.9647577092511013,0.33588957055214724,0.4982935153583618,0.9937402190923318,0.006259780907668232,0.7715025906735752,0.6648148948222395,0.4839443518133175,15,4,9,1,0.8888888888888888,0.26666666666666666,0.41025641025641024,3.0,12.0,0.0,295,"Sampled-label overlap, no point adjustment; delays among detected events only; no original-FPS seconds.",0.7,0.9451515151515152,,4.732595920562744,1930,652,True,0.009395973154362415,0.010158013544018058
R02,0,prototype_motion_ema,0.7520905940071239,0.7072002162301139,0.7070142871691963,0.7051200035573828,0.3911042944785276,0.45858895705521474,0.797339593114241,1219,59,353,299,0.835195530726257,0.45858895705521474,0.592079207920792,0.9538341158059468,0.04616588419405321,0.7865284974093264,0.7062115364305808,0.5018389829211057,1232,46,362,290,0.8630952380952381,0.4447852760736196,0.5870445344129556,0.9640062597809077,0.03599374021909233,0.78860103626943,0.7043957679272637,0.5098909720620892,15,5,13,8,0.38461538461538464,0.3333333333333333,0.3571428571428571,3.0,12.0,6.779661016949152,295,"Sampled-label overlap, no point adjustment; delays among detected events only; no original-FPS seconds.",0.6499999999999999,0.932651515151515,,2.656591214834611,1930,652,True,0.024161073825503355,0.010158013544018058
R02,0,prototype_fewshot3,0.7721636567873499,0.7012049943354889,0.7007990324178517,0.6852600552910257,0.15337423312883436,0.4601226993865031,0.838810641627543,1256,22,475,177,0.8894472361809045,0.2714723926380368,0.41598119858989424,0.9827856025039123,0.017214397496087636,0.7424870466321244,0.6271289975709746,0.39544744221259187,1265,13,488,164,0.9265536723163842,0.25153374233128833,0.3956574185765983,0.9898278560250391,0.010172143974960876,0.7404145077720208,0.6206807991781638,0.39553034376474383,15,4,13,3,0.7692307692307693,0.26666666666666666,0.39603960396039606,3.0,12.0,3.389830508474576,295,"Sampled-label overlap, no point adjustment; delays among detected events only; no original-FPS seconds.",0.7,0.9451515151515152,,0.0799761563539505,1930,652,True,0.008053691275167786,0.010158013544018058
R02,0,prototype_neural,0.8242412895916741,0.7643451721927111,0.7641959330546427,0.7155508662782853,0.4217791411042945,0.4601226993865031,0.6071987480438185,1263,15,371,281,0.9493243243243243,0.43098159509202455,0.5928270042194093,0.9882629107981221,0.011737089201877934,0.8,0.7096222529450733,0.5502812601259608,1270,8,385,267,0.9709090909090909,0.40950920245398775,0.5760517799352751,0.9937402190923318,0.006259780907668232,0.7963730569948186,0.7016247107731598,0.5456292349528373,15,4,8,1,0.875,0.26666666666666666,0.40875912408759124,3.0,12.0,0.0,295,"Sampled-label overlap, no point adjustment; delays among detected events only; no original-FPS seconds.",0.7,0.9451515151515152,,4.739100456237793,1930,652,True,0.008053691275167786,0.010158013544018058
R02,0,prototype_neural_ema,0.8078213658227483,0.7478646942406786,0.7476991408177748,0.710029090699617,0.4263803680981595,0.4601226993865031,0.6384976525821596,1240,38,353,299,0.887240356083086,0.45858895705521474,0.6046511627906976,0.9702660406885759,0.0297339593114241,0.7974093264248705,0.7144274988718953,0.5342897738805641,1251,27,362,290,0.9148264984227129,0.4447852760736196,0.5985552115583075,0.9788732394366197,0.02112676056338028,0.7984455958549223,0.7118292577551197,0.5408269814486175,15,5,8,3,0.625,0.3333333333333333,0.43478260869565216,3.0,12.0,0.0,295,"Sampled-label overlap, no point adjustment; delays among detected events only; no original-FPS seconds.",0.75,0.9540404040404039,,3.143289066032898,1930,652,True,0.022818791946308724,0.010158013544018058
R02,0,reference_dino_global_pca,0.8055183521030751,0.7269129842451775,0.7267193431982276,0.6951274973054342,0.2837423312883436,0.4616564417177914,0.5602503912363067,1253,25,404,248,0.9084249084249084,0.3803680981595092,0.5362162162162163,0.9804381846635368,0.019561815336463225,0.777720207253886,0.680403141411523,0.48968943975504053,1269,9,418,234,0.9629629629629629,0.3588957055214724,0.5229050279329609,0.9929577464788732,0.007042253521126761,0.7787564766839378,0.6759267260001728,0.5016379251697711,15,4,8,1,0.875,0.26666666666666666,0.40875912408759124,2.0,8.0,0.0,295,"Sampled-label overlap, no point adjustment; delays among detected events only; no original-FPS seconds.",0.75,0.9540404040404039,,0.012771938927471638,1930,652,True,0.013422818791946308,0.010158013544018058
R02,0,reference_dino_frame_denoising_ae,0.7998070220916501,0.7328647727836085,0.7326856686921464,0.7009524589145031,0.31441717791411045,0.4616564417177914,0.6064162754303599,1257,21,396,256,0.924187725631769,0.39263803680981596,0.551130247578041,0.9835680751173709,0.01643192488262911,0.7839378238341969,0.6881030559635934,0.5075031712407131,1266,12,411,241,0.9525691699604744,0.3696319018404908,0.532596685082873,0.9906103286384976,0.009389671361502348,0.7808290155440415,0.6801211152394941,0.5048438334603622,15,4,11,2,0.8181818181818182,0.26666666666666666,0.4022346368715084,2.0,8.0,0.0,295,"Sampled-label overlap, no point adjustment; delays among detected events only; no original-FPS seconds.",0.7,0.9451515151515152,,0.397164911031723,1930,652,True,0.009395973154362415,0.010158013544018058
R02,0,reference_dino_full_ema,0.8231251860172624,0.7520427576803808,0.7518503447548917,0.7035598587759471,0.38496932515337423,0.4616564417177914,0.568075117370892,1238,40,353,299,0.8820058997050148,0.45858895705521474,0.60343087790111,0.9687010954616588,0.03129890453834116,0.7963730569948186,0.7136450262584368,0.5311009377460695,1244,34,362,290,0.8950617283950617,0.4447852760736196,0.5942622950819673,0.97339593114241,0.026604068857589983,0.794818652849741,0.7090906036080148,0.5291861402823297,15,5,10,5,0.5,0.3333333333333333,0.4,3.0,12.0,0.0,295,"Sampled-label overlap, no point adjustment; delays among detected events only; no original-FPS seconds.",0.8,0.9622222222222222,,2.898916042115624,1930,652,True,0.025503355704697986,0.010158013544018058
R03,0,prototype64,0.5901756511864573,0.4989893319975829,0.4985397241942684,0.5178013226469322,0.026025236593059938,0.0859621451104101,0.8855664174813112,1704,35,1192,76,0.6846846846846847,0.05993690851735016,0.11022480058013054,0.9798734905117884,0.020126509488211614,0.591952111739275,0.5199051995145693,0.10426659238347338,1712,27,1204,64,0.7032967032967034,0.050473186119873815,0.094186902133922,0.9844738355376653,0.015526164462334674,0.5906218822746924,0.5174735108287696,0.10074073866327984,17,5,7,2,0.7142857142857143,0.29411764705882354,0.4166666666666667,100.0,400.0,5.524861878453039,362,"Sampled-label overlap, no point adjustment; delays among detected events only; no original-FPS seconds.",0.06666666666666667,0.7858374414256768,,0.060023386031389236,3007,1268,True,0.001455604075691412,0.010262257696693273
R03,0,prototype256,0.6068909032530752,0.5053364623524658,0.5048738943194636,0.5149540333074375,0.030757097791798107,0.07965299684542587,0.8711903392754456,1698,41,1195,73,0.6403508771929824,0.057570977917981075,0.105643994211288,0.9764232317423807,0.023576768257619323,0.5889590954439641,0.5169971048301809,0.08789976700422213,1712,27,1205,63,0.7,0.04968454258675079,0.09278350515463916,0.9844738355376653,0.015526164462334674,0.5902893249085467,0.5170791890622081,0.09899589588582192,17,4,8,4,0.5,0.23529411764705882,0.31999999999999995,62.5,250.0,11.049723756906078,362,"Sampled-label overlap, no point adjustment; delays among detected events only; no original-FPS seconds.",0.06666666666666667,0.7858374414256768,,0.05890513211488724,3007,1268,True,0.0,0.010262257696693273
R03,0,prototype_motion,0.5889022118299251,0.49023100716078155,0.48975712050391595,0.5172764513871829,0.02050473186119874,0.09305993690851735,0.8608395629672225,1691,48,1204,64,0.5714285714285714,0.050473186119873815,0.09275362318840578,0.9723979298447384,0.027602070155261643,0.5836381775856335,0.5114355579823061,0.05964354910166532,1711,28,1219,49,0.6363636363636364,0.038643533123028394,0.07286245353159852,0.9838987924094307,0.016101207590569294,0.5853009644163618,0.5112711627662295,0.07047400649353024,17,6,14,6,0.5714285714285714,0.35294117647058826,0.43636363636363634,103.0,412.0,13.812154696132596,362,"Sampled-label overlap, no point adjustment; delays among detected events only; no original-FPS seconds.",0.06666666666666667,0.7858374414256768,,1.9088094234466553,3007,1268,True,0.011644832605531296,0.010262257696693273
R03,0,prototype_motion_ema,0.5898255460642199,0.49204461525424625,0.49158037619786876,0.5165790099042419,0.018138801261829655,0.08675078864353312,0.875215641173088,1677,62,1180,88,0.5866666666666667,0.0694006309148265,0.1241184767277856,0.9643473260494537,0.03565267395054629,0.5869637512470901,0.5168739784821401,0.07655193180213575,1691,48,1192,76,0.6129032258064516,0.05993690851735016,0.1091954022988506,0.9723979298447384,0.027602070155261643,0.5876288659793815,0.5161674191810443,0.08030580655311723,17,6,13,7,0.46153846153846156,0.35294117647058826,0.4000000000000001,104.0,416.0,8.287292817679557,362,"Sampled-label overlap, no point adjustment; delays among detected events only; no original-FPS seconds.",0.06666666666666667,0.7858374414256768,,1.611051015427138,3007,1268,True,0.00727802037845706,0.010262257696693273
R03,0,prototype_fewshot3,0.5993613756047477,0.5148604232344611,0.5144298169765421,0.5256457491824754,0.021293375394321766,0.10410094637223975,0.8688901667625072,1734,5,1254,14,0.7368421052631579,0.011041009463722398,0.021756021756021756,0.9971247843588269,0.002875215641173088,0.5813102760226139,0.5040828969112746,0.05089097026091655,1739,0,1260,8,1.0,0.006309148264984227,0.012539184952978056,1.0,0.0,0.5809777186564682,0.5031545741324921,0.06048489413406177,17,2,2,0,1.0,0.11764705882352941,0.21052631578947367,32.0,128.0,0.0,362,"Sampled-label overlap, no point adjustment; delays among detected events only; no original-FPS seconds.",0.13333333333333333,0.8069485525367879,,0.11143197864294052,3007,1268,True,0.0,0.010262257696693273
R03,0,prototype_neural,0.6204638257963985,0.5214690051046371,0.5210171655458388,0.5190424916104138,0.038643533123028394,0.0946372239747634,0.8907418056354227,1700,39,1178,90,0.6976744186046512,0.07097791798107256,0.12884753042233357,0.9775733179988499,0.022426682001150087,0.5952776854007317,0.5242756179899613,0.11832307785782738,1711,28,1187,81,0.7431192660550459,0.0638801261829653,0.11764705882352941,0.9838987924094307,0.016101207590569294,0.5959428001330229,0.523889459296198,0.1262360201706137,17,7,10,3,0.7,0.4117647058823529,0.5185185185185185,108.0,432.0,8.287292817679557,362,"Sampled-label overlap, no point adjustment; delays among detected events only; no original-FPS seconds.",0.1,0.7969485525367879,,2.3377251625061035,3007,1268,True,0.0,0.010262257696693273
R03,0,prototype_neural_ema,0.6216107375245573,0.5263641630884881,0.5259835892650647,0.5183452888138119,0.0473186119873817,0.09227129337539432,0.8890166762507188,1700,39,1180,88,0.6929133858267716,0.0694006309148265,0.1261648745519713,0.9775733179988499,0.022426682001150087,0.5946125706684403,0.5234869744568382,0.11533692926363474,1708,31,1191,77,0.7129629629629629,0.06072555205047318,0.1119186046511628,0.9821736630247269,0.017826336975273145,0.5936148985700034,0.5214496075376001,0.1138473112697992,17,7,10,3,0.7,0.4117647058823529,0.5185185185185185,109.0,436.0,8.287292817679557,362,"Sampled-label overlap, no point adjustment; delays among detected events only; no original-FPS seconds.",0.06666666666666667,0.7858374414256768,,2.1266171041504927,3007,1268,True,0.0,0.010262257696693273
R03,0,reference_dino_global_pca,0.5815930871471512,0.49015109604546403,0.4896579808839326,0.5182421763153073,0.02365930599369085,0.0914826498422713,0.9493962047153537,1703,36,1193,75,0.6756756756756757,0.05914826498422713,0.10877447425670778,0.9792984473835538,0.020701552616446232,0.5912869970069837,0.5192233561838905,0.10069498886464189,1718,21,1203,65,0.7558139534883721,0.051261829652996846,0.09601181683899558,0.9879240943070731,0.012075905692926969,0.592949783837712,0.5195929619800349,0.11609793765399933,17,6,12,4,0.6666666666666666,0.35294117647058826,0.46153846153846156,111.0,444.0,11.049723756906078,362,"Sampled-label overlap, no point adjustment; delays among detected events only; no original-FPS seconds.",0.1,0.7969485525367879,,0.0166154857724905,3007,1268,True,0.001455604075691412,0.010262257696693273
R03,0,reference_dino_frame_denoising_ae,0.60768181430642,0.5232614490958412,0.5228161621616343,0.5254440592259096,0.04416403785488959,0.10488958990536278,0.9102932719953997,1700,39,1176,92,0.7022900763358778,0.07255520504731862,0.1315225160829164,0.9775733179988499,0.022426682001150087,0.5959428001330229,0.5250642615230843,0.12127303267963847,1711,28,1189,79,0.7383177570093458,0.062302839116719244,0.1149090909090909,0.9838987924094307,0.016101207590569294,0.5952776854007317,0.523100815763075,0.12316174744147562,17,7,10,3,0.7,0.4117647058823529,0.5185185185185185,111.0,444.0,8.287292817679557,362,"Sampled-label overlap, no point adjustment; delays among detected events only; no original-FPS seconds.",0.1,0.7969485525367879,,0.49017825722694397,3007,1268,True,0.0,0.010262257696693273
R03,0,reference_dino_full_ema,0.6217458817297732,0.531365138226956,0.5309890277946254,0.5235818284080089,0.050473186119873815,0.10410094637223975,0.9177688326624497,1703,36,1179,89,0.712,0.07018927444794952,0.12778176597272073,0.9792984473835538,0.020701552616446232,0.5959428001330229,0.5247438609157516,0.12243480236902674,1711,28,1190,78,0.7358490566037735,0.061514195583596214,0.11353711790393015,0.9838987924094307,0.016101207590569294,0.594945128034586,0.5227064939965135,0.12160815468465995,17,7,10,3,0.7,0.4117647058823529,0.5185185185185185,110.0,440.0,8.287292817679557,362,"Sampled-label overlap, no point adjustment; delays among detected events only; no original-FPS seconds.",0.1,0.7969485525367879,,2.5098149423065115,3007,1268,True,0.0,0.010262257696693273
R04,0,prototype64,0.70039649880421,0.7093130124804277,0.7088500766101455,0.5450820236039221,0.00960698689956332,0.14497816593886462,0.6629711751662971,876,26,1036,109,0.8074074074074075,0.09519650655021834,0.1703125,0.9711751662971175,0.028824833702882482,0.4811919882755252,0.5331858364236679,0.13276327215755498,889,13,1094,51,0.796875,0.0445414847161572,0.08436724565756824,0.9855875831485588,0.014412416851441241,0.4592085979482169,0.515064533932358,0.08594890808139599,26,7,12,2,0.8333333333333334,0.2692307692307692,0.4069767441860465,15.0,60.0,,0,"Sampled-label overlap, no point adjustment; delays among detected events only; no original-FPS seconds.",,,Both label classes required; not replaced by zero or fabricated.,0.06316523998975754,2047,1145,True,0.010899182561307902,0.010141987829614604
R04,0,prototype256,0.7407430358543363,0.7392552465419022,0.7388569128834226,0.5559896264640338,0.023580786026200874,0.19126637554585152,0.6164079822616408,855,47,926,219,0.8233082706766918,0.19126637554585152,0.3104181431608788,0.9478935698447893,0.052106430155210645,0.5246702491450904,0.5695799726953205,0.20546955659090974,883,19,1011,134,0.8758169934640523,0.11703056768558952,0.20647149460708783,0.9789356984478935,0.02106430155210643,0.4968246213971666,0.5479831330667415,0.18117109404179113,26,12,23,2,0.9130434782608695,0.46153846153846156,0.6131386861313869,8.0,32.0,,0,"Sampled-label overlap, no point adjustment; delays among detected events only; no original-FPS seconds.",,,Both label classes required; not replaced by zero or fabricated.,0.052522726356983185,2047,1145,True,0.05722070844686648,0.010141987829614604
R04,0,prototype_motion,0.7234113420927779,0.7278935306582389,0.7275505049952331,0.5456354555188017,0.0314410480349345,0.14323144104803492,0.6452328159645233,868,34,1025,120,0.7792207792207793,0.10480349344978165,0.18475750577367206,0.9623059866962306,0.037694013303769404,0.48265754763067903,0.5335547400730061,0.12631479434761833,888,14,1099,46,0.7666666666666667,0.04017467248908297,0.07634854771784232,0.9844789356984479,0.015521064301552107,0.4562774792379091,0.5123268040937654,0.07256245085584279,26,6,12,2,0.8333333333333334,0.23076923076923078,0.3614457831325301,21.5,86.0,,0,"Sampled-label overlap, no point adjustment; delays among detected events only; no original-FPS seconds.",,,Both label classes required; not replaced by zero or fabricated.,1.683125376701355,2047,1145,True,0.027247956403269755,0.010141987829614604
R04,0,prototype_motion_ema,0.7598824543227567,0.7684193514608615,0.7681427871437279,0.5784907616109862,0.026200873362445413,0.2183406113537118,0.5809312638580931,843,59,845,300,0.8356545961002786,0.26200873362445415,0.398936170212766,0.934589800443459,0.06541019955654102,0.5583781143136297,0.5982992670339565,0.25665683941910183,864,38,909,236,0.8613138686131386,0.20611353711790392,0.33262861169837915,0.9578713968957872,0.04212860310421286,0.537371763556424,0.5819924670068455,0.23910040531409596,26,15,37,5,0.8648648648648649,0.5769230769230769,0.692141312184571,10.0,40.0,,0,"Sampled-label overlap, no point adjustment; delays among detected events only; no original-FPS seconds.",,,Both label classes required; not replaced by zero or fabricated.,1.1553038215759566,2047,1145,True,0.06267029972752043,0.010141987829614604
R04,0,prototype_fewshot3,0.7440404147987489,0.753890898923016,0.7536403987686149,0.5537259574346647,0.0462882096069869,0.15807860262008733,0.6751662971175166,895,7,1097,48,0.8727272727272727,0.04192139737991266,0.08,0.9922394678492239,0.007760532150776054,0.4606741573033708,0.5170804326145683,0.10488390834242352,901,1,1127,18,0.9473684210526315,0.01572052401746725,0.030927835051546393,0.9988913525498891,0.0011086474501108647,0.44894968246213973,0.5073059382836782,0.07564865854086145,26,3,4,1,0.75,0.11538461538461539,0.19999999999999998,59.0,236.0,,0,"Sampled-label overlap, no point adjustment; delays among detected events only; no original-FPS seconds.",,,Both label classes required; not replaced by zero or fabricated.,0.08146491646766663,2047,1145,True,0.008174386920980926,0.010141987829614604
R04,0,prototype_neural,0.7733430803938847,0.7705988365390517,0.7702659529547087,0.568089706930792,0.03318777292576419,0.1781659388646288,0.5864745011086474,845,57,895,250,0.8143322475570033,0.2183406113537118,0.34435261707988984,0.9368070953436807,0.06319290465631928,0.5349291646311676,0.5775738533486963,0.21572851835719253,874,28,980,165,0.8549222797927462,0.14410480349344978,0.24663677130044845,0.9689578713968958,0.031042128603104215,0.5075720566682951,0.5565313374451728,0.19208424666646198,26,15,29,4,0.8620689655172413,0.5769230769230769,0.6912442396313364,6.0,24.0,,0,"Sampled-label overlap, no point adjustment; delays among detected events only; no original-FPS seconds.",,,Both label classes required; not replaced by zero or fabricated.,1.6793550252914429,2047,1145,True,0.08174386920980926,0.010141987829614604
R04,0,prototype_neural_ema,0.8016363442713427,0.801293930121632,0.8010411193300371,0.5952333510506289,0.05240174672489083,0.2480349344978166,0.5365853658536586,828,74,707,438,0.85546875,0.38253275109170304,0.5286662643331321,0.917960088691796,0.082039911308204,0.618466047874939,0.6502464198917495,0.3444696546957682,844,58,764,381,0.8678815489749431,0.3327510917030568,0.481060606060606,0.9356984478935698,0.06430155210643015,0.5984367366878358,0.6342247697983133,0.32470830246871496,26,20,45,7,0.8444444444444444,0.7692307692307693,0.8050847457627118,7.0,28.0,,0,"Sampled-label overlap, no point adjustment; delays among detected events only; no original-FPS seconds.",,,Both label classes required; not replaced by zero or fabricated.,1.2576487107180705,2047,1145,True,0.14168937329700274,0.010141987829614604
R04,0,reference_dino_global_pca,0.7656416115570446,0.7766622592326944,0.7762618237940739,0.5852634228897605,0.03580786026200873,0.24017467248908297,0.6574279379157428,854,48,867,278,0.852760736196319,0.2427947598253275,0.3779741672331747,0.9467849223946785,0.05321507760532151,0.5530043966780654,0.594789841110003,0.257216348065306,872,30,925,220,0.88,0.19213973799126638,0.31541218637992835,0.9667405764966741,0.03325942350332594,0.5334636052760137,0.5794401572439702,0.24089737077926135,26,12,28,3,0.8928571428571429,0.46153846153846156,0.6085192697768763,10.5,42.0,,0,"Sampled-label overlap, no point adjustment; delays among detected events only; no original-FPS seconds.",,,Both label classes required; not replaced by zero or fabricated.,0.006949895061552525,2047,1145,True,0.11171662125340599,0.010141987829614604
R04,0,reference_dino_frame_denoising_ae,0.77350090531473,0.7798475061549444,0.7795327461192418,0.5763544940353187,0.05240174672489083,0.18427947598253275,0.6175166297117517,843,59,850,295,0.8333333333333334,0.2576419213973799,0.3935957304869913,0.934589800443459,0.06541019955654102,0.5559355153883733,0.5961158609204195,0.25234863391239226,865,37,922,223,0.8576923076923076,0.1947598253275109,0.31743772241992885,0.958980044345898,0.041019955654102,0.5315095261358085,0.5768699348367045,0.2292152827198095,26,13,28,6,0.7857142857142857,0.5,0.6111111111111112,8.0,32.0,,0,"Sampled-label overlap, no point adjustment; delays among detected events only; no original-FPS seconds.",,,Both label classes required; not replaced by zero or fabricated.,0.2892706096172333,2047,1145,True,0.10626702997275204,0.010141987829614604
R04,0,reference_dino_full_ema,0.8107456501321663,0.8153749794932009,0.8151985633007087,0.5986497484330895,0.06986899563318777,0.262882096069869,0.5598669623059866,825,77,694,451,0.8541666666666666,0.39388646288209606,0.539151225343694,0.9146341463414634,0.08536585365853659,0.6233512457254519,0.6542603046117798,0.35010180044373856,836,66,742,403,0.8592750533049041,0.3519650655021834,0.49938042131350685,0.926829268292683,0.07317073170731707,0.605276013678554,0.6393971668974332,0.3293442111135981,26,20,40,6,0.85,0.7692307692307693,0.8076009501187649,7.5,30.0,,0,"Sampled-label overlap, no point adjustment; delays among detected events only; no original-FPS seconds.",,,Both label classes required; not replaced by zero or fabricated.,1.252171376800132,2047,1145,True,0.17166212534059946,0.010141987829614604
S01,0,prototype64,0.5093631120382869,0.41107431092127744,0.40917043051119756,0.485309789383263,0.0,0.0,0.9333333333333333,354,81,187,94,0.5371428571428571,0.33451957295373663,0.4122807017543859,0.8137931034482758,0.18620689655172415,0.6256983240223464,0.5741563382010062,0.16852269807815945,367,68,202,79,0.5374149659863946,0.28113879003558717,0.3691588785046729,0.8436781609195402,0.15632183908045977,0.6229050279329609,0.5624084754775637,0.15088864454703904,10,4,11,5,0.5454545454545454,0.4,0.4615384615384615,8.5,34.0,14.204545454545453,352,"Sampled-label overlap, no point adjustment; delays among detected events only; no original-FPS seconds.",0.28181818181818186,0.394313300218873,,0.028273463249206543,716,281,True,0.043478260869565216,0.011650485436893204
S01,0,prototype256,0.5647155070151757,0.4198234006160793,0.418081229462854,0.47708576878445963,0.0,0.0,0.8275862068965517,350,85,174,107,0.5572916666666666,0.3807829181494662,0.4524312896405919,0.8045977011494253,0.19540229885057472,0.638268156424581,0.5926903096494458,0.20433645718690482,361,74,184,97,0.5672514619883041,0.34519572953736655,0.42920353982300885,0.8298850574712644,0.17011494252873563,0.6396648044692738,0.5875403935043155,0.20051181688217573,10,4,12,4,0.6666666666666666,0.4,0.5,2.0,8.0,11.363636363636363,352,"Sampled-label overlap, no point adjustment; delays among detected events only; no original-FPS seconds.",0.2909090909090909,0.40247874588431864,,0.02257588878273964,716,281,True,0.04830917874396135,0.011650485436893204
S01,0,prototype_motion,0.5431832126641306,0.40753470682962084,0.4058745189105838,0.47495441266068594,0.0,0.0,0.8160919540229885,355,80,194,87,0.5209580838323353,0.3096085409252669,0.38839285714285715,0.8160919540229885,0.1839080459770115,0.61731843575419,0.5628502474741277,0.14514108601736034,367,68,211,70,0.5072463768115942,0.2491103202846975,0.3341288782816229,0.8436781609195402,0.15632183908045977,0.6103351955307262,0.5463942406021188,0.11486517857914277,10,4,9,4,0.5555555555555556,0.4,0.46511627906976744,4.5,18.0,11.363636363636363,352,"Sampled-label overlap, no point adjustment; delays among detected events only; no original-FPS seconds.",0.3090909090909091,0.3994575900535653,,3.8855934143066406,716,281,True,0.05314009661835749,0.011650485436893204
S01,0,prototype_motion_ema,0.5397799320980079,0.4142437898477173,0.412598983429028,0.47476065301307013,0.0,0.0,0.8505747126436781,358,77,176,105,0.5769230769230769,0.3736654804270463,0.4535637149028078,0.8229885057471265,0.17701149425287357,0.6466480446927374,0.5983269930870864,0.22054347836989327,368,67,187,94,0.5838509316770186,0.33451957295373663,0.4253393665158371,0.8459770114942529,0.15402298850574714,0.6452513966480447,0.5902482922239948,0.21110929089690392,10,4,10,4,0.6,0.4,0.48,2.0,8.0,11.363636363636363,352,"Sampled-label overlap, no point adjustment; delays among detected events only; no original-FPS seconds.",0.32727272727272727,0.40776039835637357,,3.487228748669256,716,281,True,0.05555555555555555,0.011650485436893204
S01,0,prototype_fewshot3,0.16806152084100295,0.25662706559940857,0.25579484457131496,0.47368421052631576,0.0,0.0,0.9816091954022989,415,20,281,0,0.0,0.0,0.0,0.9540229885057471,0.04597701149425287,0.5796089385474861,0.47701149425287354,-0.13624447805896203,434,1,281,0,0.0,0.0,0.0,0.9977011494252873,0.0022988505747126436,0.6061452513966481,0.49885057471264366,-0.03005768373877491,10,0,1,1,0.0,0.0,0.0,,,2.840909090909091,352,"Sampled-label overlap, no point adjustment; delays among detected events only; no original-FPS seconds.",0.0,0.31197050412607685,,0.192821204662323,716,281,True,0.012077294685990338,0.011650485436893204
S01,0,prototype_neural,0.6251891847670471,0.45084409350557336,0.44899815594959,0.48085331748809995,0.0,0.0035587188612099642,0.728735632183908,352,83,167,114,0.5786802030456852,0.40569395017793597,0.47698744769874474,0.8091954022988506,0.19080459770114944,0.6508379888268156,0.6074446762383933,0.23496106046646054,363,72,176,105,0.5932203389830508,0.3736654804270463,0.4585152838427948,0.8344827586206897,0.16551724137931034,0.6536312849162011,0.6040741195238679,0.23560771844884118,10,4,9,5,0.4444444444444444,0.4,0.4210526315789474,5.5,22.0,14.204545454545453,352,"Sampled-label overlap, no point adjustment; delays among detected events only; no original-FPS seconds.",0.3181818181818182,0.3991739766081871,,4.8140339851379395,716,281,True,0.050724637681159424,0.011650485436893204
S01,0,prototype_neural_ema,0.629876876508365,0.46115528533169636,0.45930276683009086,0.481111663684921,0.0,0.0,0.767816091954023,354,81,154,127,0.6105769230769231,0.45195729537366547,0.5194274028629857,0.8137931034482758,0.18620689655172415,0.6717877094972067,0.6328751994109707,0.28583025039774196,364,71,161,120,0.6282722513089005,0.42704626334519574,0.5084745762711864,0.8367816091954023,0.1632183908045977,0.6759776536312849,0.631913936270299,0.29128768802222965,10,4,8,4,0.5,0.4,0.4444444444444445,2.0,8.0,11.363636363636363,352,"Sampled-label overlap, no point adjustment; delays among detected events only; no original-FPS seconds.",0.4,0.43261622665260435,,3.9019565722733143,716,281,True,0.057971014492753624,0.011650485436893204
S01,0,reference_dino_global_pca,0.5213154988342128,0.4098221724399478,0.40807976619152375,0.4764614321421421,0.0,0.0,0.8850574712643678,351,84,165,116,0.58,0.4128113879003559,0.4823284823284823,0.8068965517241379,0.19310344827586207,0.6522346368715084,0.6098539698122469,0.23911327686276332,362,73,172,109,0.5989010989010989,0.3879003558718861,0.4708423326133909,0.832183908045977,0.167816091954023,0.6578212290502793,0.6100421319589315,0.24682006219763994,10,4,12,5,0.5833333333333334,0.4,0.4745762711864407,2.0,8.0,14.204545454545453,352,"Sampled-label overlap, no point adjustment; delays among detected events only; no original-FPS seconds.",0.2545454545454545,0.37651002506265663,,0.007284872699528933,716,281,True,0.05555555555555555,0.011650485436893204
S01,0,reference_dino_frame_denoising_ae,0.5471837035219045,0.4263360139957576,0.4244676804183553,0.4844701642435946,0.0,0.0035587188612099642,0.8482758620689655,351,84,159,122,0.5922330097087378,0.43416370106761565,0.5010266940451746,0.8068965517241379,0.19310344827586207,0.6606145251396648,0.6205301263958768,0.260018768977285,360,75,165,116,0.6073298429319371,0.4128113879003559,0.4915254237288136,0.8275862068965517,0.1724137931034483,0.664804469273743,0.6201987973984537,0.26541873275243316,10,4,10,5,0.5,0.4,0.4444444444444445,2.0,8.0,14.204545454545453,352,"Sampled-label overlap, no point adjustment; delays among detected events only; no original-FPS seconds.",0.2818181818181818,0.3896052631578948,,0.1885232925415039,716,281,True,0.05314009661835749,0.011650485436893204
S01,0,reference_dino_full_ema,0.671215282038696,0.49128113091866954,0.48936285946615643,0.48806548214935425,0.0,0.0035587188612099642,0.7793103448275862,353,82,155,126,0.6057692307692307,0.4483985765124555,0.5153374233128833,0.8114942528735632,0.18850574712643678,0.6689944134078212,0.6299464146930094,0.2795300884938882,363,72,164,117,0.6190476190476191,0.41637010676156583,0.4978723404255319,0.8344827586206897,0.16551724137931034,0.6703910614525139,0.6254264326911277,0.2778949437164003,10,4,10,5,0.5,0.4,0.4444444444444445,2.0,8.0,14.204545454545453,352,"Sampled-label overlap, no point adjustment; delays among detected events only; no original-FPS seconds.",0.45454545454545453,0.45300209078846854,,3.6555739742464564,716,281,True,0.05314009661835749,0.011650485436893204
S02,0,prototype64,0.5235583284408655,0.2204960928232752,0.2187549877984422,0.5183667012713653,0.0,0.07563025210084033,0.9165797705943691,925,34,229,9,0.20930232558139536,0.037815126050420166,0.06405693950177935,0.9645464025026069,0.035453597497393116,0.7802840434419381,0.5011807642765136,0.005064701460134306,934,25,235,3,0.10714285714285714,0.012605042016806723,0.022556390977443608,0.9739311783107404,0.026068821689259645,0.7827903091060986,0.49326811016377353,-0.03555318452542345,8,1,3,2,0.3333333333333333,0.125,0.18181818181818182,22.0,88.0,2.886002886002886,693,"Sampled-label overlap, no point adjustment; delays among detected events only; no original-FPS seconds.",0.20454545454545453,0.3194121533566193,,0.10848589241504669,1197,238,True,0.001763668430335097,0.010101010101010102
S02,0,prototype256,0.5878322131772418,0.2443748266704277,0.24256276235231003,0.5185765431796998,0.0,0.1092436974789916,0.9228362877997914,921,38,226,12,0.24,0.05042016806722689,0.08333333333333334,0.9603753910323254,0.03962460896767466,0.7794486215538847,0.5053977795497762,0.021536553797112352,930,29,233,5,0.14705882352941177,0.02100840336134454,0.03676470588235294,0.9697601668404588,0.03023983315954119,0.7811194653299917,0.4953842851009017,-0.02217876900022843,8,1,5,3,0.4,0.125,0.19047619047619047,22.0,88.0,4.329004329004329,693,"Sampled-label overlap, no point adjustment; delays among detected events only; no original-FPS seconds.",0.25,0.33198551749248345,,0.09976905584335327,1197,238,True,0.0,0.010101010101010102
S02,0,prototype_motion,0.5414340918849292,0.21997738904562852,0.21830592169691787,0.5075679138347617,0.0,0.029411764705882353,0.9457768508863399,911,48,231,7,0.12727272727272726,0.029411764705882353,0.0477815699658703,0.9499478623566214,0.05005213764337852,0.7669172932330827,0.4896798135312519,-0.039346030604370794,923,36,232,6,0.14285714285714285,0.025210084033613446,0.04285714285714286,0.9624608967674662,0.03753910323253389,0.7761069340016709,0.4938354904005398,-0.026743033827379324,8,1,6,5,0.16666666666666666,0.125,0.14285714285714288,9.0,36.0,7.215007215007215,693,"Sampled-label overlap, no point adjustment; delays among detected events only; no original-FPS seconds.",0.25,0.3316698609268269,,2.9965524673461914,1197,238,True,0.012345679012345678,0.010101010101010102
S02,0,prototype_motion_ema,0.5476117454280982,0.23034524548181395,0.22857454868131952,0.5203152332773293,0.0,0.058823529411764705,0.959332638164755,911,48,224,14,0.22580645161290322,0.058823529411764705,0.09333333333333334,0.9499478623566214,0.05005213764337852,0.772765246449457,0.504385695884193,0.01579692351920851,922,37,227,11,0.22916666666666666,0.046218487394957986,0.07692307692307693,0.9614181438998958,0.03858185610010428,0.7794486215538847,0.5038183156474269,0.015535275950677094,8,1,8,5,0.375,0.125,0.1875,9.0,36.0,7.215007215007215,693,"Sampled-label overlap, no point adjustment; delays among detected events only; no original-FPS seconds.",0.2727272727272727,0.3382150926558821,,2.728075554188124,1197,238,True,0.012345679012345678,0.010101010101010102
S02,0,prototype_fewshot3,0.3053929601037495,0.1364093372513492,0.13570244428495812,0.47478876298886824,0.0,0.0,0.8779979144942649,917,42,238,0,0.0,0.0,0.0,0.9562043795620438,0.043795620437956206,0.7660818713450293,0.4781021897810219,-0.09499764255098925,927,32,238,0,0.0,0.0,0.0,0.9666319082377477,0.03336809176225235,0.7744360902255639,0.48331595411887385,-0.08256409054007113,8,0,5,5,0.0,0.0,0.0,,,7.215007215007215,693,"Sampled-label overlap, no point adjustment; delays among detected events only; no original-FPS seconds.",0.0,0.27418932063378654,,0.16136203706264496,1197,238,True,0.019400352733686066,0.010101010101010102
S02,0,prototype_neural,0.6152504797539454,0.26627396545332194,0.2642925112855854,0.5337912345114765,0.0,0.15126050420168066,0.8508863399374348,924,35,208,30,0.46153846153846156,0.12605042016806722,0.19801980198019803,0.9635036496350365,0.0364963503649635,0.7969924812030075,0.5447770349015519,0.15772597386593495,932,27,210,28,0.509090909090909,0.11764705882352941,0.1911262798634812,0.9718456725755996,0.028154327424400417,0.8020050125313283,0.5447463656995645,0.17059690535446356,8,1,6,3,0.5,0.125,0.2,8.0,32.0,4.329004329004329,693,"Sampled-label overlap, no point adjustment; delays among detected events only; no original-FPS seconds.",0.3068181818181818,0.3557250132908028,,3.5681135654449463,1197,238,True,0.005291005291005291,0.010101010101010102
S02,0,prototype_neural_ema,0.6309443485423367,0.28122616670912226,0.27916092911630486,0.5422241120804834,0.0,0.1722689075630252,0.8592283628779979,925,34,202,36,0.5142857142857142,0.15126050420168066,0.23376623376623373,0.9645464025026069,0.035453597497393116,0.8028404344193818,0.5579034533521438,0.19697960648148277,934,25,204,34,0.576271186440678,0.14285714285714285,0.22895622895622897,0.9739311783107404,0.026068821689259645,0.808688387635756,0.5583941605839416,0.2153277789377877,8,1,4,2,0.5,0.125,0.2,9.0,36.0,2.886002886002886,693,"Sampled-label overlap, no point adjustment; delays among detected events only; no original-FPS seconds.",0.32954545454545453,0.36341732098311047,,3.351559008184813,1197,238,True,0.003527336860670194,0.010101010101010102
S02,0,reference_dino_global_pca,0.5769972222465629,0.2598385601775081,0.2578107355158994,0.54257000533598,0.0,0.18067226890756302,0.9635036496350365,925,34,206,32,0.48484848484848486,0.13445378151260504,0.21052631578947367,0.9645464025026069,0.035453597497393116,0.7994987468671679,0.549500092007606,0.17311333127259299,933,26,213,25,0.49019607843137253,0.10504201680672269,0.17301038062283736,0.97288842544317,0.027111574556830033,0.8003341687552213,0.5389652211249464,0.15400241314762816,8,1,5,2,0.6,0.125,0.20689655172413793,8.0,32.0,2.886002886002886,693,"Sampled-label overlap, no point adjustment; delays among detected events only; no original-FPS seconds.",0.2727272727272727,0.34583625009321606,,0.027876120060682297,1197,238,True,0.007054673721340388,0.010101010101010102
S02,0,reference_dino_frame_denoising_ae,0.6017428869357963,0.27058228059927925,0.26849532844767887,0.5439512724029296,0.0,0.18067226890756302,0.9499478623566214,925,34,204,34,0.5,0.14285714285714285,0.22222222222222224,0.9645464025026069,0.035453597497393116,0.8011695906432749,0.5537017726798749,0.18518890865428445,932,27,210,28,0.509090909090909,0.11764705882352941,0.1911262798634812,0.9718456725755996,0.028154327424400417,0.8020050125313283,0.5447463656995645,0.17059690535446356,8,1,6,3,0.5,0.125,0.2,8.0,32.0,4.329004329004329,693,"Sampled-label overlap, no point adjustment; delays among detected events only; no original-FPS seconds.",0.2840909090909091,0.3498426603496263,,0.8239970207214355,1197,238,True,0.007054673721340388,0.010101010101010102
S02,0,reference_dino_full_ema,0.6507654156553132,0.29640431319191485,0.29424374495148925,0.5494809525808018,0.0,0.18907563025210083,0.8029197080291971,927,32,197,41,0.5616438356164384,0.1722689075630252,0.26366559485530544,0.9666319082377477,0.03336809176225235,0.808688387635756,0.5694504079003865,0.23166370242225287,934,25,198,40,0.6153846153846154,0.16806722689075632,0.264026402640264,0.9739311783107404,0.026068821689259645,0.8137009189640768,0.5709992026007483,0.25009289691756126,8,1,3,2,0.3333333333333333,0.125,0.18181818181818182,9.0,36.0,2.886002886002886,693,"Sampled-label overlap, no point adjustment; delays among detected events only; no original-FPS seconds.",0.34090909090909094,0.36627679810729347,,3.269606288902764,1197,238,True,0.007054673721340388,0.010101010101010102
S03,0,prototype64,0.7445251555603731,0.4037148112630373,0.40298848304936197,0.5044527446424532,0.01287128712871287,0.054455445544554455,0.6637016763599042,2853,70,990,20,0.2222222222222222,0.019801980198019802,0.03636363636363636,0.976052001368457,0.023947998631542934,0.7304856343757946,0.49792699078323843,-0.012112948654227837,2873,50,991,19,0.2753623188405797,0.01881188118811881,0.03521779425393883,0.982894286691755,0.017105713308244955,0.7353165522501907,0.5008530839399369,0.005677455671911457,10,1,6,5,0.16666666666666666,0.1,0.125,8.0,32.0,2.683843263553409,1863,"Sampled-label overlap, no point adjustment; delays among detected events only; no original-FPS seconds.",0.47777777777777775,0.5186361299519194,,0.09206708520650864,3933,1010,True,0.0,0.010101010101010102
S03,0,prototype256,0.7801734620947556,0.44966372860478704,0.44886077059337054,0.5266356190690463,0.01485148514851485,0.07425742574257425,0.5778309955525145,2753,170,920,90,0.34615384615384615,0.0891089108910891,0.14173228346456693,0.9418405747519671,0.058159425248032845,0.7228578693109585,0.5154747428215282,0.054416598623864304,2784,139,946,64,0.31527093596059114,0.06336633663366337,0.1055234954657873,0.952446117003079,0.047553882996920975,0.7241291634884313,0.5079062268183712,0.031222805585409307,10,5,22,12,0.45454545454545453,0.5,0.47619047619047616,20.0,80.0,5.904455179817499,1863,"Sampled-label overlap, no point adjustment; delays among detected events only; no original-FPS seconds.",0.4888888888888889,0.524191685507475,,0.0706426352262497,3933,1010,True,0.00322061191626409,0.010101010101010102
S03,0,prototype_motion,0.6816567476111277,0.367588853090502,0.3668920893313809,0.5136974957556616,0.01485148514851485,0.0702970297029703,0.8039685254875129,2820,103,959,51,0.33116883116883117,0.0504950495049505,0.08762886597938145,0.9647622305850154,0.035237769414984604,0.7299771167048055,0.507628640044983,0.034363976010737825,2854,69,975,35,0.33653846153846156,0.034653465346534656,0.06283662477558348,0.976394115634622,0.023605884365378037,0.7345537757437071,0.5055237904905783,0.03008035348262735,10,3,15,9,0.4,0.3,0.34285714285714286,15.0,60.0,4.830917874396135,1863,"Sampled-label overlap, no point adjustment; delays among detected events only; no original-FPS seconds.",0.4,0.4943776106934002,,2.492158889770508,3933,1010,True,0.0021470746108427268,0.010101010101010102
S03,0,prototype_motion_ema,0.6893775213990779,0.37787975980718047,0.3771427099512764,0.5131954666918157,0.013861386138613862,0.06336633663366337,0.7813889839206295,2802,121,960,50,0.29239766081871343,0.04950495049504951,0.0846740050804403,0.9586041737940472,0.041395826205952786,0.7251461988304093,0.5040545621445484,0.01737167119921012,2813,110,970,40,0.26666666666666666,0.039603960396039604,0.06896551724137932,0.9623674307218612,0.0376325692781389,0.7254004576659039,0.5009856955589503,0.004496598278813983,10,4,15,8,0.4666666666666667,0.4,0.4307692307692308,47.5,190.0,4.294149221685454,1863,"Sampled-label overlap, no point adjustment; delays among detected events only; no original-FPS seconds.",0.4777777777777778,0.5255455603907616,,2.3702201736352335,3933,1010,True,0.0,0.010101010101010102
S03,0,prototype_fewshot3,0.43060787946738566,0.21094873999457903,0.21073810906574214,0.47368421052631576,0.0,0.0,0.7612042422169004,2863,60,1010,0,0.0,0.0,0.0,0.9794731440301061,0.020526855969893943,0.7279430460208492,0.48973657201505305,-0.0731641204268843,2904,19,1010,0,0.0,0.0,0.0,0.9934998289428669,0.006500171057133082,0.738367658276125,0.49674991447143346,-0.04095554118220064,10,0,5,5,0.0,0.0,0.0,,,2.683843263553409,1863,"Sampled-label overlap, no point adjustment; delays among detected events only; no original-FPS seconds.",0.044444444444444446,0.3597724038087815,,0.20601655542850494,3933,1010,True,0.013419216317767043,0.010101010101010102
S03,0,prototype_neural,0.8247995582999968,0.4988057867120235,0.49798382504791827,0.5368304102679206,0.01782178217821782,0.07425742574257425,0.4546698597331509,2759,164,921,89,0.35177865612648224,0.08811881188118811,0.14093428345209816,0.9438932603489566,0.05610673965104345,0.7241291634884313,0.5160060361150723,0.057003918801576875,2784,139,944,66,0.32195121951219513,0.06534653465346535,0.10864197530864197,0.952446117003079,0.047553882996920975,0.7246376811594203,0.5088963258282722,0.03497042323408525,10,4,25,14,0.44,0.4,0.41904761904761906,16.5,66.0,6.4412238325281805,1863,"Sampled-label overlap, no point adjustment; delays among detected events only; no original-FPS seconds.",0.5444444444444445,0.5527758790916686,,3.299861431121826,3933,1010,True,0.004830917874396135,0.010101010101010102
S03,0,prototype_neural_ema,0.8276357194392034,0.4991018073929799,0.49830084705662553,0.5319998067473348,0.01881188118811881,0.06633663366336634,0.42216900444748545,2746,177,917,93,0.34444444444444444,0.09207920792079208,0.1453125,0.9394457748888129,0.06055422511118714,0.7218408339689805,0.5157624914048025,0.054466517939300206,2761,162,928,82,0.3360655737704918,0.08118811881188119,0.13078149920255183,0.9445774888812863,0.05542251111871365,0.7228578693109585,0.5128828038465838,0.046662310983890586,10,4,19,11,0.42105263157894735,0.4,0.41025641025641024,17.0,68.0,4.294149221685454,1863,"Sampled-label overlap, no point adjustment; delays among detected events only; no original-FPS seconds.",0.5444444444444445,0.5527758790916686,,3.2318584470306564,3933,1010,True,0.005904455179817499,0.010101010101010102
S03,0,reference_dino_global_pca,0.827414530710683,0.4868425414491976,0.48582021542395215,0.5156064897953144,0.015841584158415842,0.03861386138613861,0.3568251796099897,2776,147,971,39,0.20967741935483872,0.03861386138613861,0.06521739130434782,0.9497092028737598,0.05029079712624016,0.7157386219171116,0.49416153212994923,-0.02403287159875496,2798,125,984,26,0.17218543046357615,0.02574257425742574,0.044788975021533166,0.9572357167293876,0.04276428327061239,0.7180269514365624,0.49148914549340667,-0.038701608969721704,10,3,7,4,0.42857142857142855,0.3,0.3529411764705882,22.0,88.0,2.147074610842727,1863,"Sampled-label overlap, no point adjustment; delays among detected events only; no original-FPS seconds.",0.5666666666666667,0.6077209340367234,,0.014585241675376892,3933,1010,True,0.001610305958132045,0.010101010101010102
S03,0,reference_dino_frame_denoising_ae,0.8527130338760869,0.5349724792324859,0.5340991560400572,0.5406048986698191,0.015841584158415842,0.08316831683168317,0.4125898049948683,2765,158,911,99,0.3852140077821012,0.09801980198019802,0.15627466456195738,0.9459459459459459,0.05405405405405406,0.7281973048563437,0.521982873963072,0.0777204393771568,2793,130,926,84,0.3925233644859813,0.08316831683168317,0.1372549019607843,0.9555251453985631,0.04447485460143688,0.7315026697177727,0.5193467311151232,0.07452340850442218,10,4,20,12,0.4,0.4,0.4000000000000001,19.0,76.0,4.294149221685454,1863,"Sampled-label overlap, no point adjustment; delays among detected events only; no original-FPS seconds.",0.5555555555555556,0.5577209340367235,,0.3992694914340973,3933,1010,True,0.007514761137949544,0.010101010101010102
S03,0,reference_dino_full_ema,0.853135426440352,0.5345344144265953,0.5336844155849214,0.5389134030172018,0.01881188118811881,0.08613861386138613,0.3667464933287718,2774,149,923,87,0.3686440677966102,0.08613861386138613,0.13964686998394865,0.9490249743414301,0.05097502565856996,0.7274345283498601,0.5175817941014081,0.06468261260364105,2795,128,932,78,0.3786407766990291,0.07722772277227723,0.1282894736842105,0.9562093739308929,0.04379062606910708,0.7304856343757946,0.516718548351585,0.06556776032659689,10,4,16,10,0.375,0.4,0.38709677419354843,17.5,70.0,3.757380568974772,1863,"Sampled-label overlap, no point adjustment; delays among detected events only; no original-FPS seconds.",0.5555555555555556,0.5577209340367235,,3.4905566608239376,3933,1010,True,0.005367686527106817,0.010101010101010102
S04,0,prototype64,0.47654826092096403,0.3100375315968015,0.3097849563798708,0.47368421052631576,0.0,0.0,0.8404854789770264,2017,290,1265,0,0.0,0.0,0.0,0.8742956220199393,0.12570437798006068,0.5646696528555432,0.43714781100996963,-0.22011577900829102,2038,269,1265,0,0.0,0.0,0.0,0.8833983528391851,0.1166016471608149,0.5705487122060471,0.44169917641959255,-0.211321321871062,12,0,10,10,0.0,0.0,0.0,,,5.91016548463357,1692,"Sampled-label overlap, no point adjustment; delays among detected events only; no original-FPS seconds.",0.15555555555555556,0.38670880074517844,,0.08326409757137299,3572,1265,True,0.01182033096926714,0.010154738878143133
S04,0,prototype256,0.5627027897565581,0.35322000386882,0.3529511725160228,0.47368421052631576,0.0,0.0,0.8279150411790204,2018,289,1265,0,0.0,0.0,0.0,0.8747290853922843,0.12527091460771564,0.56494960806271,0.43736454269614217,-0.21970247304300514,2037,270,1265,0,0.0,0.0,0.0,0.88296488946684,0.11703511053315994,0.5702687569988801,0.44148244473342,-0.21174580404657062,12,0,9,9,0.0,0.0,0.0,,,5.319148936170213,1692,"Sampled-label overlap, no point adjustment; delays among detected events only; no original-FPS seconds.",0.39999999999999997,0.4685170823328718,,0.08108092844486237,3572,1265,True,0.01004728132387707,0.010154738878143133
S04,0,prototype_motion,0.4231185034034584,0.28913843853399146,0.2889110111586921,0.47368421052631576,0.0,0.0,0.9102730819245773,1987,320,1265,0,0.0,0.0,0.0,0.8612917208495882,0.13870827915041178,0.5562709966405375,0.4306458604247941,-0.23228501092253842,2016,291,1265,0,0.0,0.0,0.0,0.8738621586475943,0.12613784135240572,0.5643896976483762,0.43693107932379716,-0.22052856160375556,12,0,12,12,0.0,0.0,0.0,,,7.092198581560283,1692,"Sampled-label overlap, no point adjustment; delays among detected events only; no original-FPS seconds.",0.0,0.35310573714211485,,3.2110114097595215,3572,1265,True,0.01182033096926714,0.010154738878143133
S04,0,prototype_motion_ema,0.4074785281434232,0.2833980929635418,0.2831723937384386,0.47368421052631576,0.0,0.0,0.9029042045947118,1977,330,1265,0,0.0,0.0,0.0,0.8569570871261378,0.14304291287386217,0.553471444568869,0.4284785435630689,-0.23625006146863645,1994,313,1265,0,0.0,0.0,0.0,0.8643259644560035,0.13567403554399654,0.5582306830907054,0.43216298222800176,-0.22948349422532385,12,0,11,11,0.0,0.0,0.0,,,6.501182033096927,1692,"Sampled-label overlap, no point adjustment; delays among detected events only; no original-FPS seconds.",0.0,0.35310573714211485,,3.0795287743922826,3572,1265,True,0.012411347517730497,0.010154738878143133
S04,0,prototype_fewshot3,0.30668630101546934,0.26030712595892525,0.2601278550293666,0.47368421052631576,0.0,0.0,0.7594278283485045,2266,41,1265,0,0.0,0.0,0.0,0.9822280017338535,0.017771998266146512,0.6343784994400896,0.49111400086692675,-0.07979295248759756,2288,19,1265,0,0.0,0.0,0.0,0.9917641959254443,0.0082358040745557,0.6405375139977604,0.49588209796272215,-0.05415027446548183,12,0,5,5,0.0,0.0,0.0,,,2.955082742316785,1692,"Sampled-label overlap, no point adjustment; delays among detected events only; no original-FPS seconds.",0.0,0.35310573714211485,,0.2910270392894745,3572,1265,True,0.0076832151300236405,0.010154738878143133
S04,0,prototype_neural,0.5823376525474111,0.3635659405724425,0.363295892117428,0.47368421052631576,0.0,0.0,0.7455570004334634,2000,307,1265,0,0.0,0.0,0.0,0.8669267446900737,0.1330732553099263,0.5599104143337066,0.43346337234503685,-0.22706440584187487,2021,286,1265,0,0.0,0.0,0.0,0.8760294755093194,0.12397052449068054,0.5657894736842105,0.4380147377546597,-0.2184593828889452,12,0,10,10,0.0,0.0,0.0,,,5.91016548463357,1692,"Sampled-label overlap, no point adjustment; delays among detected events only; no original-FPS seconds.",0.39999999999999997,0.4685170823328718,,4.322901725769043,3572,1265,True,0.013002364066193853,0.010154738878143133
S04,0,prototype_neural_ema,0.5867325942183181,0.36735682604932896,0.3670860869807965,0.47368421052631576,0.0,0.0,0.7342869527524925,1997,310,1265,0,0.0,0.0,0.0,0.8656263545730386,0.13437364542696142,0.5590705487122061,0.4328131772865193,-0.22827604210578198,2012,295,1265,0,0.0,0.0,0.0,0.8721283051582142,0.12787169484178587,0.5632698768197089,0.4360641525791071,-0.22217452114052527,12,0,10,10,0.0,0.0,0.0,,,5.91016548463357,1692,"Sampled-label overlap, no point adjustment; delays among detected events only; no original-FPS seconds.",0.39999999999999997,0.4685170823328718,,4.235229280663051,3572,1265,True,0.013002364066193853,0.010154738878143133
S04,0,reference_dino_global_pca,0.5398135250851935,0.3434261646192813,0.34316163035770714,0.47368421052631576,0.0,0.0,0.8885999133073256,2071,236,1265,0,0.0,0.0,0.0,0.8977026441265713,0.1022973558734287,0.5797872340425532,0.44885132206328565,-0.19695383698431446,2085,222,1265,0,0.0,0.0,0.0,0.9037711313394018,0.09622886866059818,0.5837066069428891,0.4518855656697009,-0.19062310932218768,12,0,10,10,0.0,0.0,0.0,,,5.91016548463357,1692,"Sampled-label overlap, no point adjustment; delays among detected events only; no original-FPS seconds.",0.3333333333333333,0.4460262398420293,,0.033132292330265045,3572,1265,True,0.014775413711583925,0.010154738878143133
S04,0,reference_dino_frame_denoising_ae,0.601035514870535,0.378253786052708,0.37798400478562566,0.47368421052631576,0.0,0.0,0.7984395318595578,2025,282,1265,0,0.0,0.0,0.0,0.8777633289986996,0.1222366710013004,0.566909294512878,0.4388816644993498,-0.21679440543976977,2048,259,1265,0,0.0,0.0,0.0,0.8877329865626354,0.11226701343736455,0.5733482642777156,0.4438664932813177,-0.20704303706374425,12,0,9,9,0.0,0.0,0.0,,,5.319148936170213,1692,"Sampled-label overlap, no point adjustment; delays among detected events only; no original-FPS seconds.",0.39999999999999997,0.4685170823328718,,0.8134485483169556,3572,1265,True,0.014184397163120567,0.010154738878143133
S04,0,reference_dino_full_ema,0.6032696501967718,0.37725483242042435,0.37698370980020685,0.47368421052631576,0.0,0.0,0.7459904638058084,1976,331,1265,0,0.0,0.0,0.0,0.8565236237537928,0.14347637624620718,0.5531914893617021,0.4282618118768964,-0.23664424479915067,1993,314,1265,0,0.0,0.0,0.0,0.8638925010836584,0.13610749891634158,0.5579507278835386,0.4319462505418292,-0.22988506091210523,12,0,9,9,0.0,0.0,0.0,,,5.319148936170213,1692,"Sampled-label overlap, no point adjustment; delays among detected events only; no original-FPS seconds.",0.39999999999999997,0.4685170823328718,,3.764404495579201,3572,1265,True,0.018912529550827423,0.010154738878143133
S05,0,prototype64,0.2721576433121019,0.025568371997450032,0.024254617350856596,0.47368421052631576,0.0,0.0,0.9657643312101911,1243,13,50,0,0.0,0.0,0.0,0.9896496815286624,0.010350318471337579,0.9517611026033691,0.4948248407643312,-0.020006107411781902,1246,10,50,0,0.0,0.0,0.0,0.9920382165605095,0.007961783439490446,0.9540581929555896,0.49601910828025475,-0.017526196705731554,4,0,1,1,0.0,0.0,0.0,,,1.2738853503184713,785,"Sampled-label overlap, no point adjustment; delays among detected events only; no original-FPS seconds.",0.4,0.38333333333333336,,0.01285279169678688,1306,50,True,0.0,0.010350318471337579
S05,0,prototype256,0.5033200636942675,0.03650537247137464,0.03479416493476488,0.47368421052631576,0.0,0.0,0.6393312101910829,1232,24,50,0,0.0,0.0,0.0,0.9808917197452229,0.01910828025477707,0.9433384379785605,0.49044585987261147,-0.027299317574728997,1250,6,50,0,0.0,0.0,0.0,0.9952229299363057,0.004777070063694267,0.9571209800918836,0.49761146496815284,-0.013554831758020497,4,0,3,3,0.0,0.0,0.0,,,3.821656050955414,785,"Sampled-label overlap, no point adjustment; delays among detected events only; no original-FPS seconds.",0.4666666666666667,0.41111111111111115,,0.00571042113006115,1306,50,True,0.014558689717925387,0.010350318471337579
S05,0,prototype_motion,0.3811624203821656,0.029619094344884467,0.028461014149911888,0.47368421052631576,0.0,0.0,0.7523885350318471,1229,27,50,0,0.0,0.0,0.0,0.9785031847133758,0.021496815286624203,0.94104134762634,0.4892515923566879,-0.02898923749943148,1250,6,50,0,0.0,0.0,0.0,0.9952229299363057,0.004777070063694267,0.9571209800918836,0.49761146496815284,-0.013554831758020497,4,0,3,3,0.0,0.0,0.0,,,2.5477707006369426,785,"Sampled-label overlap, no point adjustment; delays among detected events only; no original-FPS seconds.",0.6,0.6333333333333333,,2.729081630706787,1306,50,True,0.01364877161055505,0.010350318471337579
S05,0,prototype_motion_ema,0.37453821656050956,0.02877116839341292,0.028109639995395543,0.47368421052631576,0.0,0.0,0.7555732484076433,1236,20,50,0,0.0,0.0,0.0,0.9840764331210191,0.01592356687898089,0.9464012251148545,0.49203821656050956,-0.02488196621196021,1246,10,50,0,0.0,0.0,0.0,0.9920382165605095,0.007961783439490446,0.9540581929555896,0.49601910828025475,-0.017526196705731554,4,0,3,3,0.0,0.0,0.0,,,2.5477707006369426,785,"Sampled-label overlap, no point adjustment; delays among detected events only; no original-FPS seconds.",0.6,0.6333333333333333,,2.443126966623286,1306,50,True,0.01364877161055505,0.010350318471337579
S05,0,prototype_fewshot3,0.3425875796178344,0.028032864580553853,0.026764146833019496,0.47368421052631576,0.0,0.0,0.8837579617834395,1243,13,50,0,0.0,0.0,0.0,0.9896496815286624,0.010350318471337579,0.9517611026033691,0.4948248407643312,-0.020006107411781902,1249,7,50,0,0.0,0.0,0.0,0.9944267515923567,0.005573248407643312,0.9563552833078101,0.49721337579617836,-0.014646526002017136,4,0,1,1,0.0,0.0,0.0,,,1.2738853503184713,785,"Sampled-label overlap, no point adjustment; delays among detected events only; no original-FPS seconds.",0.4,0.38333333333333336,,0.034397806972265244,1306,50,True,0.0,0.010350318471337579
S05,0,prototype_neural,0.8099681528662421,0.10195087992272106,0.09855515627098747,0.5525310090512907,0.0,0.08,0.3718152866242038,1221,35,48,2,0.05405405405405406,0.04,0.045977011494252866,0.9721337579617835,0.02786624203821656,0.9364471669218989,0.5060668789808918,0.01403277223913426,1246,10,50,0,0.0,0.0,0.0,0.9920382165605095,0.007961783439490446,0.9540581929555896,0.49601910828025475,-0.017526196705731554,4,0,3,3,0.0,0.0,0.0,,,1.2738853503184713,785,"Sampled-label overlap, no point adjustment; delays among detected events only; no original-FPS seconds.",0.8666666666666667,0.8055555555555556,,3.0660364627838135,1306,50,True,0.010009099181073703,0.010350318471337579
S05,0,prototype_neural_ema,0.7976910828025477,0.09967739692996305,0.09592593217720431,0.5576768354006034,0.0,0.12,0.42436305732484075,1227,29,48,2,0.06451612903225806,0.04,0.04938271604938271,0.9769108280254777,0.02308917197452229,0.94104134762634,0.5084554140127389,0.021316149406126254,1240,16,50,0,0.0,0.0,0.0,0.9872611464968153,0.012738853503184714,0.9494640122511485,0.49363057324840764,-0.022220576314563614,4,0,4,4,0.0,0.0,0.0,,,1.2738853503184713,785,"Sampled-label overlap, no point adjustment; delays among detected events only; no original-FPS seconds.",0.8666666666666667,0.8055555555555556,,2.8239257445022043,1306,50,True,0.011828935395814377,0.010350318471337579
S05,0,reference_dino_global_pca,0.47141719745222926,0.04237390209036513,0.03936872938847841,0.5033188065705665,0.0,0.0,0.9267515923566879,1237,19,50,0,0.0,0.0,0.0,0.9848726114649682,0.015127388535031847,0.947166921898928,0.4924363057324841,-0.024242517036925426,1253,3,50,0,0.0,0.0,0.0,0.9976114649681529,0.0023885350318471337,0.9594180704441041,0.49880573248407645,-0.009573673273518712,4,0,1,1,0.0,0.0,0.0,,,1.2738853503184713,785,"Sampled-label overlap, no point adjustment; delays among detected events only; no original-FPS seconds.",0.6,0.4777777777777778,,0.0015945655759423971,1306,50,True,0.004549590536851683,0.010350318471337579
S05,0,reference_dino_frame_denoising_ae,0.5679299363057325,0.0468393649840389,0.043716237210370504,0.5066711364398256,0.0,0.12,0.6648089171974523,1217,39,50,0,0.0,0.0,0.0,0.9689490445859873,0.03105095541401274,0.9318529862174579,0.48447452229299365,-0.03500533019172366,1239,17,50,0,0.0,0.0,0.0,0.9864649681528662,0.013535031847133758,0.9486983154670751,0.4932324840764331,-0.022913328658717643,4,0,3,3,0.0,0.0,0.0,,,2.5477707006369426,785,"Sampled-label overlap, no point adjustment; delays among detected events only; no original-FPS seconds.",0.9333333333333333,0.9166666666666666,,0.044335585087537766,1306,50,True,0.01364877161055505,0.010350318471337579
S05,0,reference_dino_full_ema,0.8485987261146497,0.18216230050466847,0.17518357833397627,0.6620851491786792,0.06,0.44,0.3734076433121019,1186,70,27,23,0.24731182795698925,0.46,0.3216783216783217,0.9442675159235668,0.05573248407643312,0.9257274119448698,0.7021337579617835,0.3016315689170335,1203,53,30,20,0.273972602739726,0.4,0.3252032520325203,0.9578025477707006,0.04219745222929936,0.9364471669218989,0.6789012738853504,0.2988685951769327,4,2,8,6,0.25,0.5,0.3333333333333333,2.5,10.0,1.2738853503184713,785,"Sampled-label overlap, no point adjustment; delays among detected events only; no original-FPS seconds.",0.9333333333333333,0.9166666666666666,,2.438680775017209,1306,50,True,0.012738853503184714,0.010350318471337579
S06,0,prototype64,0.46622107293127635,0.16583307240916761,0.16544524297158197,0.4737409928965255,0.0,0.0,0.944758064516129,2367,113,598,0,0.0,0.0,0.0,0.9544354838709678,0.045564516129032256,0.7690058479532164,0.4772177419354839,-0.09586313431728412,2373,107,598,0,0.0,0.0,0.0,0.9568548387096775,0.04314516129032258,0.7709551656920078,0.47842741935483873,-0.09318914229064461,9,0,3,3,0.0,0.0,0.0,,,1.8879798615481436,1589,"Sampled-label overlap, no point adjustment; delays among detected events only; no original-FPS seconds.",0.18888888888888888,0.35222936678045036,,0.030754702165722847,3078,598,True,0.02945859872611465,0.01019108280254777
S06,0,prototype256,0.5415433838601791,0.18964523311979584,0.18922903277170305,0.473691308322592,0.0,0.0,0.8379032258064516,2359,121,598,0,0.0,0.0,0.0,0.9512096774193548,0.04879032258064516,0.7664067576348278,0.4756048387096774,-0.09933259344309134,2367,113,598,0,0.0,0.0,0.0,0.9544354838709678,0.045564516129032256,0.7690058479532164,0.4772177419354839,-0.09586313431728412,9,0,3,3,0.0,0.0,0.0,,,1.8879798615481436,1589,"Sampled-label overlap, no point adjustment; delays among detected events only; no original-FPS seconds.",0.2222222222222222,0.3618789673614235,,0.02761192061007023,3078,598,True,0.03105095541401274,0.01019108280254777
S06,0,prototype_motion,0.40388256554105084,0.15254940858611926,0.15214423631909912,0.47665108936977246,0.0,0.0,0.9766129032258064,2368,112,598,0,0.0,0.0,0.0,0.9548387096774194,0.04516129032258064,0.7693307342430149,0.4774193548387097,-0.09542192851385106,2377,103,598,0,0.0,0.0,0.0,0.9584677419354839,0.04153225806451613,0.7722547108512021,0.47923387096774195,-0.09136921189076609,9,0,3,3,0.0,0.0,0.0,,,1.8879798615481436,1589,"Sampled-label overlap, no point adjustment; delays among detected events only; no original-FPS seconds.",0.17777777777777776,0.34888393769972714,,3.975628137588501,3078,598,True,0.03184713375796178,0.01019108280254777
S06,0,prototype_motion_ema,0.4012164203258172,0.15222909784976757,0.15184997769102954,0.4760726189732612,0.0,0.0,0.9798387096774194,2372,108,598,0,0.0,0.0,0.0,0.9564516129032258,0.043548387096774194,0.7706302794022092,0.4782258064516129,-0.09363935308270664,2378,102,598,0,0.0,0.0,0.0,0.9588709677419355,0.04112903225806452,0.7725795971410007,0.47943548387096774,-0.09090931262389007,9,0,3,3,0.0,0.0,0.0,,,1.8879798615481436,1589,"Sampled-label overlap, no point adjustment; delays among detected events only; no original-FPS seconds.",0.17777777777777778,0.34866996322104676,,3.851881379741775,3078,598,True,0.03105095541401274,0.01019108280254777
S06,0,prototype_fewshot3,0.41729656651202934,0.15986420670067805,0.15956796177559826,0.47368421052631576,0.0,0.0,0.9100806451612903,1735,745,598,0,0.0,0.0,0.0,0.6995967741935484,0.3004032258064516,0.5636777128005198,0.3497983870967742,-0.277488838167304,1748,732,598,0,0.0,0.0,0.0,0.7048387096774194,0.29516129032258065,0.5679012345679012,0.3524193548387097,-0.27429398763161744,9,0,14,14,0.0,0.0,0.0,,,8.81057268722467,1589,"Sampled-label overlap, no point adjustment; delays among detected events only; no original-FPS seconds.",0.1444444444444444,0.34261772751194836,,0.10527687519788742,3078,598,True,0.2714968152866242,0.01019108280254777
S06,0,prototype_neural,0.5708140036681411,0.20098507617017813,0.20058495192284503,0.4737729329797684,0.0,0.0,0.8528225806451613,2338,142,598,0,0.0,0.0,0.0,0.942741935483871,0.05725806451612903,0.7595841455490578,0.4713709677419355,-0.10799182937329752,2349,131,598,0,0.0,0.0,0.0,0.9471774193548387,0.05282258064516129,0.7631578947368421,0.47358870967741934,-0.10353098155515325,9,0,4,4,0.0,0.0,0.0,,,2.5173064820641913,1589,"Sampled-label overlap, no point adjustment; delays among detected events only; no original-FPS seconds.",0.28888888888888886,0.38508806581562,,3.7160632610321045,3078,598,True,0.044585987261146494,0.01019108280254777
S06,0,prototype_neural_ema,0.5715395404034955,0.2018855360135787,0.20148630969600217,0.473691308322592,0.0,0.0,0.8935483870967742,2337,143,598,0,0.0,0.0,0.0,0.9423387096774194,0.05766129032258065,0.7592592592592593,0.4711693548387097,-0.10838987551948229,2349,131,598,0,0.0,0.0,0.0,0.9471774193548387,0.05282258064516129,0.7631578947368421,0.47358870967741934,-0.10353098155515325,9,0,4,4,0.0,0.0,0.0,,,2.5173064820641913,1589,"Sampled-label overlap, no point adjustment; delays among detected events only; no original-FPS seconds.",0.3222222222222222,0.3972323972323972,,3.4251552768592406,3078,598,True,0.04378980891719745,0.01019108280254777
S06,0,reference_dino_global_pca,0.5237441336713777,0.18510489530815927,0.1846656992880597,0.47376583518349225,0.0,0.0,0.9141129032258064,2324,156,598,0,0.0,0.0,0.0,0.9370967741935484,0.06290322580645161,0.7550357374918778,0.4685483870967742,-0.11346108830774894,2335,145,598,0,0.0,0.0,0.0,0.9415322580645161,0.05846774193548387,0.7586094866796621,0.47076612903225806,-0.10918242128396417,9,0,4,4,0.0,0.0,0.0,,,2.5173064820641913,1589,"Sampled-label overlap, no point adjustment; delays among detected events only; no original-FPS seconds.",0.29999999999999993,0.38835603967182913,,0.0064484174363315105,3078,598,True,0.05334394904458599,0.01019108280254777
S06,0,reference_dino_frame_denoising_ae,0.5982191984032796,0.22008629637817728,0.21960851755163854,0.47396457347922616,0.0,0.0,0.9641129032258065,2316,164,598,0,0.0,0.0,0.0,0.9338709677419355,0.06612903225806452,0.7524366471734892,0.4669354838709677,-0.11649355585336561,2330,150,598,0,0.0,0.0,0.0,0.9395161290322581,0.06048387096774194,0.7569850552306693,0.46975806451612906,-0.11114369858220481,9,0,5,5,0.0,0.0,0.0,,,3.1466331025802394,1589,"Sampled-label overlap, no point adjustment; delays among detected events only; no original-FPS seconds.",0.2666666666666666,0.381572599800154,,0.26383355259895325,3078,598,True,0.0517515923566879,0.01019108280254777
S06,0,reference_dino_full_ema,0.5987154763189124,0.21422328133163596,0.21380092543628026,0.4739290844978451,0.0,0.0,0.8875,2319,161,598,0,0.0,0.0,0.0,0.9350806451612903,0.06491935483870968,0.753411306042885,0.46754032258064515,-0.1153637793016114,2330,150,598,0,0.0,0.0,0.0,0.9395161290322581,0.06048387096774194,0.7569850552306693,0.46975806451612906,-0.11114369858220481,9,0,5,5,0.0,0.0,0.0,,,3.1466331025802394,1589,"Sampled-label overlap, no point adjustment; delays among detected events only; no original-FPS seconds.",0.29999999999999993,0.3907236826354473,,3.1486125655045947,3078,598,True,0.054140127388535034,0.01019108280254777
S07,0,prototype64,0.46220899427397927,0.14278163290350687,0.14232840022360976,0.47368421052631576,0.0,0.0,0.9362975630611372,2252,87,468,0,0.0,0.0,0.0,0.9628046173578453,0.037195382642154766,0.8022800142500891,0.48140230867892264,-0.07999871110296373,2258,81,468,0,0.0,0.0,0.0,0.9653698161607525,0.03463018383924754,0.8044175276095475,0.48268490808037623,-0.07710586246644285,11,0,3,3,0.0,0.0,0.0,,,2.314814814814815,1296,"Sampled-label overlap, no point adjustment; delays among detected events only; no original-FPS seconds.",0.08888888888888892,0.36965085868723635,,0.07342294603586197,2807,468,True,0.015432098765432098,0.010101010101010102
S07,0,prototype256,0.5498007585972529,0.1704802016006613,0.16996806166297915,0.47368421052631576,0.0,0.0,0.8922616502778965,2246,93,468,0,0.0,0.0,0.0,0.960239418554938,0.03976058144506199,0.8001425008906305,0.480119709277469,-0.08280267519834925,2250,89,468,0,0.0,0.0,0.0,0.9619495510902095,0.03805044890979051,0.8015675097969363,0.48097477554510476,-0.08094277561873321,11,0,2,2,0.0,0.0,0.0,,,1.5432098765432098,1296,"Sampled-label overlap, no point adjustment; delays among detected events only; no original-FPS seconds.",0.13333333333333336,0.380504033290411,,0.06238264963030815,2807,468,True,0.013888888888888888,0.010101010101010102
S07,0,prototype_motion,0.4787914332591545,0.14678417049379996,0.14634017051335224,0.47417847960139986,0.0,0.0,0.9803334758443779,2250,89,468,0,0.0,0.0,0.0,0.9619495510902095,0.03805044890979051,0.8015675097969363,0.48097477554510476,-0.08094277561873321,2255,84,468,0,0.0,0.0,0.0,0.9640872167592989,0.03591278324070116,0.8033487709298183,0.48204360837964944,-0.07856400923022511,11,0,2,2,0.0,0.0,0.0,,,1.5432098765432098,1296,"Sampled-label overlap, no point adjustment; delays among detected events only; no original-FPS seconds.",0.08888888888888893,0.3723340986498881,,3.5617151260375977,2807,468,True,0.013888888888888888,0.010101010101010102
S07,0,prototype_motion_ema,0.4810999294753036,0.14731660942170988,0.14692646686128835,0.47368421052631576,0.0,0.0,0.9850363403163745,2251,88,468,0,0.0,0.0,0.0,0.9623770842240273,0.03762291577597264,0.8019237620235127,0.4811885421120137,-0.08047195419049831,2255,84,468,0,0.0,0.0,0.0,0.9640872167592989,0.03591278324070116,0.8033487709298183,0.48204360837964944,-0.07856400923022511,11,0,2,2,0.0,0.0,0.0,,,1.5432098765432098,1296,"Sampled-label overlap, no point adjustment; delays among detected events only; no original-FPS seconds.",0.08888888888888893,0.3723340986498881,,3.338656303992159,2807,468,True,0.011574074074074073,0.010101010101010102
S07,0,prototype_fewshot3,0.43437366395895677,0.1372789594847397,0.13688779543855278,0.47368421052631576,0.0,0.0,0.917058572039333,2298,41,468,0,0.0,0.0,0.0,0.9824711415134673,0.017528858486532708,0.8186676166726042,0.49123557075673363,-0.05445950080248894,2307,32,468,0,0.0,0.0,0.0,0.9863189397178281,0.013681060282171868,0.821873886711792,0.49315946985891407,-0.04803428284745163,11,0,4,4,0.0,0.0,0.0,,,3.0864197530864197,1296,"Sampled-label overlap, no point adjustment; delays among detected events only; no original-FPS seconds.",0.08888888888888893,0.3723340986498881,,0.10953740030527115,2807,468,True,0.007716049382716049,0.010101010101010102
S07,0,prototype_neural,0.6042376938058854,0.1876838154483114,0.18720360807884592,0.47372700230421705,0.0,0.0,0.7909362975630612,2245,94,468,0,0.0,0.0,0.0,0.9598118854211202,0.040188114578879865,0.7997862486640541,0.4799059427105601,-0.08326200131866014,2248,91,468,0,0.0,0.0,0.0,0.9610944848225738,0.03890551517742625,0.8008550053437834,0.4805472424112869,-0.08187732189432821,11,0,2,2,0.0,0.0,0.0,,,1.5432098765432098,1296,"Sampled-label overlap, no point adjustment; delays among detected events only; no original-FPS seconds.",0.18888888888888894,0.39749749734269857,,4.362619876861572,2807,468,True,0.011574074074074073,0.010101010101010102
S07,0,prototype_neural_ema,0.6073912074339608,0.189437301338577,0.188954753669701,0.47368421052631576,0.0,0.0,0.7695596408721675,2246,93,468,0,0.0,0.0,0.0,0.960239418554938,0.03976058144506199,0.8001425008906305,0.480119709277469,-0.08280267519834925,2250,89,468,0,0.0,0.0,0.0,0.9619495510902095,0.03805044890979051,0.8015675097969363,0.48097477554510476,-0.08094277561873321,11,0,2,2,0.0,0.0,0.0,,,1.5432098765432098,1296,"Sampled-label overlap, no point adjustment; delays among detected events only; no original-FPS seconds.",0.18888888888888894,0.39749749734269857,,4.176078347677026,2807,468,True,0.013888888888888888,0.010101010101010102
S07,0,reference_dino_global_pca,0.5177385141579242,0.15976032338395918,0.15922720303859403,0.47404770023522974,0.0,0.0,0.9217614365113296,2247,92,468,0,0.0,0.0,0.0,0.9606669516887559,0.03933304831124412,0.800498753117207,0.48033347584437797,-0.08234112803671141,2251,88,468,0,0.0,0.0,0.0,0.9623770842240273,0.03762291577597264,0.8019237620235127,0.4811885421120137,-0.08047195419049831,11,0,2,2,0.0,0.0,0.0,,,1.5432098765432098,1296,"Sampled-label overlap, no point adjustment; delays among detected events only; no original-FPS seconds.",0.16666666666666669,0.39369847773485545,,0.026170337572693825,2807,468,True,0.011574074074074073,0.010101010101010102
S07,0,reference_dino_frame_denoising_ae,0.546429367506751,0.17326931607185947,0.17271776745712947,0.4739856761975976,0.0,0.0,0.9093629756306114,2252,87,468,0,0.0,0.0,0.0,0.9628046173578453,0.037195382642154766,0.8022800142500891,0.48140230867892264,-0.07999871110296373,2255,84,468,0,0.0,0.0,0.0,0.9640872167592989,0.03591278324070116,0.8033487709298183,0.48204360837964944,-0.07856400923022511,11,0,2,2,0.0,0.0,0.0,,,1.5432098765432098,1296,"Sampled-label overlap, no point adjustment; delays among detected events only; no original-FPS seconds.",0.30000000000000004,0.4430435770799548,,1.2154346704483032,2807,468,True,0.010030864197530864,0.010101010101010102
S07,0,reference_dino_full_ema,0.6168983384673851,0.18906586732207495,0.18857066581238,0.4737173861743516,0.0,0.0,0.7174005985463874,2246,93,468,0,0.0,0.0,0.0,0.960239418554938,0.03976058144506199,0.8001425008906305,0.480119709277469,-0.08280267519834925,2250,89,468,0,0.0,0.0,0.0,0.9619495510902095,0.03805044890979051,0.8015675097969363,0.48097477554510476,-0.08094277561873321,11,0,2,2,0.0,0.0,0.0,,,1.5432098765432098,1296,"Sampled-label overlap, no point adjustment; delays among detected events only; no original-FPS seconds.",0.22222222222222227,0.41014073645652593,,3.891227460994257,2807,468,True,0.013117283950617283,0.010101010101010102
S08,0,prototype64,0.6062335118356346,0.22700549073452952,0.22646898184074113,0.4744793777208301,0.0,0.0,0.8554274735830932,2069,13,536,0,0.0,0.0,0.0,0.9937560038424592,0.006243996157540826,0.7902979373567609,0.4968780019212296,-0.035843453295177394,2080,2,536,0,0.0,0.0,0.0,0.9990393852065321,0.0009606147934678194,0.7944996180290298,0.49951969260326606,-0.014029369713702137,10,0,1,1,0.0,0.0,0.0,,,0.8123476848090982,1231,"Sampled-label overlap, no point adjustment; delays among detected events only; no original-FPS seconds.",0.1,0.37159058562696334,,0.07739110291004181,2618,536,True,0.005686433793663688,0.01015228426395939
S08,0,prototype256,0.6650572784492523,0.2619470252627806,0.26136476390722635,0.47436147036695786,0.0,0.0,0.8866474543707973,2056,26,536,0,0.0,0.0,0.0,0.9875120076849183,0.012487992315081652,0.7853323147440795,0.49375600384245916,-0.050817255657534095,2069,13,536,0,0.0,0.0,0.0,0.9937560038424592,0.006243996157540826,0.7902979373567609,0.4968780019212296,-0.035843453295177394,10,0,4,4,0.0,0.0,0.0,,,3.249390739236393,1231,"Sampled-label overlap, no point adjustment; delays among detected events only; no original-FPS seconds.",0.2111111111111111,0.4036189739053516,,0.07532945275306702,2618,536,True,0.005686433793663688,0.01015228426395939
S08,0,prototype_motion,0.537986400848782,0.1999974539591048,0.19953695931525622,0.4739502095166515,0.0,0.0,0.9591738712776177,1996,86,536,0,0.0,0.0,0.0,0.9586935638808838,0.04130643611911623,0.7624140565317036,0.4793467819404419,-0.09351029072093289,2013,69,536,0,0.0,0.0,0.0,0.9668587896253602,0.03314121037463977,0.7689075630252101,0.4834293948126801,-0.0834798499725212,10,0,7,7,0.0,0.0,0.0,,,5.686433793663688,1231,"Sampled-label overlap, no point adjustment; delays among detected events only; no original-FPS seconds.",0.0,0.35310573714211485,,4.01388692855835,2618,536,True,0.01380991064175467,0.01015228426395939
S08,0,prototype_motion_ema,0.5276445581888827,0.19672766354953047,0.1962934461391188,0.47368421052631576,0.0,0.0,0.9851104707012488,2002,80,536,0,0.0,0.0,0.0,0.9615754082612872,0.03842459173871278,0.7647058823529411,0.4807877041306436,-0.09008266314092783,2011,71,536,0,0.0,0.0,0.0,0.9658981748318924,0.034101825168107586,0.7681436210847975,0.4829490874159462,-0.08471430147271984,10,0,6,6,0.0,0.0,0.0,,,4.87408610885459,1231,"Sampled-label overlap, no point adjustment; delays among detected events only; no original-FPS seconds.",0.044444444444444446,0.3596461411825189,,4.050911715279505,2618,536,True,0.010560519902518278,0.01015228426395939
S08,0,prototype_fewshot3,0.5260669813755431,0.19511354610676374,0.1947198802640036,0.47368421052631576,0.0,0.0,0.7785782901056676,1943,139,536,0,0.0,0.0,0.0,0.9332372718539865,0.06676272814601344,0.7421695951107716,0.46661863592699326,-0.12014651249205242,1962,120,536,0,0.0,0.0,0.0,0.9423631123919308,0.05763688760806916,0.7494270435446906,0.4711815561959654,-0.11120810445811835,10,0,8,8,0.0,0.0,0.0,,,6.498781478472786,1231,"Sampled-label overlap, no point adjustment; delays among detected events only; no original-FPS seconds.",0.06666666666666667,0.3646461411825189,,0.13173483312129974,2618,536,True,0.02924451665312754,0.01015228426395939
S08,0,prototype_neural,0.7083691771689105,0.282893433239022,0.2823093093047887,0.47421715176581825,0.0,0.0,0.547550432276657,2047,35,536,0,0.0,0.0,0.0,0.9831892411143132,0.01681075888568684,0.7818945760122231,0.4915946205571566,-0.059062775460635875,2059,23,536,0,0.0,0.0,0.0,0.9889529298751201,0.011047070124879923,0.7864782276546982,0.49447646493756003,-0.047768023208087006,10,0,6,6,0.0,0.0,0.0,,,4.87408610885459,1231,"Sampled-label overlap, no point adjustment; delays among detected events only; no original-FPS seconds.",0.3222222222222222,0.44269290650869597,,5.366517543792725,2618,536,True,0.006498781478472786,0.01015228426395939
S08,0,prototype_neural_ema,0.7068583594993333,0.28442552466373483,0.2838438165323767,0.4737992881036951,0.0,0.0,0.5585975024015369,2049,33,536,0,0.0,0.0,0.0,0.984149855907781,0.01585014409221902,0.7826585179526356,0.4920749279538905,-0.05732825577686418,2056,26,536,0,0.0,0.0,0.0,0.9875120076849183,0.012487992315081652,0.7853323147440795,0.49375600384245916,-0.050817255657534095,10,0,4,4,0.0,0.0,0.0,,,3.249390739236393,1231,"Sampled-label overlap, no point adjustment; delays among detected events only; no original-FPS seconds.",0.39999999999999997,0.4685170823328718,,5.370715754689906,2618,536,True,0.00487408610885459,0.01015228426395939
S08,0,reference_dino_global_pca,0.6791327046324573,0.27293501034009643,0.2723519171146631,0.4738370184569342,0.0,0.0,0.8587896253602305,2052,30,536,0,0.0,0.0,0.0,0.9855907780979827,0.01440922190201729,0.7838044308632544,0.49279538904899134,-0.054628656967630494,2061,21,536,0,0.0,0.0,0.0,0.9899135446685879,0.010086455331412104,0.7872421695951107,0.49495677233429397,-0.045626347602536754,10,0,4,4,0.0,0.0,0.0,,,3.249390739236393,1231,"Sampled-label overlap, no point adjustment; delays among detected events only; no original-FPS seconds.",0.3888888888888889,0.4642313680471575,,0.029297824949026108,2618,536,True,0.005686433793663688,0.01015228426395939
S08,0,reference_dino_frame_denoising_ae,0.7203777581831478,0.304056763385238,0.3034261297686145,0.474101130929608,0.0,0.0,0.8232468780019212,2040,42,536,0,0.0,0.0,0.0,0.9798270893371758,0.020172910662824207,0.7792207792207793,0.4899135446685879,-0.06478787686634371,2050,32,536,0,0.0,0.0,0.0,0.9846301633045149,0.01536983669548511,0.7830404889228418,0.49231508165225746,-0.05644204766225104,10,0,5,5,0.0,0.0,0.0,,,4.061738424045491,1231,"Sampled-label overlap, no point adjustment; delays among detected events only; no original-FPS seconds.",0.39999999999999997,0.4685170823328718,,1.0632386207580566,2618,536,True,0.007311129163281885,0.01015228426395939
S08,0,reference_dino_full_ema,0.7325548052245973,0.3015425850319651,0.30093823713998574,0.474015294375989,0.0,0.0,0.521133525456292,2042,40,536,0,0.0,0.0,0.0,0.9807877041306436,0.01921229586935639,0.7799847211611918,0.4903938520653218,-0.06320196359665461,2049,33,536,0,0.0,0.0,0.0,0.984149855907781,0.01585014409221902,0.7826585179526356,0.4920749279538905,-0.05732825577686418,10,0,5,5,0.0,0.0,0.0,,,4.061738424045491,1231,"Sampled-label overlap, no point adjustment; delays among detected events only; no original-FPS seconds.",0.3888888888888889,0.4642313680471575,,5.075039632455294,2618,536,True,0.006498781478472786,0.01015228426395939
S09,0,prototype64,0.7375755015839494,0.5438226618612321,0.5430674584097349,0.6412004668482187,0.248,0.34,0.8817317845828934,911,36,177,73,0.6697247706422018,0.292,0.4066852367688022,0.9619852164730729,0.03801478352692714,0.8220551378446115,0.6269926082365365,0.358860564444122,920,27,187,63,0.7,0.252,0.37058823529411766,0.9714889123548046,0.028511087645195353,0.8212197159565581,0.6117444561774024,0.34451323498764574,8,2,5,3,0.4,0.25,0.3076923076923077,6.0,24.0,4.329004329004329,693,"Sampled-label overlap, no point adjustment; delays among detected events only; no original-FPS seconds.",0.44318181818181823,0.49638157894736845,,0.08343099802732468,1197,250,True,0.001763668430335097,0.010101010101010102
S09,0,prototype256,0.7248405491024287,0.5355560126478095,0.5347863523613123,0.6380725837825821,0.248,0.328,0.877507919746568,896,51,166,84,0.6222222222222222,0.336,0.43636363636363634,0.9461457233368532,0.05385427666314678,0.8187134502923976,0.6410728616684266,0.3625678765039386,911,36,174,76,0.6785714285714286,0.304,0.4198895027624309,0.9619852164730729,0.03801478352692714,0.8245614035087719,0.6329926082365365,0.371260386547422,8,3,9,4,0.5555555555555556,0.375,0.44776119402985076,4.0,16.0,5.772005772005772,693,"Sampled-label overlap, no point adjustment; delays among detected events only; no original-FPS seconds.",0.4545454545454546,0.5088815789473684,,0.06699502468109131,1197,250,True,0.010582010582010581,0.010101010101010102
S09,0,prototype_motion,0.7113368532206968,0.4973455664747434,0.49618364709232415,0.62542099705441,0.188,0.296,0.877507919746568,897,50,171,79,0.6124031007751938,0.316,0.41688654353562,0.9472016895459345,0.05279831045406547,0.8153717627401837,0.6316008447729673,0.34502708191721154,910,37,177,73,0.6636363636363637,0.292,0.4055555555555556,0.9609292502639916,0.03907074973600845,0.8212197159565581,0.6264646251319957,0.3559040547725562,8,3,9,4,0.5555555555555556,0.375,0.44776119402985076,4.0,16.0,5.772005772005772,693,"Sampled-label overlap, no point adjustment; delays among detected events only; no original-FPS seconds.",0.3977272727272727,0.46955770837349786,,2.3654069900512695,1197,250,True,0.005291005291005291,0.010101010101010102
S09,0,prototype_motion_ema,0.7212967265047517,0.5236954369366511,0.522962009965293,0.6338620574667926,0.248,0.32,0.8373812038014784,897,50,169,81,0.6183206106870229,0.324,0.42519685039370075,0.9472016895459345,0.05279831045406547,0.8170426065162907,0.6356008447729673,0.3531206656276744,906,41,175,75,0.646551724137931,0.3,0.40983606557377045,0.9567053854276664,0.04329461457233368,0.8195488721804511,0.6283526927138332,0.3527265349815158,8,3,9,4,0.5555555555555556,0.375,0.44776119402985076,5.0,20.0,5.772005772005772,693,"Sampled-label overlap, no point adjustment; delays among detected events only; no original-FPS seconds.",0.42045454545454547,0.4779727410532364,,2.2433936736650333,1197,250,True,0.003527336860670194,0.010101010101010102
S09,0,prototype_fewshot3,0.46449419218585003,0.2514370398873479,0.24838771477496413,0.549607069415884,0.024,0.16,0.7793030623020063,880,67,201,49,0.4224137931034483,0.196,0.26775956284153,0.9292502639915523,0.07074973600844774,0.7761069340016709,0.5626251319957761,0.1721003692605,910,37,207,43,0.5375,0.172,0.26060606060606056,0.9609292502639916,0.03907074973600845,0.7961570593149541,0.5664646251319958,0.21636846750768876,8,1,9,6,0.3333333333333333,0.125,0.18181818181818182,5.0,20.0,8.658008658008658,693,"Sampled-label overlap, no point adjustment; delays among detected events only; no original-FPS seconds.",0.13636363636363635,0.32993565763012356,,0.14821186661720276,1197,250,True,0.03350970017636684,0.010101010101010102
S09,0,prototype_neural,0.7733136219640971,0.5732922720049899,0.5725465644374746,0.6378502751069861,0.248,0.292,0.8078141499472017,885,62,164,86,0.581081081081081,0.344,0.43216080402010043,0.9345300950369588,0.06546990496304118,0.8111946532999165,0.6392650475184793,0.34395253876453935,899,48,172,78,0.6190476190476191,0.312,0.4148936170212766,0.9493136219640972,0.050686378035902854,0.8162071846282373,0.6306568109820486,0.3461202712771325,8,4,11,5,0.5454545454545454,0.5,0.5217391304347826,6.5,26.0,7.215007215007215,693,"Sampled-label overlap, no point adjustment; delays among detected events only; no original-FPS seconds.",0.4545454545454546,0.489930911559201,,2.6412246227264404,1197,250,True,0.012345679012345678,0.010101010101010102
S09,0,prototype_neural_ema,0.7794340021119325,0.5853121787280847,0.5846584815314217,0.640111154337798,0.252,0.312,0.8162618796198522,887,60,159,91,0.6026490066225165,0.364,0.4538653366583541,0.9366420274551215,0.06335797254487856,0.8170426065162907,0.6503210137275608,0.368078431392304,898,49,164,86,0.6370370370370371,0.344,0.4467532467532468,0.9482576557550159,0.05174234424498416,0.8220551378446115,0.6461288278775079,0.37556209034792243,8,4,8,4,0.5,0.5,0.5,7.5,30.0,5.772005772005772,693,"Sampled-label overlap, no point adjustment; delays among detected events only; no original-FPS seconds.",0.4659090909090909,0.4956127297410192,,2.4767745113635016,1197,250,True,0.008818342151675485,0.010101010101010102
S09,0,reference_dino_global_pca,0.7520084477296727,0.5503645133936935,0.5486975764343627,0.6299138553882065,0.248,0.252,0.877507919746568,874,73,161,89,0.5493827160493827,0.356,0.4320388349514563,0.9229144667370645,0.07708553326293559,0.8045112781954887,0.6394572333685322,0.33142735622713476,893,54,177,73,0.5748031496062992,0.292,0.38726790450928383,0.9429778247096093,0.057022175290390706,0.8070175438596491,0.6174889123548046,0.3101545263316184,8,3,9,5,0.4444444444444444,0.375,0.4067796610169491,4.0,16.0,7.215007215007215,693,"Sampled-label overlap, no point adjustment; delays among detected events only; no original-FPS seconds.",0.375,0.455977538543328,,0.010547297075390816,1197,250,True,0.01763668430335097,0.010101010101010102
S09,0,reference_dino_frame_denoising_ae,0.7672861668426609,0.5878371264851014,0.5871141024386418,0.6498971822375368,0.252,0.284,0.8637803590285111,880,67,157,93,0.58125,0.372,0.45365853658536587,0.9292502639915523,0.07074973600844774,0.8128654970760234,0.6506251319957761,0.35985128717267445,896,51,177,73,0.5887096774193549,0.292,0.3903743315508022,0.9461457233368532,0.05385427666314678,0.8095238095238095,0.6190728616684266,0.3176706393199484,8,5,11,5,0.5454545454545454,0.625,0.5825242718446602,11.0,44.0,7.215007215007215,693,"Sampled-label overlap, no point adjustment; delays among detected events only; no original-FPS seconds.",0.4318181818181819,0.48385452267031215,,0.4480809271335602,1197,250,True,0.012345679012345678,0.010101010101010102
S09,0,reference_dino_full_ema,0.8010517423442449,0.6066795418102314,0.6060253354984246,0.6525826710387372,0.252,0.272,0.7740232312565998,872,75,135,115,0.6052631578947368,0.46,0.5227272727272727,0.9208025343189018,0.0791974656810982,0.8245614035087719,0.6904012671594509,0.4235974022816717,884,63,145,105,0.625,0.42,0.5023923444976077,0.9334741288278775,0.0665258711721225,0.8262322472848789,0.6767370644139388,0.4136569242077086,8,5,12,5,0.5833333333333334,0.625,0.603448275862069,8.0,32.0,7.215007215007215,693,"Sampled-label overlap, no point adjustment; delays among detected events only; no original-FPS seconds.",0.4659090909090909,0.4956127297410192,,2.3433503905127226,1197,250,True,0.010582010582010581,0.010101010101010102
S10,0,prototype64,0.7293994393329499,0.3766652500128442,0.37567627916129576,0.5246640537513998,0.0075675675675675675,0.09297297297297297,0.6429521276595744,2941,67,905,20,0.22988505747126436,0.021621621621621623,0.039525691699604744,0.9777260638297872,0.022273936170212765,0.7528604118993135,0.4996738427257044,-0.0018810597070278547,2990,18,912,13,0.41935483870967744,0.014054054054054054,0.02719665271966527,0.9940159574468085,0.005984042553191489,0.7635392829900839,0.5040350057504313,0.03870432132225188,11,1,9,7,0.2222222222222222,0.09090909090909091,0.1290322580645161,8.0,32.0,3.757380568974772,1863,"Sampled-label overlap, no point adjustment; delays among detected events only; no original-FPS seconds.",0.4333333333333334,0.5306154904606917,,0.01920980028808117,3933,925,True,0.03757380568974772,0.010101010101010102
S10,0,prototype256,0.8143263010350776,0.4881523937526683,0.48710710578580285,0.5657993099482461,0.014054054054054054,0.17945945945945946,0.5226063829787234,2892,116,799,126,0.5206611570247934,0.1362162162162162,0.21593830334190234,0.961436170212766,0.03856382978723404,0.7673531655225019,0.5488261932144911,0.17235065482021242,2939,69,809,116,0.6270270270270271,0.1254054054054054,0.20900900900900898,0.977061170212766,0.022938829787234043,0.7767607424357996,0.5512332878090856,0.2052609570730034,11,4,13,8,0.38461538461538464,0.36363636363636365,0.37383177570093457,35.0,140.0,4.294149221685454,1863,"Sampled-label overlap, no point adjustment; delays among detected events only; no original-FPS seconds.",0.5444444444444445,0.62390608875129,,0.014290980994701385,3933,925,True,0.04508856682769726,0.010101010101010102
S10,0,prototype_motion,0.720756002012651,0.3629429631681985,0.3623106271679273,0.502052374322811,0.001081081081081081,0.03027027027027027,0.765625,2804,204,861,64,0.23880597014925373,0.06918918918918919,0.10729253981559096,0.9321808510638298,0.0678191489361702,0.7292143401983219,0.5006850201265095,0.0023058907286339506,2813,195,867,58,0.22924901185770752,0.0627027027027027,0.09847198641765703,0.9351728723404256,0.06482712765957446,0.7299771167048055,0.49893778752156415,-0.003672543994993005,11,3,6,2,0.6666666666666666,0.2727272727272727,0.3870967741935484,43.0,172.0,1.0735373054213635,1863,"Sampled-label overlap, no point adjustment; delays among detected events only; no original-FPS seconds.",0.4333333333333333,0.5416838665290677,,2.1895034313201904,3933,925,True,0.039184111647879764,0.010101010101010102
S10,0,prototype_motion_ema,0.721009919493962,0.37147479979538733,0.370933665288556,0.5089339759692504,0.0,0.016216216216216217,0.7952127659574468,2801,207,833,92,0.3076923076923077,0.09945945945945946,0.1503267973856209,0.9311835106382979,0.06881648936170212,0.7355708110856852,0.5153214850488786,0.04903572311237768,2810,198,838,87,0.30526315789473685,0.09405405405405405,0.143801652892562,0.9341755319148937,0.06582446808510638,0.7365878464276634,0.5141147929844738,0.046181118374987166,11,3,5,1,0.8,0.2727272727272727,0.4067796610169491,28.0,112.0,0.5367686527106817,1863,"Sampled-label overlap, no point adjustment; delays among detected events only; no original-FPS seconds.",0.4888888888888889,0.571427733772935,,2.0032143014418855,3933,925,True,0.05045625335480408,0.010101010101010102
S10,0,prototype_fewshot3,0.6886657202415181,0.30728629539923824,0.3065111223120236,0.49267690142550163,0.0075675675675675675,0.03351351351351351,0.5448803191489362,2986,22,922,3,0.12,0.003243243243243243,0.006315789473684211,0.992686170212766,0.007313829787234043,0.7599796592931605,0.4979647067280046,-0.021722984539194183,3002,6,923,2,0.25,0.002162162162162162,0.004287245444801716,0.9980053191489362,0.0019946808510638296,0.7637935418255785,0.5000837406555492,0.0015765629286179632,11,1,4,3,0.25,0.09090909090909091,0.13333333333333333,110.0,440.0,1.6103059581320451,1863,"Sampled-label overlap, no point adjustment; delays among detected events only; no original-FPS seconds.",0.2888888888888889,0.4497569046021059,,0.02563527598977089,3933,925,True,0.014492753623188406,0.010101010101010102
S10,0,prototype_neural,0.8501311817136284,0.5470238586595918,0.5464033659795533,0.6046510396174449,0.001081081081081081,0.18486486486486486,0.488031914893617,2846,162,725,200,0.5524861878453039,0.21621621621621623,0.3108003108003108,0.9461436170212766,0.0538563829787234,0.7744724129163488,0.5811799166187464,0.23819858021651963,2838,170,754,171,0.501466275659824,0.18486486486486486,0.27014218009478674,0.9434840425531915,0.05651595744680851,0.7650648360030511,0.5641744537090282,0.19344459731730615,11,5,20,10,0.5,0.45454545454545453,0.47619047619047616,41.0,164.0,5.367686527106818,1863,"Sampled-label overlap, no point adjustment; delays among detected events only; no original-FPS seconds.",0.5888888888888889,0.6492110177404296,,3.4086356163024902,3933,925,True,0.03435319377348363,0.010101010101010102
S10,0,prototype_neural_ema,0.8456192495687177,0.5383293636119209,0.5376845474533744,0.5998233255652069,0.001081081081081081,0.09621621621621622,0.5066489361702128,2809,199,733,192,0.49104859335038364,0.20756756756756756,0.2917933130699088,0.933843085106383,0.06615691489361702,0.7630307653190949,0.5707053263369752,0.20043762676775015,2811,197,751,174,0.46900269541778977,0.1881081081081081,0.2685185185185185,0.9345079787234043,0.06549202127659574,0.7589626239511823,0.5613080434157562,0.17791940678987228,11,5,11,1,0.9090909090909091,0.45454545454545453,0.6060606060606061,42.0,168.0,0.5367686527106817,1863,"Sampled-label overlap, no point adjustment; delays among detected events only; no original-FPS seconds.",0.5888888888888889,0.6492110177404296,,3.3482630404890514,3933,925,True,0.0322061191626409,0.010101010101010102
S10,0,reference_dino_global_pca,0.8270615296147211,0.5283155983854135,0.5274738111378878,0.5927030053569807,0.001081081081081081,0.11567567567567567,0.6675531914893617,2823,185,758,167,0.4744318181818182,0.18054054054054053,0.2615505090054816,0.9384973404255319,0.061502659574468085,0.7602339181286549,0.5595189404830362,0.17685668377296998,2820,188,810,115,0.3795379537953795,0.12432432432432433,0.18729641693811078,0.9375,0.0625,0.7462496821764556,0.5309121621621622,0.09833192341460878,11,5,15,3,0.8,0.45454545454545453,0.5797101449275363,32.0,128.0,1.6103059581320451,1863,"Sampled-label overlap, no point adjustment; delays among detected events only; no original-FPS seconds.",0.5444444444444445,0.62390608875129,,0.0023807219695299864,3933,925,True,0.03327965646806227,0.010101010101010102
S10,0,reference_dino_frame_denoising_ae,0.8622969378953422,0.5847202775168572,0.5838466773489862,0.6476457280348658,0.001081081081081081,0.252972972972973,0.49700797872340424,2850,158,663,262,0.6238095238095238,0.28324324324324324,0.3895910780669145,0.9474734042553191,0.052526595744680854,0.7912534960589881,0.6153583237492812,0.316829049662834,2857,151,698,227,0.6005291005291006,0.2454054054054054,0.3484267075978511,0.9498005319148937,0.050199468085106384,0.7841342486651411,0.5976029686601495,0.28089053337129605,11,5,31,12,0.6129032258064516,0.45454545454545453,0.521978021978022,13.0,52.0,6.4412238325281805,1863,"Sampled-label overlap, no point adjustment; delays among detected events only; no original-FPS seconds.",0.5666666666666667,0.6351633986928106,,0.18096871674060822,3933,925,True,0.030059044551798177,0.010101010101010102
S10,0,reference_dino_full_ema,0.8584161155836688,0.5531249387748516,0.5525407579750964,0.6176288550588662,0.0,0.0681081081081081,0.47074468085106386,2809,199,667,258,0.5645514223194749,0.2789189189189189,0.37337192474674386,0.933843085106383,0.06615691489361702,0.779811848461734,0.606381002012651,0.28158263634151826,2811,197,684,241,0.5502283105022832,0.26054054054054054,0.35363169479090245,0.9345079787234043,0.06549202127659574,0.775997965929316,0.5975242596319724,0.2629612737195581,11,5,15,1,0.9333333333333333,0.45454545454545453,0.611353711790393,15.0,60.0,0.5367686527106817,1863,"Sampled-label overlap, no point adjustment; delays among detected events only; no original-FPS seconds.",0.6222222222222222,0.6602000287294405,,3.8284119448408154,3933,925,True,0.029522275899087493,0.010101010101010102
S11,0,prototype64,0.562669281741195,0.26577536792600204,0.2654910363691019,0.47368421052631576,0.0,0.0,0.8038852913968547,2796,447,1164,1,0.002232142857142857,0.0008583690987124463,0.0012399256044637321,0.8621646623496763,0.13783533765032377,0.6345281306715064,0.43151151572419433,-0.19989290872307228,2819,424,1165,0,0.0,0.0,0.0,0.8692568609312366,0.1307431390687635,0.639519056261343,0.4346284304656183,-0.19552970802581385,11,0,10,10,0.0,0.0,0.0,,,4.7892720306513406,2088,"Sampled-label overlap, no point adjustment; delays among detected events only; no original-FPS seconds.",0.2,0.40151399555037326,,0.06253190338611603,4408,1165,True,0.007662835249042145,0.01018808777429467
S11,0,prototype256,0.6387854196360864,0.30805606155255366,0.30774912693355816,0.47368421052631576,0.0,0.0,0.7724329324699353,2836,407,1165,0,0.0,0.0,0.0,0.8744989207523898,0.12550107924761023,0.6433756805807622,0.4372494603761949,-0.19116237487401805,2849,394,1165,0,0.0,0.0,0.0,0.8785075547332717,0.12149244526672834,0.6463248638838476,0.43925377736663584,-0.18777981859874934,11,0,9,9,0.0,0.0,0.0,,,4.310344827586206,2088,"Sampled-label overlap, no point adjustment; delays among detected events only; no original-FPS seconds.",0.23333333333333334,0.4116101493965271,,0.06209271773695946,4408,1165,True,0.0028735632183908046,0.01018808777429467
S11,0,prototype_motion,0.5302291234074314,0.2515865089709711,0.2513210083254712,0.47368421052631576,0.0,0.0,0.9222941720629048,2873,370,1165,0,0.0,0.0,0.0,0.8859081097748998,0.11409189022510022,0.6517695099818511,0.4429540548874499,-0.1814292031301746,2922,321,1165,0,0.0,0.0,0.0,0.9010175763182239,0.09898242368177614,0.6628856624319419,0.45050878815911194,-0.1679730800239735,11,0,11,11,0.0,0.0,0.0,,,5.268199233716476,2088,"Sampled-label overlap, no point adjustment; delays among detected events only; no original-FPS seconds.",0.022222222222222223,0.35560573714211485,,2.5292344093322754,4408,1165,True,0.004789272030651341,0.01018808777429467
S11,0,prototype_motion_ema,0.5267252411598967,0.25107295699213117,0.2508387803936135,0.47368421052631576,0.0,0.0,0.9876657415972865,2882,361,1165,0,0.0,0.0,0.0,0.8886833179155104,0.11131668208448967,0.6538112522686026,0.4443416589577552,-0.17900966800026813,2899,344,1165,0,0.0,0.0,0.0,0.8939253777366636,0.10607462226333642,0.6576678765880217,0.4469626888683318,-0.1743780673373342,11,0,9,9,0.0,0.0,0.0,,,4.310344827586206,2088,"Sampled-label overlap, no point adjustment; delays among detected events only; no original-FPS seconds.",0.1444444444444445,0.3845209885573663,,2.4909881093000603,4408,1165,True,0.0014367816091954023,0.01018808777429467
S11,0,prototype_fewshot3,0.39617214495665143,0.21107570817923377,0.2108711690536696,0.47368421052631576,0.0,0.0,0.7533148319457292,3075,168,1165,0,0.0,0.0,0.0,0.9481961147086031,0.05180388529139685,0.6975952813067151,0.47409805735430155,-0.11930570211712326,3129,114,1165,0,0.0,0.0,0.0,0.9648473635522664,0.03515263644773358,0.7098457350272233,0.4824236817761332,-0.09765868991675795,11,0,16,16,0.0,0.0,0.0,,,7.662835249042145,2088,"Sampled-label overlap, no point adjustment; delays among detected events only; no original-FPS seconds.",0.0,0.35310573714211485,,0.21751439571380615,4408,1165,True,0.029693486590038315,0.01018808777429467
S11,0,prototype_neural,0.6834031436477908,0.3320615614191995,0.3317650770654528,0.47368421052631576,0.0,0.0,0.6271970397779834,2849,394,1165,0,0.0,0.0,0.0,0.8785075547332717,0.12149244526672834,0.6463248638838476,0.43925377736663584,-0.18777981859874934,2872,371,1165,0,0.0,0.0,0.0,0.885599753314832,0.11440024668516806,0.6515426497277677,0.442799876657416,-0.18169671204169502,11,0,10,10,0.0,0.0,0.0,,,4.7892720306513406,2088,"Sampled-label overlap, no point adjustment; delays among detected events only; no original-FPS seconds.",0.2888888888888889,0.4276465639623534,,3.4724717140197754,4408,1165,True,0.003352490421455939,0.01018808777429467
S11,0,prototype_neural_ema,0.6856939806966209,0.3351398901819767,0.3348589777594675,0.47368421052631576,0.0,0.0,0.6432315757015109,2850,393,1165,0,0.0,0.0,0.0,0.8788159111933395,0.1211840888066605,0.646551724137931,0.43940795559666973,-0.18751801139543503,2864,379,1165,0,0.0,0.0,0.0,0.8831329016342893,0.11686709836571076,0.6497277676950998,0.44156645081714463,-0.18382749097276646,11,0,8,8,0.0,0.0,0.0,,,3.8314176245210727,2088,"Sampled-label overlap, no point adjustment; delays among detected events only; no original-FPS seconds.",0.33333333333333337,0.4453485841643736,,3.43491270693193,4408,1165,True,0.003352490421455939,0.01018808777429467
S11,0,reference_dino_global_pca,0.62978749872621,0.30534505232178855,0.30503603410550195,0.47368421052631576,0.0,0.0,0.8307123034227567,2879,364,1165,0,0.0,0.0,0.0,0.8877582485353068,0.11224175146469319,0.6531306715063521,0.4438791242676534,-0.17981859777269307,2898,345,1165,0,0.0,0.0,0.0,0.8936170212765957,0.10638297872340426,0.6574410163339383,0.44680851063829785,-0.1746528290206152,11,0,11,11,0.0,0.0,0.0,,,5.268199233716476,2088,"Sampled-label overlap, no point adjustment; delays among detected events only; no original-FPS seconds.",0.2777777777777778,0.42467037348616293,,0.014685568399727345,4408,1165,True,0.003352490421455939,0.01018808777429467
S11,0,reference_dino_frame_denoising_ae,0.6771931356940467,0.3387713371646562,0.33844107008494373,0.47368421052631576,0.0,0.0,0.759481961147086,2817,426,1162,3,0.006993006993006993,0.002575107296137339,0.0037641154328732747,0.8686401480111008,0.13135985198889916,0.6397459165154264,0.43560762765361905,-0.19159547269271585,2829,414,1165,0,0.0,0.0,0.0,0.8723404255319149,0.1276595744680851,0.6417876588021778,0.43617021276595747,-0.1929681479493813,11,0,9,9,0.0,0.0,0.0,,,4.310344827586206,2088,"Sampled-label overlap, no point adjustment; delays among detected events only; no original-FPS seconds.",0.33333333333333337,0.4453485841643736,,0.39159563183784485,4408,1165,True,0.005747126436781609,0.01018808777429467
S11,0,reference_dino_full_ema,0.7076010529115863,0.3501801487164464,0.3498883312449644,0.47368421052631576,0.0,0.0,0.6123959296947271,2839,404,1165,0,0.0,0.0,0.0,0.8754239901325933,0.12457600986740672,0.6440562613430127,0.43771199506629666,-0.19038517893345763,2853,390,1165,0,0.0,0.0,0.0,0.879740980573543,0.12025901942645699,0.6472323049001815,0.4398704902867715,-0.18673117312964355,11,0,9,9,0.0,0.0,0.0,,,4.310344827586206,2088,"Sampled-label overlap, no point adjustment; delays among detected events only; no original-FPS seconds.",0.34444444444444444,0.44983576365155314,,3.523336353022197,4408,1165,True,0.004789272030651341,0.01018808777429467
S12,0,prototype64,0.409266166130146,0.18630551489123087,0.18602016387829975,0.4737609903989329,0.0,0.0,0.9447876447876448,2424,166,794,0,0.0,0.0,0.0,0.9359073359073359,0.06409266409266409,0.7163120567375887,0.46795366795366794,-0.12575387991026182,2433,157,794,0,0.0,0.0,0.0,0.9393822393822394,0.06061776061776062,0.7189716312056738,0.4696911196911197,-0.12212672546064214,12,0,8,8,0.0,0.0,0.0,,,4.7281323877068555,1692,"Sampled-label overlap, no point adjustment; delays among detected events only; no original-FPS seconds.",0.012345679012345684,0.33509474367317504,,0.061265360563993454,3384,794,True,0.0065011820330969266,0.010154738878143133
S12,0,prototype256,0.531695243282145,0.22757535936518292,0.22723570210372623,0.47383265161337546,0.0,0.0,0.8166023166023166,2434,156,794,0,0.0,0.0,0.0,0.9397683397683397,0.06023166023166023,0.7192671394799054,0.46988416988416987,-0.1217183076363594,2443,147,794,0,0.0,0.0,0.0,0.9432432432432433,0.05675675675675676,0.7219267139479906,0.47162162162162163,-0.11799067532634999,12,0,6,6,0.0,0.0,0.0,,,3.5460992907801416,1692,"Sampled-label overlap, no point adjustment; delays among detected events only; no original-FPS seconds.",0.19753086419753085,0.38189516547359686,,0.058677662163972855,3384,794,True,0.004728132387706856,0.010154738878143133
S12,0,prototype_motion,0.40734806414907176,0.18916864232426914,0.1888686035782535,0.47413977110384375,0.0,0.0,0.9972972972972973,2442,148,794,0,0.0,0.0,0.0,0.9428571428571428,0.05714285714285714,0.7216312056737588,0.4714285714285714,-0.11840961537047721,2458,132,794,0,0.0,0.0,0.0,0.949034749034749,0.050965250965250966,0.7263593380614657,0.4745173745173745,-0.11155064000208022,12,0,7,7,0.0,0.0,0.0,,,4.137115839243498,1692,"Sampled-label overlap, no point adjustment; delays among detected events only; no original-FPS seconds.",0.012345679012345684,0.33509474367317504,,4.105449676513672,3384,794,True,0.004137115839243499,0.010154738878143133
S12,0,prototype_motion_ema,0.40019013255789077,0.18758429033207313,0.18728541220331882,0.47401180464948195,0.0,0.0,0.9984555984555985,2439,151,794,0,0.0,0.0,0.0,0.9416988416988417,0.0583011583011583,0.7207446808510638,0.47084942084942083,-0.1196591712187767,2450,140,794,0,0.0,0.0,0.0,0.9459459459459459,0.05405405405405406,0.7239952718676123,0.47297297297297297,-0.11502280763339488,12,0,6,6,0.0,0.0,0.0,,,3.5460992907801416,1692,"Sampled-label overlap, no point adjustment; delays among detected events only; no original-FPS seconds.",0.03703703703703704,0.33862208053384524,,4.084666473067534,3384,794,True,0.0035460992907801418,0.010154738878143133
S12,0,prototype_fewshot3,0.31422760471878863,0.16844842747381514,0.16824235227915227,0.47368421052631576,0.0,0.0,0.8988416988416988,2395,195,794,0,0.0,0.0,0.0,0.9247104247104247,0.07528957528957529,0.70774231678487,0.4623552123552124,-0.13691480595257738,2436,154,794,0,0.0,0.0,0.0,0.9405405405405406,0.05945945945945946,0.7198581560283688,0.4702702702702703,-0.12089809798432007,12,0,19,19,0.0,0.0,0.0,,,11.229314420803783,1692,"Sampled-label overlap, no point adjustment; delays among detected events only; no original-FPS seconds.",0.0,0.3338601757719405,,0.25695767998695374,3384,794,True,0.06205673758865248,0.010154738878143133
S12,0,prototype_neural,0.5743097361485271,0.24639467145021615,0.2460297124927869,0.47381985496793927,0.0,0.0,0.7795366795366795,2417,173,794,0,0.0,0.0,0.0,0.9332046332046332,0.0667953667953668,0.7142434988179669,0.4666023166023166,-0.1285177956715458,2428,162,794,0,0.0,0.0,0.0,0.9374517374517375,0.06254826254826255,0.7174940898345153,0.46872586872586874,-0.12415239686955108,12,0,7,7,0.0,0.0,0.0,,,4.137115839243498,1692,"Sampled-label overlap, no point adjustment; delays among detected events only; no original-FPS seconds.",0.19753086419753085,0.38189516547359686,,4.5592803955078125,3384,794,True,0.004137115839243499,0.010154738878143133
S12,0,prototype_neural_ema,0.5732418816801688,0.24807670394331144,0.2477118996582221,0.47368421052631576,0.0,0.0,0.7945945945945946,2412,178,794,0,0.0,0.0,0.0,0.9312741312741313,0.06872586872586872,0.7127659574468085,0.46563706563706564,-0.13046337562471244,2421,169,794,0,0.0,0.0,0.0,0.9347490347490347,0.06525096525096526,0.7154255319148937,0.46737451737451735,-0.1269443081001481,12,0,5,5,0.0,0.0,0.0,,,2.955082742316785,1692,"Sampled-label overlap, no point adjustment; delays among detected events only; no original-FPS seconds.",0.19753086419753085,0.38189516547359686,,4.5352820528349564,3384,794,True,0.0017730496453900709,0.010154738878143133
S12,0,reference_dino_global_pca,0.554968489540278,0.24358529385846517,0.24320967322587403,0.47368421052631576,0.0,0.0,0.844015444015444,2399,191,794,0,0.0,0.0,0.0,0.9262548262548262,0.07374517374517374,0.7089243498817966,0.4631274131274131,-0.13541837359760156,2406,184,794,0,0.0,0.0,0.0,0.9289575289575289,0.07104247104247104,0.7109929078014184,0.46447876447876446,-0.1327682685260794,12,0,3,3,0.0,0.0,0.0,,,1.7730496453900708,1692,"Sampled-label overlap, no point adjustment; delays among detected events only; no original-FPS seconds.",0.18518518518518517,0.37695689386865855,,0.02004777267575264,3384,794,True,0.0,0.010154738878143133
S12,0,reference_dino_frame_denoising_ae,0.6359656886105249,0.2780032225484865,0.27760277544523293,0.47381729563885205,0.0,0.0,0.6737451737451737,2399,191,794,0,0.0,0.0,0.0,0.9262548262548262,0.07374517374517374,0.7089243498817966,0.4631274131274131,-0.13541837359760156,2404,186,794,0,0.0,0.0,0.0,0.9281853281853282,0.07181467181467181,0.710401891252955,0.4640926640926641,-0.13352961953654302,12,0,4,4,0.0,0.0,0.0,,,2.3640661938534278,1692,"Sampled-label overlap, no point adjustment; delays among detected events only; no original-FPS seconds.",0.19753086419753085,0.38189516547359686,,0.4284459948539734,3384,794,True,0.0017730496453900709,0.010154738878143133
S12,0,reference_dino_full_ema,0.6210230201414081,0.2720248729820929,0.27163122982907384,0.47368421052631576,0.0,0.0,0.7351351351351352,2404,186,794,0,0.0,0.0,0.0,0.9281853281853282,0.07181467181467181,0.710401891252955,0.4640926640926641,-0.13352961953654302,2410,180,794,0,0.0,0.0,0.0,0.9305019305019305,0.0694980694980695,0.7121749408983451,0.46525096525096526,-0.13123520923909276,12,0,3,3,0.0,0.0,0.0,,,1.7730496453900708,1692,"Sampled-label overlap, no point adjustment; delays among detected events only; no original-FPS seconds.",0.19753086419753085,0.38189516547359686,,4.083156167485806,3384,794,True,0.000591016548463357,0.010154738878143133
