scene,seed,method,quantile,threshold_normal_cal,normal_tune_frame_fpr,normal_cal_frame_fpr,auroc,average_precision,pr_auc_trapezoid,partial_auroc_fpr10,diagnostic_tpr_at_fpr1,diagnostic_tpr_at_fpr5,diagnostic_fpr_at_tpr95,frame_tn,frame_fp,frame_fn,frame_tp,frame_precision,frame_recall,frame_f1,frame_specificity,frame_normal_fpr,frame_accuracy,frame_balanced_accuracy,frame_mcc,alarm_tn,alarm_fp,alarm_fn,alarm_tp,alarm_precision,alarm_recall,alarm_f1,alarm_specificity,alarm_normal_fpr,alarm_accuracy,alarm_balanced_accuracy,alarm_mcc,gt_events_sampled,detected_gt_events,predicted_alert_events,false_alert_events,event_precision_overlap,event_recall_overlap,event_f1_overlap,median_detected_delay_observations,median_detected_delay_original_frames,false_alerts_per_1000_normal_only_video_observations,normal_only_video_observations,event_warning,video_auroc_top5mean,video_ap_top5mean,video_metric_reason,n_test,n_test_anomaly,test_diagnostic_thresholds_not_used_for_deployment
R01,0,prototype64,0.95,0.025367651134729385,0.043731778425655975,0.05223880597014925,0.8433467657744185,0.6106732119983376,0.6085325401803143,0.5636801005729759,0.0,0.14790996784565916,0.387987012987013,116,500,0,311,0.3834771886559803,1.0,0.554367201426025,0.18831168831168832,0.8116883116883117,0.46062567421790723,0.5941558441558441,0.268725206902567,156,460,0,311,0.4033722438391699,1.0,0.5748613678373383,0.2532467532467532,0.7467532467532467,0.5037756202804746,0.6266233766233766,0.31961337753937563,8,8,19,11,0.42105263157894735,1.0,0.5925925925925926,0.0,0.0,27.160493827160494,405,"Sampled-label overlap, no point adjustment; delays among detected events only; no original-FPS seconds.",0.4107142857142857,0.48822150072150067,,927,311,True
R01,0,prototype64,0.975,0.028084756806492805,0.02040816326530612,0.02736318407960199,0.8433467657744185,0.6106732119983376,0.6085325401803143,0.5636801005729759,0.0,0.14790996784565916,0.387987012987013,133,483,0,311,0.3916876574307305,1.0,0.56289592760181,0.2159090909090909,0.7840909090909091,0.47896440129449835,0.6079545454545454,0.29080736929483136,175,441,0,311,0.41356382978723405,1.0,0.5851364063969897,0.2840909090909091,0.7159090909090909,0.5242718446601942,0.6420454545454546,0.34276774114752007,8,8,19,11,0.42105263157894735,1.0,0.5925925925925926,0.0,0.0,27.160493827160494,405,"Sampled-label overlap, no point adjustment; delays among detected events only; no original-FPS seconds.",0.4107142857142857,0.48822150072150067,,927,311,True
R01,0,prototype64,0.99,0.031717751175165176,0.0029154518950437317,0.012437810945273632,0.8433467657744185,0.6106732119983376,0.6085325401803143,0.5636801005729759,0.0,0.14790996784565916,0.387987012987013,172,444,0,311,0.4119205298013245,1.0,0.5834896810506567,0.2792207792207792,0.7207792207792207,0.5210355987055016,0.6396103896103896,0.3391412261995908,211,405,0,311,0.43435754189944137,1.0,0.6056475170399221,0.3425324675324675,0.6574675324675324,0.5631067961165048,0.6712662337662337,0.3857221287638976,8,8,19,11,0.42105263157894735,1.0,0.5925925925925926,0.0,0.0,27.160493827160494,405,"Sampled-label overlap, no point adjustment; delays among detected events only; no original-FPS seconds.",0.4107142857142857,0.48822150072150067,,927,311,True
R01,0,prototype64,0.995,0.03232404217123985,0.0029154518950437317,0.007462686567164179,0.8433467657744185,0.6106732119983376,0.6085325401803143,0.5636801005729759,0.0,0.14790996784565916,0.387987012987013,178,438,0,311,0.4152202937249666,1.0,0.5867924528301887,0.288961038961039,0.711038961038961,0.5275080906148867,0.6444805194805194,0.34638488343528234,215,401,0,311,0.43679775280898875,1.0,0.6080156402737048,0.349025974025974,0.650974025974026,0.5674217907227616,0.674512987012987,0.39045327649606676,8,8,20,12,0.4,1.0,0.5714285714285715,0.0,0.0,29.62962962962963,405,"Sampled-label overlap, no point adjustment; delays among detected events only; no original-FPS seconds.",0.4107142857142857,0.48822150072150067,,927,311,True
R01,0,prototype64,0.999,0.038519348949193954,0.0,0.0024875621890547263,0.8433467657744185,0.6106732119983376,0.6085325401803143,0.5636801005729759,0.0,0.14790996784565916,0.387987012987013,260,356,0,311,0.4662668665667166,1.0,0.6359918200408997,0.42207792207792205,0.577922077922078,0.61596548004315,0.711038961038961,0.4436225311841854,304,312,0,311,0.49919743178170145,1.0,0.6659528907922913,0.4935064935064935,0.5064935064935064,0.6634304207119741,0.7467532467532467,0.49634380637420517,8,8,18,10,0.4444444444444444,1.0,0.6153846153846153,0.0,0.0,24.691358024691358,405,"Sampled-label overlap, no point adjustment; delays among detected events only; no original-FPS seconds.",0.4107142857142857,0.48822150072150067,,927,311,True
R01,0,prototype256,0.95,0.024537866935133934,0.03498542274052478,0.05223880597014925,0.8441688938071576,0.6211099655068325,0.6188607801386363,0.5742571863742959,0.00964630225080386,0.18971061093247588,0.3912337662337662,109,507,0,311,0.3801955990220049,1.0,0.5509300265721877,0.17694805194805194,0.823051948051948,0.45307443365695793,0.588474025974026,0.25937399755211865,148,468,0,311,0.3992297817715019,1.0,0.5706422018348625,0.24025974025974026,0.7597402597402597,0.49514563106796117,0.6201298701298701,0.30970767454548787,8,8,17,9,0.47058823529411764,1.0,0.6399999999999999,0.0,0.0,22.22222222222222,405,"Sampled-label overlap, no point adjustment; delays among detected events only; no original-FPS seconds.",0.5892857142857144,0.5764766483516482,,927,311,True
R01,0,prototype256,0.975,0.0282190702855587,0.008746355685131196,0.02736318407960199,0.8441688938071576,0.6211099655068325,0.6188607801386363,0.5742571863742959,0.00964630225080386,0.18971061093247588,0.3912337662337662,138,478,0,311,0.394169835234474,1.0,0.5654545454545454,0.22402597402597402,0.775974025974026,0.4843581445523193,0.612012987012987,0.29716036288519493,180,436,0,311,0.41633199464524767,1.0,0.5879017013232514,0.2922077922077922,0.7077922077922078,0.5296655879180151,0.6461038961038961,0.34879141758471377,8,8,17,9,0.47058823529411764,1.0,0.6399999999999999,0.0,0.0,22.22222222222222,405,"Sampled-label overlap, no point adjustment; delays among detected events only; no original-FPS seconds.",0.5892857142857144,0.5764766483516482,,927,311,True
R01,0,prototype256,0.99,0.030778182670474052,0.0058309037900874635,0.012437810945273632,0.8441688938071576,0.6211099655068325,0.6188607801386363,0.5742571863742959,0.00964630225080386,0.18971061093247588,0.3912337662337662,167,449,0,311,0.40921052631578947,1.0,0.580765639589169,0.2711038961038961,0.7288961038961039,0.5156418554476807,0.635551948051948,0.3330744181274456,217,399,0,311,0.43802816901408453,1.0,0.6092066601371204,0.3522727272727273,0.6477272727272727,0.56957928802589,0.6761363636363636,0.3928172319551049,8,8,18,10,0.4444444444444444,1.0,0.6153846153846153,0.0,0.0,24.691358024691358,405,"Sampled-label overlap, no point adjustment; delays among detected events only; no original-FPS seconds.",0.5892857142857144,0.5764766483516482,,927,311,True
R01,0,prototype256,0.995,0.0323452390730381,0.0029154518950437317,0.007462686567164179,0.8441688938071576,0.6211099655068325,0.6188607801386363,0.5742571863742959,0.00964630225080386,0.18971061093247588,0.3912337662337662,190,426,0,311,0.42198100407055633,1.0,0.5935114503816794,0.30844155844155846,0.6915584415584416,0.540453074433657,0.6542207792207793,0.3607720589627972,228,388,0,311,0.4449213161659514,1.0,0.6158415841584158,0.37012987012987014,0.6298701298701299,0.5814455231930961,0.685064935064935,0.40580619631853143,8,8,18,10,0.4444444444444444,1.0,0.6153846153846153,0.0,0.0,24.691358024691358,405,"Sampled-label overlap, no point adjustment; delays among detected events only; no original-FPS seconds.",0.5892857142857144,0.5764766483516482,,927,311,True
R01,0,prototype256,0.999,0.033093251287937164,0.0,0.0024875621890547263,0.8441688938071576,0.6211099655068325,0.6188607801386363,0.5742571863742959,0.00964630225080386,0.18971061093247588,0.3912337662337662,197,419,0,311,0.426027397260274,1.0,0.5975024015369838,0.3198051948051948,0.6801948051948052,0.5480043149946062,0.6599025974025974,0.36911485309205866,237,379,0,311,0.45072463768115945,1.0,0.6213786213786213,0.3847402597402597,0.6152597402597403,0.5911542610571737,0.6923701298701299,0.41642756173527196,8,8,19,11,0.42105263157894735,1.0,0.5925925925925926,0.0,0.0,27.160493827160494,405,"Sampled-label overlap, no point adjustment; delays among detected events only; no original-FPS seconds.",0.5892857142857144,0.5764766483516482,,927,311,True
R01,0,prototype_motion,0.95,2.3034610748291016,0.09037900874635568,0.05223880597014925,0.7337975529293858,0.46305109089235413,0.46145481632849306,0.48644814315824636,0.0,0.0,0.5454545454545454,111,505,0,311,0.38112745098039214,1.0,0.551907719609583,0.18019480519480519,0.8198051948051948,0.4552319309600863,0.5900974025974026,0.2620633259038823,140,476,0,311,0.3951715374841169,1.0,0.5664845173041894,0.22727272727272727,0.7727272727272727,0.48651564185544766,0.6136363636363636,0.2996860241395518,8,8,20,12,0.4,1.0,0.5714285714285715,0.0,0.0,29.62962962962963,405,"Sampled-label overlap, no point adjustment; delays among detected events only; no original-FPS seconds.",0.30357142857142855,0.44366640304140303,,927,311,True
R01,0,prototype_motion,0.975,2.6716041564941406,0.0641399416909621,0.02736318407960199,0.7337975529293858,0.46305109089235413,0.46145481632849306,0.48644814315824636,0.0,0.0,0.5454545454545454,148,468,0,311,0.3992297817715019,1.0,0.5706422018348625,0.24025974025974026,0.7597402597402597,0.49514563106796117,0.6201298701298701,0.30970767454548787,193,423,0,311,0.42370572207084467,1.0,0.5952153110047846,0.3133116883116883,0.6866883116883117,0.5436893203883495,0.6566558441558441,0.3643514170815579,8,8,23,15,0.34782608695652173,1.0,0.5161290322580645,0.0,0.0,37.03703703703704,405,"Sampled-label overlap, no point adjustment; delays among detected events only; no original-FPS seconds.",0.30357142857142855,0.44366640304140303,,927,311,True
R01,0,prototype_motion,0.99,2.9003045558929443,0.05830903790087463,0.012437810945273632,0.7337975529293858,0.46305109089235413,0.46145481632849306,0.48644814315824636,0.0,0.0,0.5454545454545454,157,459,0,311,0.4038961038961039,1.0,0.5753931544865865,0.25487012987012986,0.7451298701298701,0.5048543689320388,0.627435064935065,0.32084428069398313,207,409,0,311,0.43194444444444446,1.0,0.6032977691561591,0.336038961038961,0.663961038961039,0.5587918015102481,0.6680194805194806,0.3809857770805392,8,8,25,17,0.32,1.0,0.48484848484848486,0.0,0.0,41.97530864197531,405,"Sampled-label overlap, no point adjustment; delays among detected events only; no original-FPS seconds.",0.30357142857142855,0.44366640304140303,,927,311,True
R01,0,prototype_motion,0.995,3.0719821453094482,0.05830903790087463,0.007462686567164179,0.7337975529293858,0.46305109089235413,0.46145481632849306,0.48644814315824636,0.0,0.0,0.5454545454545454,174,442,0,311,0.41301460823373176,1.0,0.5845864661654135,0.2824675324675325,0.7175324675324676,0.52319309600863,0.6412337662337663,0.3415599760815468,212,404,0,311,0.43496503496503497,1.0,0.6062378167641326,0.34415584415584416,0.6558441558441559,0.564185544768069,0.672077922077922,0.386905361537764,8,8,24,16,0.3333333333333333,1.0,0.5,0.0,0.0,39.50617283950617,405,"Sampled-label overlap, no point adjustment; delays among detected events only; no original-FPS seconds.",0.30357142857142855,0.44366640304140303,,927,311,True
R01,0,prototype_motion,0.999,3.4636340141296387,0.03498542274052478,0.0024875621890547263,0.7337975529293858,0.46305109089235413,0.46145481632849306,0.48644814315824636,0.0,0.0,0.5454545454545454,216,400,0,311,0.43741209563994377,1.0,0.6086105675146771,0.35064935064935066,0.6493506493506493,0.5685005393743258,0.6753246753246753,0.3916353754480281,261,355,0,311,0.466966966966967,1.0,0.6366427840327533,0.4237012987012987,0.5762987012987013,0.6170442286947141,0.7118506493506493,0.4448083973516129,8,8,22,14,0.36363636363636365,1.0,0.5333333333333333,0.0,0.0,34.5679012345679,405,"Sampled-label overlap, no point adjustment; delays among detected events only; no original-FPS seconds.",0.30357142857142855,0.44366640304140303,,927,311,True
R01,0,prototype_motion_ema,0.95,2.124669985198484,0.10787172011661808,0.05223880597014925,0.7122238693782103,0.43883452148973245,0.4373379182340665,0.4771348130630581,0.0,0.003215434083601286,0.5292207792207793,83,533,0,311,0.3684834123222749,1.0,0.5385281385281385,0.13474025974025974,0.8652597402597403,0.4250269687162891,0.5673701298701299,0.22282179131826524,114,502,0,311,0.38253382533825336,1.0,0.5533807829181495,0.18506493506493507,0.814935064935065,0.45846817691477887,0.5925324675324676,0.2660706626938886,8,8,17,9,0.47058823529411764,1.0,0.6399999999999999,0.0,0.0,22.22222222222222,405,"Sampled-label overlap, no point adjustment; delays among detected events only; no original-FPS seconds.",0.5892857142857143,0.5976887695637696,,927,311,True
R01,0,prototype_motion_ema,0.975,2.3984961829411775,0.10204081632653061,0.02736318407960199,0.7122238693782103,0.43883452148973245,0.4373379182340665,0.4771348130630581,0.0,0.003215434083601286,0.5292207792207793,103,513,0,311,0.3774271844660194,1.0,0.5480176211453744,0.1672077922077922,0.8327922077922078,0.44660194174757284,0.5836038961038961,0.2512145820484277,137,479,0,311,0.39367088607594936,1.0,0.5649409627611263,0.2224025974025974,0.7775974025974026,0.48327939590075514,0.6112012987012987,0.2958942844751706,8,8,19,11,0.42105263157894735,1.0,0.5925925925925926,0.0,0.0,27.160493827160494,405,"Sampled-label overlap, no point adjustment; delays among detected events only; no original-FPS seconds.",0.5892857142857143,0.5976887695637696,,927,311,True
R01,0,prototype_motion_ema,0.99,2.6255372402292916,0.0728862973760933,0.012437810945273632,0.7122238693782103,0.43883452148973245,0.4373379182340665,0.4771348130630581,0.0,0.003215434083601286,0.5292207792207793,118,498,0,311,0.38442521631644005,1.0,0.5553571428571429,0.19155844155844157,0.8084415584415584,0.4627831715210356,0.5957792207792207,0.2713667174384951,150,466,0,311,0.40025740025740025,1.0,0.5716911764705882,0.2435064935064935,0.7564935064935064,0.49730312837108953,0.6217532467532467,0.31219429212704164,8,8,19,11,0.42105263157894735,1.0,0.5925925925925926,0.0,0.0,27.160493827160494,405,"Sampled-label overlap, no point adjustment; delays among detected events only; no original-FPS seconds.",0.5892857142857143,0.5976887695637696,,927,311,True
R01,0,prototype_motion_ema,0.995,2.6395819407666536,0.06997084548104957,0.007462686567164179,0.7122238693782103,0.43883452148973245,0.4373379182340665,0.4771348130630581,0.0,0.003215434083601286,0.5292207792207793,121,495,0,311,0.3858560794044665,1.0,0.5568487018800358,0.19642857142857142,0.8035714285714286,0.46601941747572817,0.5982142857142857,0.27530557287212476,151,465,0,311,0.4007731958762887,1.0,0.5722171113155474,0.24512987012987014,0.7548701298701299,0.49838187702265374,0.622564935064935,0.31343497165550566,8,8,19,11,0.42105263157894735,1.0,0.5925925925925926,0.0,0.0,27.160493827160494,405,"Sampled-label overlap, no point adjustment; delays among detected events only; no original-FPS seconds.",0.5892857142857143,0.5976887695637696,,927,311,True
R01,0,prototype_motion_ema,0.999,2.723980547136727,0.06997084548104957,0.0024875621890547263,0.7122238693782103,0.43883452148973245,0.4373379182340665,0.4771348130630581,0.0,0.003215434083601286,0.5292207792207793,127,489,0,311,0.38875,1.0,0.5598559855985599,0.20616883116883117,0.7938311688311688,0.47249190938511326,0.6030844155844156,0.2831044561939694,157,459,0,311,0.4038961038961039,1.0,0.5753931544865865,0.25487012987012986,0.7451298701298701,0.5048543689320388,0.627435064935065,0.32084428069398313,8,8,20,12,0.4,1.0,0.5714285714285715,0.0,0.0,29.62962962962963,405,"Sampled-label overlap, no point adjustment; delays among detected events only; no original-FPS seconds.",0.5892857142857143,0.5976887695637696,,927,311,True
R01,0,prototype_fewshot3,0.95,0.03341907635331154,0.014577259475218658,0.05223880597014925,0.785401094082766,0.5220861479148863,0.5199875440901358,0.5153661704685567,0.0,0.05144694533762058,0.46266233766233766,77,539,0,311,0.3658823529411765,1.0,0.5357450473729544,0.125,0.875,0.418554476806904,0.5625,0.213858116791594,116,500,0,311,0.3834771886559803,1.0,0.554367201426025,0.18831168831168832,0.8116883116883117,0.46062567421790723,0.5941558441558441,0.268725206902567,8,8,20,12,0.4,1.0,0.5714285714285715,0.0,0.0,29.62962962962963,405,"Sampled-label overlap, no point adjustment; delays among detected events only; no original-FPS seconds.",0.3392857142857143,0.4599476911976912,,927,311,True
R01,0,prototype_fewshot3,0.975,0.037134747952222824,0.0029154518950437317,0.02736318407960199,0.785401094082766,0.5220861479148863,0.5199875440901358,0.5153661704685567,0.0,0.05144694533762058,0.46266233766233766,113,503,0,311,0.3820638820638821,1.0,0.552888888888889,0.18344155844155843,0.8165584415584416,0.45738942826321466,0.5917207792207793,0.2647383499798061,164,452,0,311,0.4076015727391874,1.0,0.5791433891992551,0.2662337662337662,0.7337662337662337,0.5124056094929881,0.6331168831168831,0.3294196439697552,8,8,23,15,0.34782608695652173,1.0,0.5161290322580645,0.0,0.0,37.03703703703704,405,"Sampled-label overlap, no point adjustment; delays among detected events only; no original-FPS seconds.",0.3392857142857143,0.4599476911976912,,927,311,True
R01,0,prototype_fewshot3,0.99,0.040556564927101135,0.0,0.012437810945273632,0.785401094082766,0.5220861479148863,0.5199875440901358,0.5153661704685567,0.0,0.05144694533762058,0.46266233766233766,160,456,0,311,0.40547588005215124,1.0,0.5769944341372913,0.2597402597402597,0.7402597402597403,0.5080906148867314,0.6298701298701299,0.3245279809248444,203,413,0,311,0.42955801104972374,1.0,0.6009661835748792,0.32954545454545453,0.6704545454545454,0.5544768069039914,0.6647727272727273,0.376243126189732,8,8,23,15,0.34782608695652173,1.0,0.5161290322580645,0.0,0.0,37.03703703703704,405,"Sampled-label overlap, no point adjustment; delays among detected events only; no original-FPS seconds.",0.3392857142857143,0.4599476911976912,,927,311,True
R01,0,prototype_fewshot3,0.995,0.04889967665076256,0.0,0.007462686567164179,0.785401094082766,0.5220861479148863,0.5199875440901358,0.5153661704685567,0.0,0.05144694533762058,0.46266233766233766,274,342,0,311,0.4762633996937213,1.0,0.6452282157676348,0.4448051948051948,0.5551948051948052,0.6310679611650486,0.7224025974025974,0.4602656127491495,330,286,0,311,0.5209380234505863,1.0,0.6850220264317181,0.5357142857142857,0.4642857142857143,0.6914778856526429,0.7678571428571428,0.528274494116688,8,8,19,11,0.42105263157894735,1.0,0.5925925925925926,0.0,0.0,24.691358024691358,405,"Sampled-label overlap, no point adjustment; delays among detected events only; no original-FPS seconds.",0.3392857142857143,0.4599476911976912,,927,311,True
R01,0,prototype_fewshot3,0.999,0.04951503500342369,0.0,0.0024875621890547263,0.785401094082766,0.5220861479148863,0.5199875440901358,0.5153661704685567,0.0,0.05144694533762058,0.46266233766233766,282,334,0,311,0.4821705426356589,1.0,0.6506276150627616,0.4577922077922078,0.5422077922077922,0.639697950377562,0.7288961038961039,0.46982328299643167,349,267,0,311,0.5380622837370242,1.0,0.6996625421822273,0.5665584415584416,0.43344155844155846,0.7119741100323624,0.7832792207792207,0.5521265515580865,8,8,20,12,0.4,1.0,0.5714285714285715,0.0,0.0,27.160493827160494,405,"Sampled-label overlap, no point adjustment; delays among detected events only; no original-FPS seconds.",0.3392857142857143,0.4599476911976912,,927,311,True
R01,0,prototype_neural,0.95,2.4518392086029053,0.043731778425655975,0.05223880597014925,0.8649883075124233,0.6792228143022596,0.6769992673090887,0.6144611015993653,0.01929260450160772,0.2958199356913183,0.3555194805194805,109,507,0,311,0.3801955990220049,1.0,0.5509300265721877,0.17694805194805194,0.823051948051948,0.45307443365695793,0.588474025974026,0.25937399755211865,148,468,0,311,0.3992297817715019,1.0,0.5706422018348625,0.24025974025974026,0.7597402597402597,0.49514563106796117,0.6201298701298701,0.30970767454548787,8,8,18,10,0.4444444444444444,1.0,0.6153846153846153,0.0,0.0,24.691358024691358,405,"Sampled-label overlap, no point adjustment; delays among detected events only; no original-FPS seconds.",0.5357142857142858,0.5410599816849817,,927,311,True
R01,0,prototype_neural,0.975,2.9104557037353516,0.014577259475218658,0.02736318407960199,0.8649883075124233,0.6792228143022596,0.6769992673090887,0.6144611015993653,0.01929260450160772,0.2958199356913183,0.3555194805194805,128,488,0,311,0.38923654568210264,1.0,0.5603603603603604,0.2077922077922078,0.7922077922077922,0.47357065803667747,0.6038961038961039,0.28439465744049525,171,445,0,311,0.4113756613756614,1.0,0.5829428303655108,0.2775974025974026,0.7224025974025974,0.5199568500539374,0.6387987012987013,0.3379301926281111,8,8,17,9,0.47058823529411764,1.0,0.6399999999999999,0.0,0.0,22.22222222222222,405,"Sampled-label overlap, no point adjustment; delays among detected events only; no original-FPS seconds.",0.5357142857142858,0.5410599816849817,,927,311,True
R01,0,prototype_neural,0.99,3.382972002029419,0.0029154518950437317,0.012437810945273632,0.8649883075124233,0.6792228143022596,0.6769992673090887,0.6144611015993653,0.01929260450160772,0.2958199356913183,0.3555194805194805,161,455,0,311,0.40600522193211486,1.0,0.5775301764159703,0.26136363636363635,0.7386363636363636,0.5091693635382956,0.6306818181818181,0.325752975714425,214,402,0,311,0.4361851332398317,1.0,0.607421875,0.3474025974025974,0.6525974025974026,0.5663430420711975,0.6737012987012987,0.38927091881608056,8,8,19,11,0.42105263157894735,1.0,0.5925925925925926,0.0,0.0,27.160493827160494,405,"Sampled-label overlap, no point adjustment; delays among detected events only; no original-FPS seconds.",0.5357142857142858,0.5410599816849817,,927,311,True
R01,0,prototype_neural,0.995,3.633371114730835,0.0029154518950437317,0.007462686567164179,0.8649883075124233,0.6792228143022596,0.6769992673090887,0.6144611015993653,0.01929260450160772,0.2958199356913183,0.3555194805194805,174,442,0,311,0.41301460823373176,1.0,0.5845864661654135,0.2824675324675325,0.7175324675324676,0.52319309600863,0.6412337662337663,0.3415599760815468,219,397,0,311,0.4392655367231638,1.0,0.6104023552502452,0.3555194805194805,0.6444805194805194,0.5717367853290184,0.6777597402597403,0.3951802821826135,8,8,17,9,0.47058823529411764,1.0,0.6399999999999999,0.0,0.0,22.22222222222222,405,"Sampled-label overlap, no point adjustment; delays among detected events only; no original-FPS seconds.",0.5357142857142858,0.5410599816849817,,927,311,True
R01,0,prototype_neural,0.999,3.7621710300445557,0.0029154518950437317,0.0024875621890547263,0.8649883075124233,0.6792228143022596,0.6769992673090887,0.6144611015993653,0.01929260450160772,0.2958199356913183,0.3555194805194805,182,434,0,311,0.4174496644295302,1.0,0.5890151515151515,0.29545454545454547,0.7045454545454546,0.5318230852211435,0.6477272727272727,0.351194249460579,225,391,0,311,0.443019943019943,1.0,0.6140177690029615,0.3652597402597403,0.6347402597402597,0.5782092772384034,0.6826298701298701,0.40226527232331316,8,8,18,10,0.4444444444444444,1.0,0.6153846153846153,0.0,0.0,24.691358024691358,405,"Sampled-label overlap, no point adjustment; delays among detected events only; no original-FPS seconds.",0.5357142857142858,0.5410599816849817,,927,311,True
R01,0,prototype_neural_ema,0.95,2.483243367540024,0.008746355685131196,0.05223880597014925,0.8816031235645384,0.718981542701677,0.7167271623630806,0.6406373284863723,0.07395498392282958,0.3858520900321543,0.3425324675324675,102,514,0,311,0.37696969696969695,1.0,0.5475352112676056,0.16558441558441558,0.8344155844155844,0.44552319309600863,0.5827922077922078,0.2498405630912673,136,480,0,311,0.393173198482933,1.0,0.5644283121597096,0.22077922077922077,0.7792207792207793,0.48220064724919093,0.6103896103896104,0.29462598729972184,8,8,17,9,0.47058823529411764,1.0,0.6399999999999999,0.0,0.0,22.22222222222222,405,"Sampled-label overlap, no point adjustment; delays among detected events only; no original-FPS seconds.",0.8571428571428572,0.7713789682539683,,927,311,True
R01,0,prototype_neural_ema,0.975,2.659478709640147,0.0058309037900874635,0.02736318407960199,0.8816031235645384,0.718981542701677,0.7167271623630806,0.6406373284863723,0.07395498392282958,0.3858520900321543,0.3425324675324675,110,506,0,311,0.3806609547123623,1.0,0.551418439716312,0.17857142857142858,0.8214285714285714,0.45415318230852214,0.5892857142857143,0.26072048343839505,143,473,0,311,0.39668367346938777,1.0,0.5680365296803653,0.23214285714285715,0.7678571428571429,0.48975188781014023,0.6160714285714286,0.30345886268340866,8,8,16,8,0.5,1.0,0.6666666666666666,0.0,0.0,19.753086419753085,405,"Sampled-label overlap, no point adjustment; delays among detected events only; no original-FPS seconds.",0.8571428571428572,0.7713789682539683,,927,311,True
R01,0,prototype_neural_ema,0.99,2.840181782005367,0.0029154518950437317,0.012437810945273632,0.8816031235645384,0.718981542701677,0.7167271623630806,0.6406373284863723,0.07395498392282958,0.3858520900321543,0.3425324675324675,116,500,0,311,0.3834771886559803,1.0,0.554367201426025,0.18831168831168832,0.8116883116883117,0.46062567421790723,0.5941558441558441,0.268725206902567,148,468,0,311,0.3992297817715019,1.0,0.5706422018348625,0.24025974025974026,0.7597402597402597,0.49514563106796117,0.6201298701298701,0.30970767454548787,8,8,16,8,0.5,1.0,0.6666666666666666,0.0,0.0,19.753086419753085,405,"Sampled-label overlap, no point adjustment; delays among detected events only; no original-FPS seconds.",0.8571428571428572,0.7713789682539683,,927,311,True
R01,0,prototype_neural_ema,0.995,2.972720148899614,0.0029154518950437317,0.007462686567164179,0.8816031235645384,0.718981542701677,0.7167271623630806,0.6406373284863723,0.07395498392282958,0.3858520900321543,0.3425324675324675,123,493,0,311,0.38681592039800994,1.0,0.557847533632287,0.19967532467532467,0.8003246753246753,0.46817691477885653,0.5998376623376623,0.277916524328902,151,465,0,311,0.4007731958762887,1.0,0.5722171113155474,0.24512987012987014,0.7548701298701299,0.49838187702265374,0.622564935064935,0.31343497165550566,8,8,16,8,0.5,1.0,0.6666666666666666,0.0,0.0,19.753086419753085,405,"Sampled-label overlap, no point adjustment; delays among detected events only; no original-FPS seconds.",0.8571428571428572,0.7713789682539683,,927,311,True
R01,0,prototype_neural_ema,0.999,3.3357294167256164,0.0,0.0024875621890547263,0.8816031235645384,0.718981542701677,0.7167271623630806,0.6406373284863723,0.07395498392282958,0.3858520900321543,0.3425324675324675,156,460,0,311,0.4033722438391699,1.0,0.5748613678373383,0.2532467532467532,0.7467532467532467,0.5037756202804746,0.6266233766233766,0.31961337753937563,189,427,0,311,0.42140921409214094,1.0,0.5929456625357483,0.3068181818181818,0.6931818181818182,0.5393743257820928,0.6534090909090909,0.35957754222028326,8,8,20,12,0.4,1.0,0.5714285714285715,0.0,0.0,29.62962962962963,405,"Sampled-label overlap, no point adjustment; delays among detected events only; no original-FPS seconds.",0.8571428571428572,0.7713789682539683,,927,311,True
R01,0,reference_dino_global_pca,0.95,0.0020977670792490244,0.04664723032069971,0.05223880597014925,0.8113751200567921,0.560282980747211,0.5580271256285012,0.5385038890708209,0.0,0.11254019292604502,0.36688311688311687,120,496,0,311,0.3853779429987608,1.0,0.556350626118068,0.19480519480519481,0.8051948051948052,0.46494066882416396,0.5974025974025974,0.27399566649766355,157,459,0,311,0.4038961038961039,1.0,0.5753931544865865,0.25487012987012986,0.7451298701298701,0.5048543689320388,0.627435064935065,0.32084428069398313,8,8,20,12,0.4,1.0,0.5714285714285715,0.0,0.0,29.62962962962963,405,"Sampled-label overlap, no point adjustment; delays among detected events only; no original-FPS seconds.",0.8392857142857143,0.7602678571428572,,927,311,True
R01,0,reference_dino_global_pca,0.975,0.0023510647006332874,0.01749271137026239,0.02736318407960199,0.8113751200567921,0.560282980747211,0.5580271256285012,0.5385038890708209,0.0,0.11254019292604502,0.36688311688311687,134,482,0,311,0.3921815889029004,1.0,0.5634057971014493,0.21753246753246752,0.7824675324675324,0.48004314994606256,0.6087662337662337,0.2920825718094999,175,441,0,311,0.41356382978723405,1.0,0.5851364063969897,0.2840909090909091,0.7159090909090909,0.5242718446601942,0.6420454545454546,0.34276774114752007,8,8,19,11,0.42105263157894735,1.0,0.5925925925925926,0.0,0.0,27.160493827160494,405,"Sampled-label overlap, no point adjustment; delays among detected events only; no original-FPS seconds.",0.8392857142857143,0.7602678571428572,,927,311,True
R01,0,reference_dino_global_pca,0.99,0.0026590453926473856,0.0029154518950437317,0.012437810945273632,0.8113751200567921,0.560282980747211,0.5580271256285012,0.5385038890708209,0.0,0.11254019292604502,0.36688311688311687,160,456,0,311,0.40547588005215124,1.0,0.5769944341372913,0.2597402597402597,0.7402597402597403,0.5080906148867314,0.6298701298701299,0.3245279809248444,206,410,0,311,0.43134535367545074,1.0,0.6027131782945736,0.3344155844155844,0.6655844155844156,0.5577130528586839,0.6672077922077921,0.37980074846466905,8,8,15,7,0.5333333333333333,1.0,0.6956521739130436,0.0,0.0,17.28395061728395,405,"Sampled-label overlap, no point adjustment; delays among detected events only; no original-FPS seconds.",0.8392857142857143,0.7602678571428572,,927,311,True
R01,0,reference_dino_global_pca,0.995,0.0028289405163377523,0.0029154518950437317,0.007462686567164179,0.8113751200567921,0.560282980747211,0.5580271256285012,0.5385038890708209,0.0,0.11254019292604502,0.36688311688311687,171,445,0,311,0.4113756613756614,1.0,0.5829428303655108,0.2775974025974026,0.7224025974025974,0.5199568500539374,0.6387987012987013,0.3379301926281111,209,407,0,311,0.4331476323119777,1.0,0.6044703595724004,0.3392857142857143,0.6607142857142857,0.5609492988133765,0.6696428571428572,0.38335467105558435,8,8,15,7,0.5333333333333333,1.0,0.6956521739130436,0.0,0.0,17.28395061728395,405,"Sampled-label overlap, no point adjustment; delays among detected events only; no original-FPS seconds.",0.8392857142857143,0.7602678571428572,,927,311,True
R01,0,reference_dino_global_pca,0.999,0.0035211427602916956,0.0,0.0024875621890547263,0.8113751200567921,0.560282980747211,0.5580271256285012,0.5385038890708209,0.0,0.11254019292604502,0.36688311688311687,198,418,0,311,0.42661179698216734,1.0,0.5980769230769231,0.32142857142857145,0.6785714285714286,0.5490830636461704,0.6607142857142857,0.37030422689803827,228,388,0,311,0.4449213161659514,1.0,0.6158415841584158,0.37012987012987014,0.6298701298701299,0.5814455231930961,0.685064935064935,0.40580619631853143,8,8,15,7,0.5333333333333333,1.0,0.6956521739130436,0.0,0.0,17.28395061728395,405,"Sampled-label overlap, no point adjustment; delays among detected events only; no original-FPS seconds.",0.8392857142857143,0.7602678571428572,,927,311,True
R01,0,reference_dino_frame_denoising_ae,0.95,0.37180355191230774,0.04081632653061224,0.05223880597014925,0.833465569799975,0.6242834102271962,0.6217514148475254,0.5848342721756159,0.02572347266881029,0.24437299035369775,0.3961038961038961,111,505,0,311,0.38112745098039214,1.0,0.551907719609583,0.18019480519480519,0.8198051948051948,0.4552319309600863,0.5900974025974026,0.2620633259038823,152,464,0,311,0.4012903225806452,1.0,0.572744014732965,0.24675324675324675,0.7532467532467533,0.4994606256742179,0.6233766233766234,0.31467394233941887,8,8,20,12,0.4,1.0,0.5714285714285715,0.0,0.0,29.62962962962963,405,"Sampled-label overlap, no point adjustment; delays among detected events only; no original-FPS seconds.",0.5892857142857143,0.5654626623376623,,927,311,True
R01,0,reference_dino_frame_denoising_ae,0.975,0.4183233678340912,0.0058309037900874635,0.02736318407960199,0.833465569799975,0.6242834102271962,0.6217514148475254,0.5848342721756159,0.02572347266881029,0.24437299035369775,0.3961038961038961,131,485,0,311,0.3907035175879397,1.0,0.5618789521228545,0.21266233766233766,0.7873376623376623,0.47680690399137,0.6063311688311688,0.28824975868706204,172,444,0,311,0.4119205298013245,1.0,0.5834896810506567,0.2792207792207792,0.7207792207792207,0.5210355987055016,0.6396103896103896,0.3391412261995908,8,8,17,9,0.47058823529411764,1.0,0.6399999999999999,0.0,0.0,22.22222222222222,405,"Sampled-label overlap, no point adjustment; delays among detected events only; no original-FPS seconds.",0.5892857142857143,0.5654626623376623,,927,311,True
R01,0,reference_dino_frame_denoising_ae,0.99,0.4481193423271179,0.0058309037900874635,0.012437810945273632,0.833465569799975,0.6242834102271962,0.6217514148475254,0.5848342721756159,0.02572347266881029,0.24437299035369775,0.3961038961038961,144,472,0,311,0.39719029374201786,1.0,0.5685557586837293,0.23376623376623376,0.7662337662337663,0.49083063646170444,0.6168831168831169,0.304712453071048,195,421,0,311,0.4248633879781421,1.0,0.5963566634707574,0.31655844155844154,0.6834415584415584,0.5458468176914779,0.6582792207792207,0.3667343615937838,8,8,19,11,0.42105263157894735,1.0,0.5925925925925926,0.0,0.0,27.160493827160494,405,"Sampled-label overlap, no point adjustment; delays among detected events only; no original-FPS seconds.",0.5892857142857143,0.5654626623376623,,927,311,True
R01,0,reference_dino_frame_denoising_ae,0.995,0.5541380047798157,0.0029154518950437317,0.007462686567164179,0.833465569799975,0.6242834102271962,0.6217514148475254,0.5848342721756159,0.02572347266881029,0.24437299035369775,0.3961038961038961,183,433,0,311,0.41801075268817206,1.0,0.5895734597156399,0.29707792207792205,0.702922077922078,0.5329018338727076,0.648538961038961,0.35239433283585925,229,387,0,311,0.4455587392550143,1.0,0.6164519326065412,0.3717532467532468,0.6282467532467533,0.5825242718446602,0.6858766233766234,0.40698637315926794,8,8,16,8,0.5,1.0,0.6666666666666666,0.0,0.0,19.753086419753085,405,"Sampled-label overlap, no point adjustment; delays among detected events only; no original-FPS seconds.",0.5892857142857143,0.5654626623376623,,927,311,True
R01,0,reference_dino_frame_denoising_ae,0.999,0.555374264717102,0.0029154518950437317,0.0024875621890547263,0.833465569799975,0.6242834102271962,0.6217514148475254,0.5848342721756159,0.02572347266881029,0.24437299035369775,0.3961038961038961,184,432,0,311,0.4185733512786003,1.0,0.5901328273244782,0.2987012987012987,0.7012987012987013,0.5339805825242718,0.6493506493506493,0.3535935571085435,229,387,0,311,0.4455587392550143,1.0,0.6164519326065412,0.3717532467532468,0.6282467532467533,0.5825242718446602,0.6858766233766234,0.40698637315926794,8,8,16,8,0.5,1.0,0.6666666666666666,0.0,0.0,19.753086419753085,405,"Sampled-label overlap, no point adjustment; delays among detected events only; no original-FPS seconds.",0.5892857142857143,0.5654626623376623,,927,311,True
R01,0,reference_dino_full_ema,0.95,2.2539573994703077,0.02040816326530612,0.05223880597014925,0.8777560863573727,0.7152478328035964,0.7129663793184661,0.6492528456481748,0.06109324758842444,0.3987138263665595,0.32305194805194803,100,516,0,311,0.37605804111245467,1.0,0.5465729349736379,0.16233766233766234,0.8376623376623377,0.44336569579288027,0.5811688311688312,0.24707971041240195,134,482,0,311,0.3921815889029004,1.0,0.5634057971014493,0.21753246753246752,0.7824675324675324,0.48004314994606256,0.6087662337662337,0.2920825718094999,8,8,18,10,0.4444444444444444,1.0,0.6153846153846153,0.0,0.0,24.691358024691358,405,"Sampled-label overlap, no point adjustment; delays among detected events only; no original-FPS seconds.",0.8571428571428572,0.7713789682539683,,927,311,True
R01,0,reference_dino_full_ema,0.975,2.541002719899124,0.008746355685131196,0.02736318407960199,0.8777560863573727,0.7152478328035964,0.7129663793184661,0.6492528456481748,0.06109324758842444,0.3987138263665595,0.32305194805194803,114,502,0,311,0.38253382533825336,1.0,0.5533807829181495,0.18506493506493507,0.814935064935065,0.45846817691477887,0.5925324675324676,0.2660706626938886,146,470,0,311,0.39820742637644047,1.0,0.5695970695970696,0.237012987012987,0.762987012987013,0.4929881337648328,0.6185064935064934,0.3072138206139728,8,8,16,8,0.5,1.0,0.6666666666666666,0.0,0.0,19.753086419753085,405,"Sampled-label overlap, no point adjustment; delays among detected events only; no original-FPS seconds.",0.8571428571428572,0.7713789682539683,,927,311,True
R01,0,reference_dino_full_ema,0.99,2.639322055754339,0.0058309037900874635,0.012437810945273632,0.8777560863573727,0.7152478328035964,0.7129663793184661,0.6492528456481748,0.06109324758842444,0.3987138263665595,0.32305194805194803,120,496,0,311,0.3853779429987608,1.0,0.556350626118068,0.19480519480519481,0.8051948051948052,0.46494066882416396,0.5974025974025974,0.27399566649766355,151,465,0,311,0.4007731958762887,1.0,0.5722171113155474,0.24512987012987014,0.7548701298701299,0.49838187702265374,0.622564935064935,0.31343497165550566,8,8,17,9,0.47058823529411764,1.0,0.6399999999999999,0.0,0.0,22.22222222222222,405,"Sampled-label overlap, no point adjustment; delays among detected events only; no original-FPS seconds.",0.8571428571428572,0.7713789682539683,,927,311,True
R01,0,reference_dino_full_ema,0.995,2.7644915794403353,0.0029154518950437317,0.007462686567164179,0.8777560863573727,0.7152478328035964,0.7129663793184661,0.6492528456481748,0.06109324758842444,0.3987138263665595,0.32305194805194803,127,489,0,311,0.38875,1.0,0.5598559855985599,0.20616883116883117,0.7938311688311688,0.47249190938511326,0.6030844155844156,0.2831044561939694,159,457,0,311,0.4049479166666667,1.0,0.5764596848934198,0.25811688311688313,0.7418831168831169,0.5070118662351673,0.6290584415584416,0.32330155284915557,8,8,18,10,0.4444444444444444,1.0,0.6153846153846153,0.0,0.0,24.691358024691358,405,"Sampled-label overlap, no point adjustment; delays among detected events only; no original-FPS seconds.",0.8571428571428572,0.7713789682539683,,927,311,True
R01,0,reference_dino_full_ema,0.999,3.008296340923647,0.0029154518950437317,0.0024875621890547263,0.8777560863573727,0.7152478328035964,0.7129663793184661,0.6492528456481748,0.06109324758842444,0.3987138263665595,0.32305194805194803,148,468,0,311,0.3992297817715019,1.0,0.5706422018348625,0.24025974025974026,0.7597402597402597,0.49514563106796117,0.6201298701298701,0.30970767454548787,184,432,0,311,0.4185733512786003,1.0,0.5901328273244782,0.2987012987012987,0.7012987012987013,0.5339805825242718,0.6493506493506493,0.3535935571085435,8,8,20,12,0.4,1.0,0.5714285714285715,0.0,0.0,29.62962962962963,405,"Sampled-label overlap, no point adjustment; delays among detected events only; no original-FPS seconds.",0.8571428571428572,0.7713789682539683,,927,311,True
R02,0,prototype64,0.95,0.021154016256332397,0.1597315436241611,0.050790067720090294,0.7921419107693194,0.7406746351478473,0.7405239554111944,0.7131935948919217,0.4187116564417178,0.4616564417177914,0.6823161189358372,1105,173,309,343,0.6647286821705426,0.5260736196319018,0.5873287671232875,0.8646322378716745,0.13536776212832552,0.7502590673575129,0.6953529287517881,0.41753183243692926,1149,129,324,328,0.7177242888402626,0.5030674846625767,0.5915238954012624,0.8990610328638498,0.10093896713615023,0.7652849740932642,0.7010642587632132,0.4473986034718671,15,6,22,15,0.3181818181818182,0.4,0.35443037974683544,2.0,8.0,13.559322033898304,295,"Sampled-label overlap, no point adjustment; delays among detected events only; no original-FPS seconds.",0.7,0.9354365079365078,,1930,652,True
R02,0,prototype64,0.975,0.029174990952014923,0.04161073825503356,0.025959367945823927,0.7921419107693194,0.7406746351478473,0.7405239554111944,0.7131935948919217,0.4187116564417178,0.4616564417177914,0.6823161189358372,1189,89,350,302,0.7723785166240409,0.46319018404907975,0.5790987535953979,0.9303599374021909,0.06964006259780908,0.7725388601036269,0.6967750607256353,0.46310725740166014,1213,65,360,292,0.8179271708683473,0.44785276073619634,0.5787908820614469,0.9491392801251957,0.05086071987480438,0.7797927461139896,0.698496020430696,0.48358470375659085,15,4,14,10,0.2857142857142857,0.26666666666666666,0.2758620689655172,2.0,8.0,6.779661016949152,295,"Sampled-label overlap, no point adjustment; delays among detected events only; no original-FPS seconds.",0.7,0.9354365079365078,,1930,652,True
R02,0,prototype64,0.99,0.05004391819238663,0.013422818791946308,0.010158013544018058,0.7921419107693194,0.7406746351478473,0.7405239554111944,0.7131935948919217,0.4187116564417178,0.4616564417177914,0.6823161189358372,1259,19,364,288,0.9381107491856677,0.44171779141104295,0.6006256517205422,0.985133020344288,0.01486697965571205,0.8015544041450777,0.7134254058776655,0.5519972178127416,1272,6,375,277,0.9787985865724381,0.42484662576687116,0.5925133689839572,0.9953051643192489,0.004694835680751174,0.8025906735751296,0.71007589504306,0.561765967638977,15,4,6,0,1.0,0.26666666666666666,0.4210526315789474,2.5,10.0,0.0,295,"Sampled-label overlap, no point adjustment; delays among detected events only; no original-FPS seconds.",0.7,0.9354365079365078,,1930,652,True
R02,0,prototype64,0.995,0.06628230214118958,0.0026845637583892616,0.0056433408577878106,0.7921419107693194,0.7406746351478473,0.7405239554111944,0.7131935948919217,0.4187116564417178,0.4616564417177914,0.6823161189358372,1272,6,408,244,0.976,0.37423312883435583,0.541019955654102,0.9953051643192489,0.004694835680751174,0.7854922279792746,0.6847691465768023,0.5205039481755431,1272,6,428,224,0.9739130434782609,0.34355828220858897,0.507936507936508,0.9953051643192489,0.004694835680751174,0.7751295336787565,0.6694317232639189,0.49468138693718594,15,4,9,0,1.0,0.26666666666666666,0.4210526315789474,3.0,12.0,0.0,295,"Sampled-label overlap, no point adjustment; delays among detected events only; no original-FPS seconds.",0.7,0.9354365079365078,,1930,652,True
R02,0,prototype64,0.999,0.0981043204665184,0.0,0.001128668171557562,0.7921419107693194,0.7406746351478473,0.7405239554111944,0.7131935948919217,0.4187116564417178,0.4616564417177914,0.6823161189358372,1278,0,576,76,1.0,0.1165644171779141,0.20879120879120877,1.0,0.0,0.7015544041450777,0.558282208588957,0.28346116015569855,1277,1,586,66,0.9850746268656716,0.10122699386503067,0.18358831710709317,0.9992175273865415,0.000782472613458529,0.6958549222797927,0.550222260625786,0.2595204879596007,15,2,3,0,1.0,0.13333333333333333,0.23529411764705882,20.5,82.0,0.0,295,"Sampled-label overlap, no point adjustment; delays among detected events only; no original-FPS seconds.",0.7,0.9354365079365078,,1930,652,True
R02,0,prototype256,0.95,0.018545091152191162,0.2,0.050790067720090294,0.7950209779467535,0.7450744325225854,0.7449284121404555,0.7175468409784218,0.43558282208588955,0.4601226993865031,0.7065727699530516,1102,176,309,343,0.6608863198458574,0.5260736196319018,0.5858240819812126,0.8622848200312989,0.13771517996870108,0.7487046632124352,0.6941792198316004,0.4142617032875247,1144,134,326,326,0.7086956521739131,0.5,0.5863309352517985,0.8951486697965572,0.10485133020344288,0.7616580310880829,0.6975743348982786,0.43864397235425306,15,7,23,16,0.30434782608695654,0.4666666666666667,0.3684210526315789,2.0,8.0,16.949152542372882,295,"Sampled-label overlap, no point adjustment; delays among detected events only; no original-FPS seconds.",0.7,0.9451515151515152,,1930,652,True
R02,0,prototype256,0.975,0.026767641305923462,0.04563758389261745,0.025959367945823927,0.7950209779467535,0.7450744325225854,0.7449284121404555,0.7175468409784218,0.43558282208588955,0.4601226993865031,0.7065727699530516,1196,82,345,307,0.7892030848329049,0.4708588957055215,0.5898174831892412,0.9358372456964006,0.06416275430359937,0.7787564766839378,0.7033480707009611,0.47949397748387557,1214,64,360,292,0.8202247191011236,0.44785276073619634,0.5793650793650794,0.9499217527386542,0.050078247261345854,0.7803108808290156,0.6988872567374252,0.4850637444681154,15,4,14,10,0.2857142857142857,0.26666666666666666,0.2758620689655172,2.0,8.0,6.779661016949152,295,"Sampled-label overlap, no point adjustment; delays among detected events only; no original-FPS seconds.",0.7,0.9451515151515152,,1930,652,True
R02,0,prototype256,0.99,0.04511222615838051,0.010738255033557046,0.010158013544018058,0.7950209779467535,0.7450744325225854,0.7449284121404555,0.7175468409784218,0.43558282208588955,0.4601226993865031,0.7065727699530516,1263,15,363,289,0.9506578947368421,0.4432515337423313,0.6046025104602512,0.9882629107981221,0.011737089201877934,0.8041450777202073,0.7157572222702266,0.5602572693681686,1272,6,374,278,0.9788732394366197,0.4263803680981595,0.594017094017094,0.9953051643192489,0.004694835680751174,0.8031088082901554,0.7108427662087042,0.5629940958481465,15,4,7,1,0.8571428571428571,0.26666666666666666,0.4067796610169491,3.0,12.0,0.0,295,"Sampled-label overlap, no point adjustment; delays among detected events only; no original-FPS seconds.",0.7,0.9451515151515152,,1930,652,True
R02,0,prototype256,0.995,0.05429549515247345,0.006711409395973154,0.0056433408577878106,0.7950209779467535,0.7450744325225854,0.7449284121404555,0.7175468409784218,0.43558282208588955,0.4601226993865031,0.7065727699530516,1273,5,391,261,0.981203007518797,0.4003067484662577,0.5686274509803921,0.9960876369327074,0.003912363067292645,0.794818652849741,0.6981971926994825,0.5438751798523814,1274,4,410,242,0.983739837398374,0.37116564417177916,0.5389755011135858,0.9968701095461658,0.003129890453834116,0.7854922279792746,0.6840178768589725,0.5219641061514824,15,4,8,0,1.0,0.26666666666666666,0.4210526315789474,3.0,12.0,0.0,295,"Sampled-label overlap, no point adjustment; delays among detected events only; no original-FPS seconds.",0.7,0.9451515151515152,,1930,652,True
R02,0,prototype256,0.999,0.09390342235565186,0.0,0.001128668171557562,0.7950209779467535,0.7450744325225854,0.7449284121404555,0.7175468409784218,0.43558282208588955,0.4601226993865031,0.7065727699530516,1278,0,576,76,1.0,0.1165644171779141,0.20879120879120877,1.0,0.0,0.7015544041450777,0.558282208588957,0.28346116015569855,1276,2,585,67,0.9710144927536232,0.10276073619631902,0.18585298196948682,0.9984350547730829,0.001564945226917058,0.6958549222797927,0.550597895484701,0.25778280327289416,15,3,3,0,1.0,0.2,0.33333333333333337,30.0,120.0,0.0,295,"Sampled-label overlap, no point adjustment; delays among detected events only; no original-FPS seconds.",0.7,0.9451515151515152,,1930,652,True
R02,0,prototype_motion,0.95,1.2540127038955688,0.138255033557047,0.050790067720090294,0.7672420000576053,0.7120387296637288,0.711852410933828,0.69892869216158,0.31901840490797545,0.4616564417177914,0.7582159624413145,1117,161,323,329,0.6714285714285714,0.504601226993865,0.5761821366024518,0.8740219092331768,0.12597809076682315,0.7492227979274612,0.6893115681135209,0.4114500195031405,1147,131,335,317,0.7075892857142857,0.48619631901840493,0.5763636363636363,0.8974960876369327,0.10250391236306729,0.7585492227979275,0.6918462033276688,0.4298424673476734,15,5,22,17,0.22727272727272727,0.3333333333333333,0.27027027027027023,2.0,8.0,16.949152542372882,295,"Sampled-label overlap, no point adjustment; delays among detected events only; no original-FPS seconds.",0.7,0.9451515151515152,,1930,652,True
R02,0,prototype_motion,0.975,2.6359949111938477,0.03087248322147651,0.025959367945823927,0.7672420000576053,0.7120387296637288,0.711852410933828,0.69892869216158,0.31901840490797545,0.4616564417177914,0.7582159624413145,1221,57,351,301,0.840782122905028,0.4616564417177914,0.596039603960396,0.9553990610328639,0.04460093896713615,0.78860103626943,0.7085277513753276,0.5074757526781155,1243,35,359,293,0.8932926829268293,0.4493865030674847,0.5979591836734695,0.9726134585289515,0.027386541471048513,0.7958549222797927,0.7109999807982181,0.531414571258146,15,5,14,9,0.35714285714285715,0.3333333333333333,0.3448275862068965,2.0,8.0,6.779661016949152,295,"Sampled-label overlap, no point adjustment; delays among detected events only; no original-FPS seconds.",0.7,0.9451515151515152,,1930,652,True
R02,0,prototype_motion,0.99,4.732595920562744,0.009395973154362415,0.010158013544018058,0.7672420000576053,0.7120387296637288,0.711852410933828,0.69892869216158,0.31901840490797545,0.4616564417177914,0.7582159624413145,1262,16,416,236,0.9365079365079365,0.3619631901840491,0.5221238938053098,0.9874804381846636,0.012519561815336464,0.7761658031088083,0.6747218141843563,0.4905351154657582,1270,8,433,219,0.9647577092511013,0.33588957055214724,0.4982935153583618,0.9937402190923318,0.006259780907668232,0.7715025906735752,0.6648148948222395,0.4839443518133175,15,4,9,1,0.8888888888888888,0.26666666666666666,0.41025641025641024,3.0,12.0,0.0,295,"Sampled-label overlap, no point adjustment; delays among detected events only; no original-FPS seconds.",0.7,0.9451515151515152,,1930,652,True
R02,0,prototype_motion,0.995,5.513247013092041,0.006711409395973154,0.0056433408577878106,0.7672420000576053,0.7120387296637288,0.711852410933828,0.69892869216158,0.31901840490797545,0.4616564417177914,0.7582159624413145,1266,12,456,196,0.9423076923076923,0.3006134969325153,0.455813953488372,0.9906103286384976,0.009389671361502348,0.7575129533678756,0.6456119127855064,0.4441890888872052,1270,8,477,175,0.9562841530054644,0.2684049079754601,0.41916167664670667,0.9937402190923318,0.006259780907668232,0.7487046632124352,0.631072563533896,0.42321301652461113,15,4,9,1,0.8888888888888888,0.26666666666666666,0.41025641025641024,3.0,12.0,0.0,295,"Sampled-label overlap, no point adjustment; delays among detected events only; no original-FPS seconds.",0.7,0.9451515151515152,,1930,652,True
R02,0,prototype_motion,0.999,9.175756454467773,0.0,0.001128668171557562,0.7672420000576053,0.7120387296637288,0.711852410933828,0.69892869216158,0.31901840490797545,0.4616564417177914,0.7582159624413145,1278,0,613,39,1.0,0.0598159509202454,0.11287988422575977,1.0,0.0,0.6823834196891192,0.5299079754601227,0.20106115272971928,1278,0,630,22,1.0,0.03374233128834356,0.06528189910979228,1.0,0.0,0.6735751295336787,0.5168711656441718,0.15033627468308708,15,1,4,0,1.0,0.06666666666666667,0.125,11.0,44.0,0.0,295,"Sampled-label overlap, no point adjustment; delays among detected events only; no original-FPS seconds.",0.7,0.9451515151515152,,1930,652,True
R02,0,prototype_motion_ema,0.95,1.4544981190728503,0.10469798657718121,0.050790067720090294,0.7520905940071239,0.7072002162301139,0.7070142871691963,0.7051200035573828,0.3911042944785276,0.45858895705521474,0.797339593114241,1134,144,330,322,0.6909871244635193,0.4938650306748466,0.5760286225402503,0.8873239436619719,0.11267605633802817,0.7544041450777202,0.6905944871684092,0.4212753601137028,1148,130,335,317,0.70917225950783,0.48619631901840493,0.5768880800727935,0.8982785602503912,0.10172143974960876,0.7590673575129534,0.6922374396343981,0.43105516862678067,15,5,18,13,0.2777777777777778,0.3333333333333333,0.303030303030303,2.0,8.0,13.559322033898304,295,"Sampled-label overlap, no point adjustment; delays among detected events only; no original-FPS seconds.",0.6499999999999999,0.932651515151515,,1930,652,True
R02,0,prototype_motion_ema,0.975,2.1664945414242744,0.038926174496644296,0.025959367945823927,0.7520905940071239,0.7072002162301139,0.7070142871691963,0.7051200035573828,0.3911042944785276,0.45858895705521474,0.797339593114241,1192,86,352,300,0.7772020725388601,0.4601226993865031,0.5780346820809248,0.9327073552425665,0.06729264475743349,0.7730569948186529,0.6964150273145349,0.46449028161348543,1206,72,361,291,0.8016528925619835,0.44631901840490795,0.5733990147783251,0.9436619718309859,0.056338028169014086,0.7756476683937824,0.6949904951179469,0.4720031008080032,15,5,16,11,0.3125,0.3333333333333333,0.3225806451612903,3.0,12.0,6.779661016949152,295,"Sampled-label overlap, no point adjustment; delays among detected events only; no original-FPS seconds.",0.6499999999999999,0.932651515151515,,1930,652,True
R02,0,prototype_motion_ema,0.99,2.656591214834611,0.024161073825503355,0.010158013544018058,0.7520905940071239,0.7072002162301139,0.7070142871691963,0.7051200035573828,0.3911042944785276,0.45858895705521474,0.797339593114241,1219,59,353,299,0.835195530726257,0.45858895705521474,0.592079207920792,0.9538341158059468,0.04616588419405321,0.7865284974093264,0.7062115364305808,0.5018389829211057,1232,46,362,290,0.8630952380952381,0.4447852760736196,0.5870445344129556,0.9640062597809077,0.03599374021909233,0.78860103626943,0.7043957679272637,0.5098909720620892,15,5,13,8,0.38461538461538464,0.3333333333333333,0.3571428571428571,3.0,12.0,6.779661016949152,295,"Sampled-label overlap, no point adjustment; delays among detected events only; no original-FPS seconds.",0.6499999999999999,0.932651515151515,,1930,652,True
R02,0,prototype_motion_ema,0.995,4.791508726230557,0.004026845637583893,0.0056433408577878106,0.7520905940071239,0.7072002162301139,0.7070142871691963,0.7051200035573828,0.3911042944785276,0.45858895705521474,0.797339593114241,1271,7,423,229,0.9703389830508474,0.3512269938650307,0.5157657657657658,0.9945226917057903,0.005477308294209703,0.7772020725388601,0.6728748427854105,0.4991583197334909,1269,9,435,217,0.9601769911504425,0.3328220858895706,0.4943052391799545,0.9929577464788732,0.007042253521126761,0.7699481865284974,0.6628899161842219,0.47920838160471524,15,4,7,0,1.0,0.26666666666666666,0.4210526315789474,4.0,16.0,0.0,295,"Sampled-label overlap, no point adjustment; delays among detected events only; no original-FPS seconds.",0.6499999999999999,0.932651515151515,,1930,652,True
R02,0,prototype_motion_ema,0.999,7.194406249297356,0.0,0.001128668171557562,0.7520905940071239,0.7072002162301139,0.7070142871691963,0.7051200035573828,0.3911042944785276,0.45858895705521474,0.797339593114241,1277,1,571,81,0.9878048780487805,0.12423312883435583,0.22070844686648503,0.9992175273865415,0.000782472613458529,0.7036269430051814,0.5617253281104486,0.2894841020069477,1275,3,579,73,0.9605263157894737,0.11196319018404909,0.20054945054945056,0.9976525821596244,0.002347417840375587,0.6984455958549223,0.5548078861718367,0.26656345694651584,15,3,4,0,1.0,0.2,0.33333333333333337,31.0,124.0,0.0,295,"Sampled-label overlap, no point adjustment; delays among detected events only; no original-FPS seconds.",0.6499999999999999,0.932651515151515,,1930,652,True
R02,0,prototype_fewshot3,0.95,0.026242688298225403,0.1087248322147651,0.050790067720090294,0.7721636567873499,0.7012049943354889,0.7007990324178517,0.6852600552910257,0.15337423312883436,0.4601226993865031,0.838810641627543,1113,165,285,367,0.6898496240601504,0.5628834355828221,0.6199324324324325,0.8708920187793427,0.12910798122065728,0.7668393782383419,0.7168877271810824,0.4591396473184464,1147,131,307,345,0.7247899159663865,0.5291411042944786,0.6117021276595745,0.8974960876369327,0.10250391236306729,0.7730569948186529,0.7133185959657056,0.4681254552268365,15,8,23,13,0.43478260869565216,0.5333333333333333,0.47904191616766467,2.0,8.0,10.169491525423728,295,"Sampled-label overlap, no point adjustment; delays among detected events only; no original-FPS seconds.",0.7,0.9451515151515152,,1930,652,True
R02,0,prototype_fewshot3,0.975,0.05478815734386444,0.022818791946308724,0.025959367945823927,0.7721636567873499,0.7012049943354889,0.7007990324178517,0.6852600552910257,0.15337423312883436,0.4601226993865031,0.838810641627543,1237,41,375,277,0.8710691823899371,0.42484662576687116,0.5711340206185567,0.9679186228482003,0.032081377151799685,0.7844559585492228,0.6963826243075357,0.5007560453859655,1252,26,382,270,0.9121621621621622,0.41411042944785276,0.569620253164557,0.9796557120500783,0.02034428794992175,0.78860103626943,0.6968830707489655,0.5168395184532136,15,4,14,8,0.42857142857142855,0.26666666666666666,0.3287671232876712,2.5,10.0,6.779661016949152,295,"Sampled-label overlap, no point adjustment; delays among detected events only; no original-FPS seconds.",0.7,0.9451515151515152,,1930,652,True
R02,0,prototype_fewshot3,0.99,0.0799761563539505,0.008053691275167786,0.010158013544018058,0.7721636567873499,0.7012049943354889,0.7007990324178517,0.6852600552910257,0.15337423312883436,0.4601226993865031,0.838810641627543,1256,22,475,177,0.8894472361809045,0.2714723926380368,0.41598119858989424,0.9827856025039123,0.017214397496087636,0.7424870466321244,0.6271289975709746,0.39544744221259187,1265,13,488,164,0.9265536723163842,0.25153374233128833,0.3956574185765983,0.9898278560250391,0.010172143974960876,0.7404145077720208,0.6206807991781638,0.39553034376474383,15,4,13,3,0.7692307692307693,0.26666666666666666,0.39603960396039606,3.0,12.0,3.389830508474576,295,"Sampled-label overlap, no point adjustment; delays among detected events only; no original-FPS seconds.",0.7,0.9451515151515152,,1930,652,True
R02,0,prototype_fewshot3,0.995,0.09582602232694626,0.005369127516778523,0.0056433408577878106,0.7721636567873499,0.7012049943354889,0.7007990324178517,0.6852600552910257,0.15337423312883436,0.4601226993865031,0.838810641627543,1263,15,537,115,0.8846153846153846,0.17638036809815952,0.29411764705882354,0.9882629107981221,0.011737089201877934,0.7139896373056995,0.5823216394481409,0.31068858891358536,1270,8,553,99,0.9252336448598131,0.15184049079754602,0.2608695652173913,0.9937402190923318,0.006259780907668232,0.7093264248704664,0.5727903549449389,0.3008900554768404,15,4,9,2,0.7777777777777778,0.26666666666666666,0.39716312056737585,3.0,12.0,3.389830508474576,295,"Sampled-label overlap, no point adjustment; delays among detected events only; no original-FPS seconds.",0.7,0.9451515151515152,,1930,652,True
R02,0,prototype_fewshot3,0.999,0.12606877088546753,0.0,0.001128668171557562,0.7721636567873499,0.7012049943354889,0.7007990324178517,0.6852600552910257,0.15337423312883436,0.4601226993865031,0.838810641627543,1276,2,623,29,0.9354838709677419,0.04447852760736196,0.0849194729136164,0.9984350547730829,0.001564945226917058,0.6761658031088082,0.5214567911902225,0.1614509727406069,1278,0,639,13,1.0,0.019938650306748466,0.039097744360902256,1.0,0.0,0.6689119170984456,0.5099693251533742,0.11529281650576634,15,1,2,0,1.0,0.06666666666666667,0.125,3.0,12.0,0.0,295,"Sampled-label overlap, no point adjustment; delays among detected events only; no original-FPS seconds.",0.7,0.9451515151515152,,1930,652,True
R02,0,prototype_neural,0.95,1.3584098815917969,0.30201342281879195,0.050790067720090294,0.8242412895916741,0.7643451721927111,0.7641959330546427,0.7155508662782853,0.4217791411042945,0.4601226993865031,0.6071987480438185,1085,193,279,373,0.6590106007067138,0.5720858895705522,0.6124794745484401,0.848982785602504,0.15101721439749607,0.755440414507772,0.7105343375865281,0.43744832495558916,1129,149,301,351,0.702,0.5383435582822086,0.6093749999999999,0.8834115805946792,0.11658841940532082,0.7668393782383419,0.7108775694384439,0.4552988850886235,15,8,29,17,0.41379310344827586,0.5333333333333333,0.4660194174757281,2.0,8.0,16.949152542372882,295,"Sampled-label overlap, no point adjustment; delays among detected events only; no original-FPS seconds.",0.7,0.9451515151515152,,1930,652,True
R02,0,prototype_neural,0.975,2.3569774627685547,0.0697986577181208,0.025959367945823927,0.8242412895916741,0.7643451721927111,0.7641959330546427,0.7155508662782853,0.4217791411042945,0.4601226993865031,0.6071987480438185,1200,78,348,304,0.7958115183246073,0.4662576687116564,0.5880077369439071,0.9389671361502347,0.06103286384976526,0.7792746113989637,0.7026124024309456,0.4810254858787999,1223,55,359,293,0.8419540229885057,0.4493865030674847,0.586,0.956964006259781,0.04303599374021909,0.7854922279792746,0.7031752546636328,0.4999161553194094,15,5,17,12,0.29411764705882354,0.3333333333333333,0.3125,2.0,8.0,6.779661016949152,295,"Sampled-label overlap, no point adjustment; delays among detected events only; no original-FPS seconds.",0.7,0.9451515151515152,,1930,652,True
R02,0,prototype_neural,0.99,4.739100456237793,0.008053691275167786,0.010158013544018058,0.8242412895916741,0.7643451721927111,0.7641959330546427,0.7155508662782853,0.4217791411042945,0.4601226993865031,0.6071987480438185,1263,15,371,281,0.9493243243243243,0.43098159509202455,0.5928270042194093,0.9882629107981221,0.011737089201877934,0.8,0.7096222529450733,0.5502812601259608,1270,8,385,267,0.9709090909090909,0.40950920245398775,0.5760517799352751,0.9937402190923318,0.006259780907668232,0.7963730569948186,0.7016247107731598,0.5456292349528373,15,4,8,1,0.875,0.26666666666666666,0.40875912408759124,3.0,12.0,0.0,295,"Sampled-label overlap, no point adjustment; delays among detected events only; no original-FPS seconds.",0.7,0.9451515151515152,,1930,652,True
R02,0,prototype_neural,0.995,6.070406436920166,0.005369127516778523,0.0056433408577878106,0.8242412895916741,0.7643451721927111,0.7641959330546427,0.7155508662782853,0.4217791411042945,0.4601226993865031,0.6071987480438185,1272,6,406,246,0.9761904761904762,0.3773006134969325,0.5442477876106194,0.9953051643192489,0.004694835680751174,0.7865284974093264,0.6863028889080907,0.5230492228389246,1270,8,426,226,0.9658119658119658,0.34662576687116564,0.510158013544018,0.9937402190923318,0.006259780907668232,0.7751295336787565,0.6701829929817487,0.4931902984899556,15,4,6,1,0.8333333333333334,0.26666666666666666,0.40404040404040403,3.0,12.0,0.0,295,"Sampled-label overlap, no point adjustment; delays among detected events only; no original-FPS seconds.",0.7,0.9451515151515152,,1930,652,True
R02,0,prototype_neural,0.999,7.420876502990723,0.0013422818791946308,0.001128668171557562,0.8242412895916741,0.7643451721927111,0.7641959330546427,0.7155508662782853,0.4217791411042945,0.4601226993865031,0.6071987480438185,1275,3,449,203,0.9854368932038835,0.3113496932515337,0.4731934731934732,0.9976525821596244,0.002347417840375587,0.7658031088082902,0.654501137705579,0.47331324888140636,1274,4,464,188,0.9791666666666666,0.2883435582822086,0.44549763033175355,0.9968701095461658,0.003129890453834116,0.7575129533678756,0.6426068339141873,0.4506963677614307,15,4,5,0,1.0,0.26666666666666666,0.4210526315789474,13.5,54.0,0.0,295,"Sampled-label overlap, no point adjustment; delays among detected events only; no original-FPS seconds.",0.7,0.9451515151515152,,1930,652,True
R02,0,prototype_neural_ema,0.95,1.3729404623059769,0.30604026845637583,0.050790067720090294,0.8078213658227483,0.7478646942406786,0.7476991408177748,0.710029090699617,0.4263803680981595,0.4601226993865031,0.6384976525821596,1071,207,284,368,0.64,0.5644171779141104,0.5998370008149959,0.8380281690140845,0.1619718309859155,0.7455958549222798,0.7012226734640974,0.41619088574713403,1093,185,300,352,0.6554934823091247,0.5398773006134969,0.5920941968040371,0.8552425665101722,0.14475743348982786,0.7487046632124352,0.6975599335618345,0.41701856626562767,15,7,28,18,0.35714285714285715,0.4666666666666667,0.4046242774566475,3.0,12.0,16.949152542372882,295,"Sampled-label overlap, no point adjustment; delays among detected events only; no original-FPS seconds.",0.75,0.9540404040404039,,1930,652,True
R02,0,prototype_neural_ema,0.975,1.8890914274449822,0.138255033557047,0.025959367945823927,0.8078213658227483,0.7478646942406786,0.7476991408177748,0.710029090699617,0.4263803680981595,0.4601226993865031,0.6384976525821596,1140,138,330,322,0.7,0.4938650306748466,0.579136690647482,0.892018779342723,0.107981220657277,0.7575129533678756,0.6929419050087848,0.4283592992491846,1153,125,337,315,0.7159090909090909,0.4831288343558282,0.576923076923077,0.9021909233176839,0.09780907668231612,0.7606217616580311,0.6926598788367561,0.4344012145315052,15,5,18,13,0.2777777777777778,0.3333333333333333,0.303030303030303,3.0,12.0,13.559322033898304,295,"Sampled-label overlap, no point adjustment; delays among detected events only; no original-FPS seconds.",0.75,0.9540404040404039,,1930,652,True
R02,0,prototype_neural_ema,0.99,3.143289066032898,0.022818791946308724,0.010158013544018058,0.8078213658227483,0.7478646942406786,0.7476991408177748,0.710029090699617,0.4263803680981595,0.4601226993865031,0.6384976525821596,1240,38,353,299,0.887240356083086,0.45858895705521474,0.6046511627906976,0.9702660406885759,0.0297339593114241,0.7974093264248705,0.7144274988718953,0.5342897738805641,1251,27,362,290,0.9148264984227129,0.4447852760736196,0.5985552115583075,0.9788732394366197,0.02112676056338028,0.7984455958549223,0.7118292577551197,0.5408269814486175,15,5,8,3,0.625,0.3333333333333333,0.43478260869565216,3.0,12.0,0.0,295,"Sampled-label overlap, no point adjustment; delays among detected events only; no original-FPS seconds.",0.75,0.9540404040404039,,1930,652,True
R02,0,prototype_neural_ema,0.995,4.084967206133958,0.009395973154362415,0.0056433408577878106,0.8078213658227483,0.7478646942406786,0.7476991408177748,0.710029090699617,0.4263803680981595,0.4601226993865031,0.6384976525821596,1264,14,357,295,0.9546925566343042,0.45245398773006135,0.6139438085327783,0.9890453834115805,0.010954616588419406,0.8077720207253886,0.720749685570821,0.5694407818580176,1262,16,366,286,0.9470198675496688,0.4386503067484663,0.5995807127882599,0.9874804381846636,0.012519561815336464,0.8020725388601037,0.713065372466565,0.5547552517435125,15,4,5,1,0.8,0.26666666666666666,0.4,3.0,12.0,0.0,295,"Sampled-label overlap, no point adjustment; delays among detected events only; no original-FPS seconds.",0.75,0.9540404040404039,,1930,652,True
R02,0,prototype_neural_ema,0.999,5.730399603967628,0.0013422818791946308,0.001128668171557562,0.8078213658227483,0.7478646942406786,0.7476991408177748,0.710029090699617,0.4263803680981595,0.4601226993865031,0.6384976525821596,1269,9,410,242,0.9641434262948207,0.37116564417177916,0.5359911406423035,0.9929577464788732,0.007042253521126761,0.7829015544041451,0.6820616953253262,0.512006641085548,1268,10,422,230,0.9583333333333334,0.35276073619631904,0.515695067264574,0.9921752738654147,0.00782472613458529,0.7761658031088083,0.6724680050308669,0.49440037001170506,15,4,6,0,1.0,0.26666666666666666,0.4210526315789474,11.0,44.0,0.0,295,"Sampled-label overlap, no point adjustment; delays among detected events only; no original-FPS seconds.",0.75,0.9540404040404039,,1930,652,True
R02,0,reference_dino_global_pca,0.95,0.004976686090230942,0.4080536912751678,0.050790067720090294,0.8055183521030751,0.7269129842451775,0.7267193431982276,0.6951274973054342,0.2837423312883436,0.4616564417177914,0.5602503912363067,843,435,192,460,0.5139664804469274,0.7055214723926381,0.59469941822883,0.6596244131455399,0.3403755868544601,0.6751295336787565,0.682572942769089,0.3463171059704156,903,375,222,430,0.5341614906832298,0.6595092024539877,0.5902539464653398,0.7065727699530516,0.2934272300469484,0.6906735751295336,0.6830409862035196,0.3511505605931432,15,12,47,28,0.40425531914893614,0.8,0.5371024734982333,1.0,4.0,13.559322033898304,295,"Sampled-label overlap, no point adjustment; delays among detected events only; no original-FPS seconds.",0.75,0.9540404040404039,,1930,652,True
R02,0,reference_dino_global_pca,0.975,0.008219797164201736,0.06711409395973154,0.025959367945823927,0.8055183521030751,0.7269129842451775,0.7267193431982276,0.6951274973054342,0.2837423312883436,0.4616564417177914,0.5602503912363067,1220,58,351,301,0.8384401114206128,0.4616564417177914,0.5954500494559841,0.9546165884194053,0.04538341158059468,0.7880829015544042,0.7081365150685983,0.5059786387469251,1233,45,360,292,0.8664688427299704,0.44785276073619634,0.5904954499494439,0.9647887323943662,0.035211267605633804,0.7901554404145078,0.7063207465652813,0.5140901498603527,15,4,16,12,0.25,0.26666666666666666,0.2580645161290323,2.0,8.0,6.779661016949152,295,"Sampled-label overlap, no point adjustment; delays among detected events only; no original-FPS seconds.",0.75,0.9540404040404039,,1930,652,True
R02,0,reference_dino_global_pca,0.99,0.012771938927471638,0.013422818791946308,0.010158013544018058,0.8055183521030751,0.7269129842451775,0.7267193431982276,0.6951274973054342,0.2837423312883436,0.4616564417177914,0.5602503912363067,1253,25,404,248,0.9084249084249084,0.3803680981595092,0.5362162162162163,0.9804381846635368,0.019561815336463225,0.777720207253886,0.680403141411523,0.48968943975504053,1269,9,418,234,0.9629629629629629,0.3588957055214724,0.5229050279329609,0.9929577464788732,0.007042253521126761,0.7787564766839378,0.6759267260001728,0.5016379251697711,15,4,8,1,0.875,0.26666666666666666,0.40875912408759124,2.0,8.0,0.0,295,"Sampled-label overlap, no point adjustment; delays among detected events only; no original-FPS seconds.",0.75,0.9540404040404039,,1930,652,True
R02,0,reference_dino_global_pca,0.995,0.014684642665088177,0.008053691275167786,0.0056433408577878106,0.8055183521030751,0.7269129842451775,0.7267193431982276,0.6951274973054342,0.2837423312883436,0.4616564417177914,0.5602503912363067,1259,19,440,212,0.9177489177489178,0.32515337423312884,0.48018120045300117,0.985133020344288,0.01486697965571205,0.7621761658031088,0.6551431972887084,0.4521153773124913,1269,9,467,185,0.9536082474226805,0.2837423312883436,0.4373522458628842,0.9929577464788732,0.007042253521126761,0.7533678756476684,0.6383500388836084,0.43523396589742647,15,4,10,1,0.9,0.26666666666666666,0.41142857142857137,2.0,8.0,0.0,295,"Sampled-label overlap, no point adjustment; delays among detected events only; no original-FPS seconds.",0.75,0.9540404040404039,,1930,652,True
R02,0,reference_dino_global_pca,0.999,0.020370930433273315,0.0013422818791946308,0.001128668171557562,0.8055183521030751,0.7269129842451775,0.7267193431982276,0.6951274973054342,0.2837423312883436,0.4616564417177914,0.5602503912363067,1275,3,523,129,0.9772727272727273,0.19785276073619631,0.3290816326530612,0.9976525821596244,0.002347417840375587,0.7274611398963731,0.5977526714479103,0.3663245679350745,1272,6,542,110,0.9482758620689655,0.1687116564417178,0.28645833333333337,0.9953051643192489,0.004694835680751174,0.7160621761658031,0.5820084103804833,0.3263848399310775,15,4,10,1,0.9,0.26666666666666666,0.41142857142857137,2.5,10.0,0.0,295,"Sampled-label overlap, no point adjustment; delays among detected events only; no original-FPS seconds.",0.75,0.9540404040404039,,1930,652,True
R02,0,reference_dino_frame_denoising_ae,0.95,0.1560644805431366,0.37583892617449666,0.050790067720090294,0.7998070220916501,0.7328647727836085,0.7326856686921464,0.7009524589145031,0.31441717791411045,0.4616564417177914,0.6064162754303599,1089,189,302,350,0.6493506493506493,0.5368098159509203,0.5877413937867338,0.852112676056338,0.14788732394366197,0.7455958549222798,0.6944612460036291,0.4100098941346197,1132,146,330,322,0.688034188034188,0.4938650306748466,0.575,0.8857589984350548,0.11424100156494522,0.7533678756476684,0.6898120145549507,0.4189346730465429,15,6,23,16,0.30434782608695654,0.4,0.34567901234567905,2.0,8.0,16.949152542372882,295,"Sampled-label overlap, no point adjustment; delays among detected events only; no original-FPS seconds.",0.7,0.9451515151515152,,1930,652,True
R02,0,reference_dino_frame_denoising_ae,0.975,0.2533136010169983,0.06308724832214765,0.025959367945823927,0.7998070220916501,0.7328647727836085,0.7326856686921464,0.7009524589145031,0.31441717791411045,0.4616564417177914,0.6064162754303599,1217,61,351,301,0.8314917127071824,0.4616564417177914,0.5936883629191322,0.9522691705790297,0.04773082942097027,0.7865284974093264,0.7069628061484106,0.5015153270272624,1236,42,360,292,0.874251497005988,0.44785276073619634,0.5922920892494928,0.9671361502347418,0.03286384976525822,0.7917098445595855,0.7074944554854691,0.5188430932233628,15,4,16,12,0.25,0.26666666666666666,0.2580645161290323,2.0,8.0,10.169491525423728,295,"Sampled-label overlap, no point adjustment; delays among detected events only; no original-FPS seconds.",0.7,0.9451515151515152,,1930,652,True
R02,0,reference_dino_frame_denoising_ae,0.99,0.397164911031723,0.009395973154362415,0.010158013544018058,0.7998070220916501,0.7328647727836085,0.7326856686921464,0.7009524589145031,0.31441717791411045,0.4616564417177914,0.6064162754303599,1257,21,396,256,0.924187725631769,0.39263803680981596,0.551130247578041,0.9835680751173709,0.01643192488262911,0.7839378238341969,0.6881030559635934,0.5075031712407131,1266,12,411,241,0.9525691699604744,0.3696319018404908,0.532596685082873,0.9906103286384976,0.009389671361502348,0.7808290155440415,0.6801211152394941,0.5048438334603622,15,4,11,2,0.8181818181818182,0.26666666666666666,0.4022346368715084,2.0,8.0,0.0,295,"Sampled-label overlap, no point adjustment; delays among detected events only; no original-FPS seconds.",0.7,0.9451515151515152,,1930,652,True
R02,0,reference_dino_frame_denoising_ae,0.995,0.5186995267868042,0.005369127516778523,0.0056433408577878106,0.7998070220916501,0.7328647727836085,0.7326856686921464,0.7009524589145031,0.31441717791411045,0.4616564417177914,0.6064162754303599,1269,9,459,193,0.9554455445544554,0.2960122699386503,0.4519906323185012,0.9929577464788732,0.007042253521126761,0.7575129533678756,0.6444850082087618,0.44647223215452714,1272,6,471,181,0.9679144385026738,0.2776073619631902,0.43146603098927294,0.9953051643192489,0.004694835680751174,0.7528497409326425,0.6364562631412195,0.43635825622513175,15,4,9,1,0.8888888888888888,0.26666666666666666,0.41025641025641024,2.5,10.0,0.0,295,"Sampled-label overlap, no point adjustment; delays among detected events only; no original-FPS seconds.",0.7,0.9451515151515152,,1930,652,True
R02,0,reference_dino_frame_denoising_ae,0.999,0.5852157473564148,0.0026845637583892616,0.001128668171557562,0.7998070220916501,0.7328647727836085,0.7326856686921464,0.7009524589145031,0.31441717791411045,0.4616564417177914,0.6064162754303599,1272,6,500,152,0.9620253164556962,0.2331288343558282,0.3753086419753086,0.9953051643192489,0.004694835680751174,0.7378238341968912,0.6142169993375386,0.39408469135845103,1275,3,520,132,0.9777777777777777,0.20245398773006135,0.33545108005082586,0.9976525821596244,0.002347417840375587,0.7290155440414507,0.6000532849448429,0.37106625546960703,15,4,9,0,1.0,0.26666666666666666,0.4210526315789474,3.0,12.0,0.0,295,"Sampled-label overlap, no point adjustment; delays among detected events only; no original-FPS seconds.",0.7,0.9451515151515152,,1930,652,True
R02,0,reference_dino_full_ema,0.95,1.2259485476410303,0.4174496644295302,0.050790067720090294,0.8231251860172624,0.7520427576803808,0.7518503447548917,0.7035598587759471,0.38496932515337423,0.4616564417177914,0.568075117370892,1018,260,228,424,0.6198830409356725,0.6503067484662577,0.6347305389221556,0.7965571205007824,0.20344287949921752,0.7471502590673575,0.7234319344835201,0.44185257887207685,1050,228,240,412,0.64375,0.6319018404907976,0.6377708978328173,0.8215962441314554,0.1784037558685446,0.7575129533678756,0.7267490423111265,0.4555959342462,15,9,29,19,0.3448275862068966,0.6,0.43795620437956206,2.0,8.0,16.949152542372882,295,"Sampled-label overlap, no point adjustment; delays among detected events only; no original-FPS seconds.",0.8,0.9622222222222222,,1930,652,True
R02,0,reference_dino_full_ema,0.975,1.8015557554648434,0.17181208053691274,0.025959367945823927,0.8231251860172624,0.7520427576803808,0.7518503447548917,0.7035598587759471,0.38496932515337423,0.4616564417177914,0.568075117370892,1143,135,323,329,0.709051724137931,0.504601226993865,0.589605734767025,0.8943661971830986,0.1056338028169014,0.7626943005181347,0.6994837120884818,0.44157114504244305,1158,120,336,316,0.7247706422018348,0.48466257668711654,0.5808823529411764,0.9061032863849765,0.09389671361502347,0.7637305699481866,0.6953829315360465,0.44196441017177274,15,6,18,9,0.5,0.4,0.4444444444444445,3.0,12.0,10.169491525423728,295,"Sampled-label overlap, no point adjustment; delays among detected events only; no original-FPS seconds.",0.8,0.9622222222222222,,1930,652,True
R02,0,reference_dino_full_ema,0.99,2.898916042115624,0.025503355704697986,0.010158013544018058,0.8231251860172624,0.7520427576803808,0.7518503447548917,0.7035598587759471,0.38496932515337423,0.4616564417177914,0.568075117370892,1238,40,353,299,0.8820058997050148,0.45858895705521474,0.60343087790111,0.9687010954616588,0.03129890453834116,0.7963730569948186,0.7136450262584368,0.5311009377460695,1244,34,362,290,0.8950617283950617,0.4447852760736196,0.5942622950819673,0.97339593114241,0.026604068857589983,0.794818652849741,0.7090906036080148,0.5291861402823297,15,5,10,5,0.5,0.3333333333333333,0.4,3.0,12.0,0.0,295,"Sampled-label overlap, no point adjustment; delays among detected events only; no original-FPS seconds.",0.8,0.9622222222222222,,1930,652,True
R02,0,reference_dino_full_ema,0.995,3.437334631712925,0.016107382550335572,0.0056433408577878106,0.8231251860172624,0.7520427576803808,0.7518503447548917,0.7035598587759471,0.38496932515337423,0.4616564417177914,0.568075117370892,1251,27,357,295,0.9161490683229814,0.45245398773006135,0.6057494866529775,0.9788732394366197,0.02112676056338028,0.8010362694300518,0.7156636135833405,0.5471736060523006,1255,23,367,285,0.9253246753246753,0.4371165644171779,0.59375,0.9820031298904538,0.017996870109546165,0.7979274611398963,0.7095598471538158,0.5412856457464117,15,5,8,2,0.75,0.3333333333333333,0.46153846153846156,3.0,12.0,0.0,295,"Sampled-label overlap, no point adjustment; delays among detected events only; no original-FPS seconds.",0.8,0.9622222222222222,,1930,652,True
R02,0,reference_dino_full_ema,0.999,3.9583139129838827,0.009395973154362415,0.001128668171557562,0.8231251860172624,0.7520427576803808,0.7518503447548917,0.7035598587759471,0.38496932515337423,0.4616564417177914,0.568075117370892,1259,19,373,279,0.9362416107382551,0.4279141104294479,0.5873684210526317,0.985133020344288,0.01486697965571205,0.7968911917098446,0.7065235653868679,0.5406554998290594,1261,17,386,266,0.9399293286219081,0.40797546012269936,0.5689839572192512,0.986697965571205,0.013302034428794992,0.7911917098445596,0.6973367128469522,0.5276999982336873,15,4,5,1,0.8,0.26666666666666666,0.4,7.0,28.0,0.0,295,"Sampled-label overlap, no point adjustment; delays among detected events only; no original-FPS seconds.",0.8,0.9622222222222222,,1930,652,True
R03,0,prototype64,0.95,0.05196382850408554,0.011644832605531296,0.05017103762827822,0.5901756511864573,0.4989893319975829,0.4985397241942684,0.5178013226469322,0.026025236593059938,0.0859621451104101,0.8855664174813112,1675,64,1171,97,0.6024844720496895,0.07649842271293375,0.1357592722183345,0.9631972397929844,0.03680276020701553,0.5892916528101098,0.5198478312529591,0.08708073508357236,1696,43,1190,78,0.6446280991735537,0.061514195583596214,0.11231101511879049,0.9752731454859115,0.024726854514088556,0.5899567675424011,0.5183936705347538,0.09244149662714814,17,7,13,6,0.5384615384615384,0.4117647058823529,0.4666666666666667,100.0,400.0,8.287292817679557,362,"Sampled-label overlap, no point adjustment; delays among detected events only; no original-FPS seconds.",0.06666666666666667,0.7858374414256768,,3007,1268,True
R03,0,prototype64,0.975,0.056221701204776764,0.004366812227074236,0.02508551881413911,0.5901756511864573,0.4989893319975829,0.4985397241942684,0.5178013226469322,0.026025236593059938,0.0859621451104101,0.8855664174813112,1697,42,1188,80,0.6557377049180327,0.06309148264984227,0.11510791366906474,0.975848188614146,0.024151811385853938,0.590954439640838,0.5194698356319941,0.09746504204952249,1712,27,1203,65,0.7065217391304348,0.051261829652996846,0.09558823529411765,0.9844738355376653,0.015526164462334674,0.590954439640838,0.5178678325953311,0.10247032062791062,17,5,7,2,0.7142857142857143,0.29411764705882354,0.4166666666666667,100.0,400.0,5.524861878453039,362,"Sampled-label overlap, no point adjustment; delays among detected events only; no original-FPS seconds.",0.06666666666666667,0.7858374414256768,,3007,1268,True
R03,0,prototype64,0.99,0.060023386031389236,0.001455604075691412,0.010262257696693273,0.5901756511864573,0.4989893319975829,0.4985397241942684,0.5178013226469322,0.026025236593059938,0.0859621451104101,0.8855664174813112,1704,35,1192,76,0.6846846846846847,0.05993690851735016,0.11022480058013054,0.9798734905117884,0.020126509488211614,0.591952111739275,0.5199051995145693,0.10426659238347338,1712,27,1204,64,0.7032967032967034,0.050473186119873815,0.094186902133922,0.9844738355376653,0.015526164462334674,0.5906218822746924,0.5174735108287696,0.10074073866327984,17,5,7,2,0.7142857142857143,0.29411764705882354,0.4166666666666667,100.0,400.0,5.524861878453039,362,"Sampled-label overlap, no point adjustment; delays among detected events only; no original-FPS seconds.",0.06666666666666667,0.7858374414256768,,3007,1268,True
R03,0,prototype64,0.995,0.061961352825164795,0.001455604075691412,0.005701254275940707,0.5901756511864573,0.4989893319975829,0.4985397241942684,0.5178013226469322,0.026025236593059938,0.0859621451104101,0.8855664174813112,1705,34,1196,72,0.6792452830188679,0.056782334384858045,0.10480349344978167,0.980448533640023,0.019551466359977,0.590954439640838,0.5186154340124406,0.09969784764017499,1712,27,1207,61,0.6931818181818182,0.04810725552050473,0.08997050147492625,0.9844738355376653,0.015526164462334674,0.5896242101762554,0.516290545529085,0.09545895105616876,17,4,6,2,0.6666666666666666,0.23529411764705882,0.3478260869565218,63.0,252.0,5.524861878453039,362,"Sampled-label overlap, no point adjustment; delays among detected events only; no original-FPS seconds.",0.06666666666666667,0.7858374414256768,,3007,1268,True
R03,0,prototype64,0.999,0.06416787207126617,0.001455604075691412,0.0011402508551881414,0.5901756511864573,0.4989893319975829,0.4985397241942684,0.5178013226469322,0.026025236593059938,0.0859621451104101,0.8855664174813112,1706,33,1197,71,0.6826923076923077,0.055993690851735015,0.10349854227405247,0.9810235767682576,0.01897642323174238,0.590954439640838,0.5185086338099963,0.10003997832060632,1713,26,1207,61,0.7011494252873564,0.04810725552050473,0.09003690036900369,0.9850488786659,0.014951121334100058,0.5899567675424011,0.5165780670932023,0.09768373445189935,17,4,6,2,0.6666666666666666,0.23529411764705882,0.3478260869565218,63.0,252.0,5.524861878453039,362,"Sampled-label overlap, no point adjustment; delays among detected events only; no original-FPS seconds.",0.06666666666666667,0.7858374414256768,,3007,1268,True
R03,0,prototype256,0.95,0.04912123829126358,0.048034934497816595,0.05017103762827822,0.6068909032530752,0.5053364623524658,0.5048738943194636,0.5149540333074375,0.030757097791798107,0.07965299684542587,0.8711903392754456,1643,96,1165,103,0.5175879396984925,0.08123028391167192,0.1404226312201772,0.9447958596894767,0.055204140310523286,0.5806451612903226,0.5130130718005743,0.05170042932732445,1672,67,1185,83,0.5533333333333333,0.06545741324921135,0.11706629055007052,0.9614721104082806,0.03852788959171938,0.5836381775856335,0.513464761828746,0.0610853883888226,17,7,15,8,0.4666666666666667,0.4117647058823529,0.43749999999999994,99.0,396.0,8.287292817679557,362,"Sampled-label overlap, no point adjustment; delays among detected events only; no original-FPS seconds.",0.06666666666666667,0.7858374414256768,,3007,1268,True
R03,0,prototype256,0.975,0.053040340542793274,0.01601164483260553,0.02508551881413911,0.6068909032530752,0.5053364623524658,0.5048738943194636,0.5149540333074375,0.030757097791798107,0.07965299684542587,0.8711903392754456,1675,64,1174,94,0.5949367088607594,0.07413249211356467,0.13183730715287517,0.9631972397929844,0.03680276020701553,0.5882939807116727,0.5186648659532745,0.08262082373621175,1695,44,1186,82,0.6507936507936508,0.06466876971608833,0.1176470588235294,0.9746981023576768,0.025301897642323174,0.590954439640838,0.5196834360368826,0.09702494942251637,17,7,12,5,0.5833333333333334,0.4117647058823529,0.4827586206896552,99.0,396.0,8.287292817679557,362,"Sampled-label overlap, no point adjustment; delays among detected events only; no original-FPS seconds.",0.06666666666666667,0.7858374414256768,,3007,1268,True
R03,0,prototype256,0.99,0.05890513211488724,0.0,0.010262257696693273,0.6068909032530752,0.5053364623524658,0.5048738943194636,0.5149540333074375,0.030757097791798107,0.07965299684542587,0.8711903392754456,1698,41,1195,73,0.6403508771929824,0.057570977917981075,0.105643994211288,0.9764232317423807,0.023576768257619323,0.5889590954439641,0.5169971048301809,0.08789976700422213,1712,27,1205,63,0.7,0.04968454258675079,0.09278350515463916,0.9844738355376653,0.015526164462334674,0.5902893249085467,0.5170791890622081,0.09899589588582192,17,4,8,4,0.5,0.23529411764705882,0.31999999999999995,62.5,250.0,11.049723756906078,362,"Sampled-label overlap, no point adjustment; delays among detected events only; no original-FPS seconds.",0.06666666666666667,0.7858374414256768,,3007,1268,True
R03,0,prototype256,0.995,0.05965930595993996,0.0,0.005701254275940707,0.6068909032530752,0.5053364623524658,0.5048738943194636,0.5149540333074375,0.030757097791798107,0.07965299684542587,0.8711903392754456,1703,36,1196,72,0.6666666666666666,0.056782334384858045,0.10465116279069768,0.9792984473835538,0.020701552616446232,0.5902893249085467,0.518040390884206,0.09575233452746154,1716,23,1206,62,0.7294117647058823,0.04889589905362776,0.09164818920916482,0.9867740080506038,0.013225991949396205,0.5912869970069837,0.5178349535521157,0.10628251614928651,17,4,8,4,0.5,0.23529411764705882,0.31999999999999995,62.5,250.0,11.049723756906078,362,"Sampled-label overlap, no point adjustment; delays among detected events only; no original-FPS seconds.",0.06666666666666667,0.7858374414256768,,3007,1268,True
R03,0,prototype256,0.999,0.06422363221645355,0.0,0.0011402508551881414,0.6068909032530752,0.5053364623524658,0.5048738943194636,0.5149540333074375,0.030757097791798107,0.07965299684542587,0.8711903392754456,1712,27,1204,64,0.7032967032967034,0.050473186119873815,0.094186902133922,0.9844738355376653,0.015526164462334674,0.5906218822746924,0.5174735108287696,0.10074073866327984,1720,19,1208,60,0.759493670886076,0.0473186119873817,0.08908685968819598,0.9890741805635422,0.010925819436457734,0.591952111739275,0.518196396275462,0.1123636188210171,17,3,7,4,0.42857142857142855,0.17647058823529413,0.25,14.0,56.0,11.049723756906078,362,"Sampled-label overlap, no point adjustment; delays among detected events only; no original-FPS seconds.",0.06666666666666667,0.7858374414256768,,3007,1268,True
R03,0,prototype_motion,0.95,1.1956700086593628,0.034934497816593885,0.05017103762827822,0.5889022118299251,0.49023100716078155,0.48975712050391595,0.5172764513871829,0.02050473186119874,0.09305993690851735,0.8608395629672225,1625,114,1131,137,0.545816733067729,0.10804416403785488,0.1803818301514154,0.9344450833812536,0.0655549166187464,0.5859660791486532,0.5212446237095543,0.07585985167859473,1661,78,1162,106,0.5760869565217391,0.083596214511041,0.14600550964187325,0.9551466359976998,0.044853364002300174,0.5876288659793815,0.5193714252543704,0.07982457923714724,17,10,21,9,0.5714285714285714,0.5882352941176471,0.5797101449275363,101.5,406.0,11.049723756906078,362,"Sampled-label overlap, no point adjustment; delays among detected events only; no original-FPS seconds.",0.06666666666666667,0.7858374414256768,,3007,1268,True
R03,0,prototype_motion,0.975,1.4414269924163818,0.021834061135371178,0.02508551881413911,0.5889022118299251,0.49023100716078155,0.48975712050391595,0.5172764513871829,0.02050473186119874,0.09305993690851735,0.8608395629672225,1660,79,1154,114,0.5906735751295337,0.08990536277602523,0.15605749486652978,0.9545715928694652,0.04542840713053479,0.5899567675424011,0.5222384778227452,0.08961975860045014,1683,56,1176,92,0.6216216216216216,0.07255520504731862,0.12994350282485878,0.9677975848188615,0.03220241518113859,0.5902893249085467,0.5201763949330901,0.09211811622705002,17,9,20,9,0.55,0.5294117647058824,0.5395095367847411,99.0,396.0,11.049723756906078,362,"Sampled-label overlap, no point adjustment; delays among detected events only; no original-FPS seconds.",0.06666666666666667,0.7858374414256768,,3007,1268,True
R03,0,prototype_motion,0.99,1.9088094234466553,0.011644832605531296,0.010262257696693273,0.5889022118299251,0.49023100716078155,0.48975712050391595,0.5172764513871829,0.02050473186119874,0.09305993690851735,0.8608395629672225,1691,48,1204,64,0.5714285714285714,0.050473186119873815,0.09275362318840578,0.9723979298447384,0.027602070155261643,0.5836381775856335,0.5114355579823061,0.05964354910166532,1711,28,1219,49,0.6363636363636364,0.038643533123028394,0.07286245353159852,0.9838987924094307,0.016101207590569294,0.5853009644163618,0.5112711627662295,0.07047400649353024,17,6,14,6,0.5714285714285714,0.35294117647058826,0.43636363636363634,103.0,412.0,13.812154696132596,362,"Sampled-label overlap, no point adjustment; delays among detected events only; no original-FPS seconds.",0.06666666666666667,0.7858374414256768,,3007,1268,True
R03,0,prototype_motion,0.995,2.0272204875946045,0.005822416302765648,0.005701254275940707,0.5889022118299251,0.49023100716078155,0.48975712050391595,0.5172764513871829,0.02050473186119874,0.09305993690851735,0.8608395629672225,1700,39,1225,43,0.524390243902439,0.03391167192429022,0.06370370370370369,0.9775733179988499,0.022426682001150087,0.5796474891918856,0.5057424949615701,0.03482332009269948,1721,18,1246,22,0.55,0.017350157728706624,0.03363914373088685,0.9896492236917769,0.010350776308223116,0.5796474891918856,0.5034996907102417,0.030170347287378687,17,6,12,6,0.5,0.35294117647058826,0.41379310344827586,103.0,412.0,13.812154696132596,362,"Sampled-label overlap, no point adjustment; delays among detected events only; no original-FPS seconds.",0.06666666666666667,0.7858374414256768,,3007,1268,True
R03,0,prototype_motion,0.999,3.017451524734497,0.0,0.0011402508551881414,0.5889022118299251,0.49023100716078155,0.48975712050391595,0.5172764513871829,0.02050473186119874,0.09305993690851735,0.8608395629672225,1728,11,1250,18,0.6206896551724138,0.014195583596214511,0.027756360832690827,0.9936745255894192,0.0063254744105807935,0.5806451612903226,0.5039350545928168,0.03976754944114421,1737,2,1256,12,0.8571428571428571,0.00946372239747634,0.0187207488299532,0.9988499137435307,0.0011500862564692352,0.5816428333887596,0.5041568180705035,0.06030912875226512,17,3,4,1,0.75,0.17647058823529413,0.2857142857142857,46.0,184.0,2.7624309392265194,362,"Sampled-label overlap, no point adjustment; delays among detected events only; no original-FPS seconds.",0.06666666666666667,0.7858374414256768,,3007,1268,True
R03,0,prototype_motion_ema,0.95,1.1441224955795959,0.043668122270742356,0.05017103762827822,0.5898255460642199,0.49204461525424625,0.49158037619786876,0.5165790099042419,0.018138801261829655,0.08675078864353312,0.875215641173088,1637,102,1140,128,0.5565217391304348,0.10094637223974763,0.17089452603471295,0.941345600920069,0.058654399079930995,0.5869637512470901,0.5211459865799083,0.07858063026605065,1665,74,1161,107,0.5911602209944752,0.08438485804416404,0.14768806073153898,0.9574468085106383,0.0425531914893617,0.5892916528101098,0.5209158332774012,0.08685387885381322,17,9,20,9,0.55,0.5294117647058824,0.5395095367847411,99.0,396.0,8.287292817679557,362,"Sampled-label overlap, no point adjustment; delays among detected events only; no original-FPS seconds.",0.06666666666666667,0.7858374414256768,,3007,1268,True
R03,0,prototype_motion_ema,0.975,1.307040916363434,0.018922852983988356,0.02508551881413911,0.5898255460642199,0.49204461525424625,0.49158037619786876,0.5165790099042419,0.018138801261829655,0.08675078864353312,0.875215641173088,1655,84,1160,108,0.5625,0.08517350157728706,0.14794520547945206,0.9516963772282921,0.048303622771707876,0.5862986365147989,0.5184349394027896,0.07447170790108308,1675,64,1178,90,0.5844155844155844,0.07097791798107256,0.12658227848101267,0.9631972397929844,0.03680276020701553,0.5869637512470901,0.5170875788870285,0.07656119434287255,17,8,17,8,0.5294117647058824,0.47058823529411764,0.4982698961937716,103.0,412.0,8.287292817679557,362,"Sampled-label overlap, no point adjustment; delays among detected events only; no original-FPS seconds.",0.06666666666666667,0.7858374414256768,,3007,1268,True
R03,0,prototype_motion_ema,0.99,1.611051015427138,0.00727802037845706,0.010262257696693273,0.5898255460642199,0.49204461525424625,0.49158037619786876,0.5165790099042419,0.018138801261829655,0.08675078864353312,0.875215641173088,1677,62,1180,88,0.5866666666666667,0.0694006309148265,0.1241184767277856,0.9643473260494537,0.03565267395054629,0.5869637512470901,0.5168739784821401,0.07655193180213575,1691,48,1192,76,0.6129032258064516,0.05993690851735016,0.1091954022988506,0.9723979298447384,0.027602070155261643,0.5876288659793815,0.5161674191810443,0.08030580655311723,17,6,13,7,0.46153846153846156,0.35294117647058826,0.4000000000000001,104.0,416.0,8.287292817679557,362,"Sampled-label overlap, no point adjustment; delays among detected events only; no original-FPS seconds.",0.06666666666666667,0.7858374414256768,,3007,1268,True
R03,0,prototype_motion_ema,0.995,1.7782771143133915,0.004366812227074236,0.005701254275940707,0.5898255460642199,0.49204461525424625,0.49158037619786876,0.5165790099042419,0.018138801261829655,0.08675078864353312,0.875215641173088,1689,50,1190,78,0.609375,0.061514195583596214,0.11174785100286534,0.9712478435882691,0.02875215641173088,0.5876288659793815,0.5163810195859326,0.08014095728065779,1702,37,1200,68,0.6476190476190476,0.05362776025236593,0.09905316824471959,0.9787234042553191,0.02127659574468085,0.5886265380778184,0.5161755822538425,0.08702739466704511,17,6,11,4,0.6363636363636364,0.35294117647058826,0.4540540540540541,104.0,416.0,8.287292817679557,362,"Sampled-label overlap, no point adjustment; delays among detected events only; no original-FPS seconds.",0.06666666666666667,0.7858374414256768,,3007,1268,True
R03,0,prototype_motion_ema,0.999,2.2604986522883244,0.0,0.0011402508551881414,0.5898255460642199,0.49204461525424625,0.49158037619786876,0.5165790099042419,0.018138801261829655,0.08675078864353312,0.875215641173088,1722,17,1245,23,0.575,0.018138801261829655,0.035168195718654434,0.9902242668200115,0.0097757331799885,0.5803126039241769,0.5041815340409206,0.03604842389053715,1727,12,1252,16,0.5714285714285714,0.012618296529968454,0.024691358024691357,0.9930994824611846,0.006900517538815411,0.5796474891918856,0.5028588894955766,0.029398320150079874,17,3,7,4,0.42857142857142855,0.17647058823529413,0.25,46.0,184.0,11.049723756906078,362,"Sampled-label overlap, no point adjustment; delays among detected events only; no original-FPS seconds.",0.06666666666666667,0.7858374414256768,,3007,1268,True
R03,0,prototype_fewshot3,0.95,0.06043901666998863,0.010189228529839884,0.05017103762827822,0.5993613756047477,0.5148604232344611,0.5144298169765421,0.5256457491824754,0.021293375394321766,0.10410094637223975,0.8688901667625072,1446,293,918,350,0.5443234836702955,0.27602523659305994,0.3663003663003663,0.8315123634272571,0.16848763657274296,0.5972730295976055,0.5537688000101585,0.12952110325200192,1513,226,975,293,0.5645472061657033,0.23107255520504733,0.3279238947957471,0.8700402530189765,0.12995974698102358,0.6005986032590622,0.5505564041120119,0.13213160887807418,17,12,49,21,0.5714285714285714,0.7058823529411765,0.6315789473684211,12.5,50.0,13.812154696132596,362,"Sampled-label overlap, no point adjustment; delays among detected events only; no original-FPS seconds.",0.13333333333333333,0.8069485525367879,,3007,1268,True
R03,0,prototype_fewshot3,0.975,0.06690377742052078,0.004366812227074236,0.02508551881413911,0.5993613756047477,0.5148604232344611,0.5144298169765421,0.5256457491824754,0.021293375394321766,0.10410094637223975,0.8688901667625072,1570,169,1061,207,0.550531914893617,0.1632492113564669,0.2518248175182482,0.9028177113283496,0.09718228867165038,0.590954439640838,0.5330334613424083,0.09863683981967933,1609,130,1107,161,0.5532646048109966,0.12697160883280756,0.20654265554842846,0.9252443933294997,0.07475560667050028,0.5886265380778184,0.5261080010811536,0.0872171032172058,17,11,33,14,0.5757575757575758,0.6470588235294118,0.60932944606414,62.0,248.0,8.287292817679557,362,"Sampled-label overlap, no point adjustment; delays among detected events only; no original-FPS seconds.",0.13333333333333333,0.8069485525367879,,3007,1268,True
R03,0,prototype_fewshot3,0.99,0.11143197864294052,0.0,0.010262257696693273,0.5993613756047477,0.5148604232344611,0.5144298169765421,0.5256457491824754,0.021293375394321766,0.10410094637223975,0.8688901667625072,1734,5,1254,14,0.7368421052631579,0.011041009463722398,0.021756021756021756,0.9971247843588269,0.002875215641173088,0.5813102760226139,0.5040828969112746,0.05089097026091655,1739,0,1260,8,1.0,0.006309148264984227,0.012539184952978056,1.0,0.0,0.5809777186564682,0.5031545741324921,0.06048489413406177,17,2,2,0,1.0,0.11764705882352941,0.21052631578947367,32.0,128.0,0.0,362,"Sampled-label overlap, no point adjustment; delays among detected events only; no original-FPS seconds.",0.13333333333333333,0.8069485525367879,,3007,1268,True
R03,0,prototype_fewshot3,0.995,0.12162429839372635,0.0,0.005701254275940707,0.5993613756047477,0.5148604232344611,0.5144298169765421,0.5256457491824754,0.021293375394321766,0.10410094637223975,0.8688901667625072,1739,0,1257,11,1.0,0.008675078864353312,0.01720093823299453,1.0,0.0,0.5819753907549052,0.5043375394321766,0.07096032604349937,1739,0,1264,4,1.0,0.0031545741324921135,0.006289308176100629,1.0,0.0,0.5796474891918856,0.501577287066246,0.04274078494175274,17,1,1,0,1.0,0.058823529411764705,0.1111111111111111,50.0,200.0,0.0,362,"Sampled-label overlap, no point adjustment; delays among detected events only; no original-FPS seconds.",0.13333333333333333,0.8069485525367879,,3007,1268,True
R03,0,prototype_fewshot3,0.999,0.13114655017852783,0.0,0.0011402508551881414,0.5993613756047477,0.5148604232344611,0.5144298169765421,0.5256457491824754,0.021293375394321766,0.10410094637223975,0.8688901667625072,1739,0,1261,7,1.0,0.005520504731861199,0.010980392156862747,1.0,0.0,0.5806451612903226,0.5027602523659306,0.05656900720567351,1739,0,1264,4,1.0,0.0031545741324921135,0.006289308176100629,1.0,0.0,0.5796474891918856,0.501577287066246,0.04274078494175274,17,1,1,0,1.0,0.058823529411764705,0.1111111111111111,50.0,200.0,0.0,362,"Sampled-label overlap, no point adjustment; delays among detected events only; no original-FPS seconds.",0.13333333333333333,0.8069485525367879,,3007,1268,True
R03,0,prototype_neural,0.95,1.7396613359451294,0.033478893740902474,0.05017103762827822,0.6204638257963985,0.5214690051046371,0.5210171655458388,0.5190424916104138,0.038643533123028394,0.0946372239747634,0.8907418056354227,1669,70,1165,103,0.5953757225433526,0.08123028391167192,0.1429562803608605,0.9597469810235768,0.04025301897642323,0.5892916528101098,0.5204886324676243,0.08690192782492595,1686,53,1180,88,0.624113475177305,0.0694006309148265,0.12491128459900638,0.9695227142035653,0.030477285796434734,0.5899567675424011,0.5194616725591958,0.09092261657922471,17,8,15,7,0.5333333333333333,0.47058823529411764,0.5,103.5,414.0,8.287292817679557,362,"Sampled-label overlap, no point adjustment; delays among detected events only; no original-FPS seconds.",0.1,0.7969485525367879,,3007,1268,True
R03,0,prototype_neural,0.975,2.0281856060028076,0.002911208151382824,0.02508551881413911,0.6204638257963985,0.5214690051046371,0.5210171655458388,0.5190424916104138,0.038643533123028394,0.0946372239747634,0.8907418056354227,1683,56,1169,99,0.6387096774193548,0.07807570977917981,0.13914265635980325,0.9677975848188615,0.03220241518113859,0.5926172264715663,0.5229366472990207,0.10245395787088331,1701,38,1184,84,0.6885245901639344,0.06624605678233439,0.12086330935251799,0.9781483611270846,0.02185163887291547,0.5936148985700034,0.5221972089547094,0.11111813910733084,17,7,12,5,0.5833333333333334,0.4117647058823529,0.4827586206896552,108.0,432.0,8.287292817679557,362,"Sampled-label overlap, no point adjustment; delays among detected events only; no original-FPS seconds.",0.1,0.7969485525367879,,3007,1268,True
R03,0,prototype_neural,0.99,2.3377251625061035,0.0,0.010262257696693273,0.6204638257963985,0.5214690051046371,0.5210171655458388,0.5190424916104138,0.038643533123028394,0.0946372239747634,0.8907418056354227,1700,39,1178,90,0.6976744186046512,0.07097791798107256,0.12884753042233357,0.9775733179988499,0.022426682001150087,0.5952776854007317,0.5242756179899613,0.11832307785782738,1711,28,1187,81,0.7431192660550459,0.0638801261829653,0.11764705882352941,0.9838987924094307,0.016101207590569294,0.5959428001330229,0.523889459296198,0.1262360201706137,17,7,10,3,0.7,0.4117647058823529,0.5185185185185185,108.0,432.0,8.287292817679557,362,"Sampled-label overlap, no point adjustment; delays among detected events only; no original-FPS seconds.",0.1,0.7969485525367879,,3007,1268,True
R03,0,prototype_neural,0.995,2.4866199493408203,0.0,0.005701254275940707,0.6204638257963985,0.5214690051046371,0.5210171655458388,0.5190424916104138,0.038643533123028394,0.0946372239747634,0.8907418056354227,1703,36,1184,84,0.7,0.06624605678233439,0.12103746397694524,0.9792984473835538,0.020701552616446232,0.5942800133022946,0.5227722520829441,0.11490300353101067,1714,25,1196,72,0.7422680412371134,0.056782334384858045,0.1054945054945055,0.9856239217941346,0.01437607820586544,0.593947455936149,0.5212031280894963,0.1185241880232907,17,6,10,4,0.6,0.35294117647058826,0.4444444444444445,105.5,422.0,11.049723756906078,362,"Sampled-label overlap, no point adjustment; delays among detected events only; no original-FPS seconds.",0.1,0.7969485525367879,,3007,1268,True
R03,0,prototype_neural,0.999,2.5769495964050293,0.0,0.0011402508551881414,0.6204638257963985,0.5214690051046371,0.5210171655458388,0.5190424916104138,0.038643533123028394,0.0946372239747634,0.8907418056354227,1703,36,1187,81,0.6923076923076923,0.0638801261829653,0.11696750902527075,0.9792984473835538,0.020701552616446232,0.5932823412038577,0.5215892867832596,0.11026453657737126,1714,25,1197,71,0.7395833333333334,0.055993690851735015,0.10410557184750732,0.9856239217941346,0.01437607820586544,0.5936148985700034,0.5208088063229348,0.11690413215698167,17,6,10,4,0.6,0.35294117647058826,0.4444444444444445,105.5,422.0,11.049723756906078,362,"Sampled-label overlap, no point adjustment; delays among detected events only; no original-FPS seconds.",0.1,0.7969485525367879,,3007,1268,True
R03,0,prototype_neural_ema,0.95,1.5187173831511518,0.039301310043668124,0.05017103762827822,0.6216107375245573,0.5263641630884881,0.5259835892650647,0.5183452888138119,0.0473186119873817,0.09227129337539432,0.8890166762507188,1666,73,1162,106,0.5921787709497207,0.083596214511041,0.14651002073255007,0.9580218516388729,0.041978148361127086,0.5892916528101098,0.520809033074957,0.08686105419009932,1679,60,1174,94,0.6103896103896104,0.07413249211356467,0.1322081575246132,0.9654974123059229,0.034502587694077054,0.5896242101762554,0.5198149522097438,0.08878123794217284,17,8,15,7,0.5333333333333333,0.47058823529411764,0.5,104.0,416.0,8.287292817679557,362,"Sampled-label overlap, no point adjustment; delays among detected events only; no original-FPS seconds.",0.06666666666666667,0.7858374414256768,,3007,1268,True
R03,0,prototype_neural_ema,0.975,1.9138970318369843,0.005822416302765648,0.02508551881413911,0.6216107375245573,0.5263641630884881,0.5259835892650647,0.5183452888138119,0.0473186119873817,0.09227129337539432,0.8890166762507188,1685,54,1178,90,0.625,0.07097791798107256,0.1274787535410765,0.9689476710753306,0.03105232892466935,0.5902893249085467,0.5199627945282016,0.09233552654248865,1696,43,1190,78,0.6446280991735537,0.061514195583596214,0.11231101511879049,0.9752731454859115,0.024726854514088556,0.5899567675424011,0.5183936705347538,0.09244149662714814,17,7,13,6,0.5384615384615384,0.4117647058823529,0.4666666666666667,109.0,436.0,8.287292817679557,362,"Sampled-label overlap, no point adjustment; delays among detected events only; no original-FPS seconds.",0.06666666666666667,0.7858374414256768,,3007,1268,True
R03,0,prototype_neural_ema,0.99,2.1266171041504927,0.0,0.010262257696693273,0.6216107375245573,0.5263641630884881,0.5259835892650647,0.5183452888138119,0.0473186119873817,0.09227129337539432,0.8890166762507188,1700,39,1180,88,0.6929133858267716,0.0694006309148265,0.1261648745519713,0.9775733179988499,0.022426682001150087,0.5946125706684403,0.5234869744568382,0.11533692926363474,1708,31,1191,77,0.7129629629629629,0.06072555205047318,0.1119186046511628,0.9821736630247269,0.017826336975273145,0.5936148985700034,0.5214496075376001,0.1138473112697992,17,7,10,3,0.7,0.4117647058823529,0.5185185185185185,109.0,436.0,8.287292817679557,362,"Sampled-label overlap, no point adjustment; delays among detected events only; no original-FPS seconds.",0.06666666666666667,0.7858374414256768,,3007,1268,True
R03,0,prototype_neural_ema,0.995,2.2781641433416793,0.0,0.005701254275940707,0.6216107375245573,0.5263641630884881,0.5259835892650647,0.5183452888138119,0.0473186119873817,0.09227129337539432,0.8890166762507188,1702,37,1185,83,0.6916666666666667,0.06545741324921135,0.11959654178674349,0.9787234042553191,0.02127659574468085,0.5936148985700034,0.5220904087522652,0.11146259516264977,1709,30,1197,71,0.7029702970297029,0.055993690851735015,0.10372534696859022,0.9827487061529615,0.017251293847038527,0.591952111739275,0.5193711985023483,0.10619092725429921,17,7,10,3,0.7,0.4117647058823529,0.5185185185185185,110.0,440.0,8.287292817679557,362,"Sampled-label overlap, no point adjustment; delays among detected events only; no original-FPS seconds.",0.06666666666666667,0.7858374414256768,,3007,1268,True
R03,0,prototype_neural_ema,0.999,2.369558540156722,0.0,0.0011402508551881414,0.6216107375245573,0.5263641630884881,0.5259835892650647,0.5183452888138119,0.0473186119873817,0.09227129337539432,0.8890166762507188,1703,36,1192,76,0.6785714285714286,0.05993690851735016,0.11014492753623188,0.9792984473835538,0.020701552616446232,0.5916195543731294,0.519617677950452,0.10231839494923217,1710,29,1201,67,0.6979166666666666,0.0528391167192429,0.09824046920821115,0.983323749281196,0.01667625071880391,0.590954439640838,0.5180814330002195,0.10158171498359876,17,6,9,3,0.6666666666666666,0.35294117647058826,0.46153846153846156,106.0,424.0,8.287292817679557,362,"Sampled-label overlap, no point adjustment; delays among detected events only; no original-FPS seconds.",0.06666666666666667,0.7858374414256768,,3007,1268,True
R03,0,reference_dino_global_pca,0.95,0.011414513923227787,0.043668122270742356,0.05017103762827822,0.5815930871471512,0.49015109604546403,0.4896579808839326,0.5182421763153073,0.02365930599369085,0.0914826498422713,0.9493962047153537,1655,84,1155,113,0.5736040609137056,0.08911671924290221,0.15426621160409557,0.9516963772282921,0.048303622771707876,0.5879614233455271,0.5204065482355972,0.08145592700137455,1674,65,1170,98,0.6012269938650306,0.07728706624605679,0.13696715583508037,0.9626221966647499,0.03737780333525014,0.5892916528101098,0.5199546314554033,0.08704113116253426,17,8,17,8,0.5294117647058824,0.47058823529411764,0.4982698961937716,114.0,456.0,8.287292817679557,362,"Sampled-label overlap, no point adjustment; delays among detected events only; no original-FPS seconds.",0.1,0.7969485525367879,,3007,1268,True
R03,0,reference_dino_global_pca,0.975,0.013753771781921387,0.040756914119359534,0.02508551881413911,0.5815930871471512,0.49015109604546403,0.4896579808839326,0.5182421763153073,0.02365930599369085,0.0914826498422713,0.9493962047153537,1677,62,1174,94,0.6025641025641025,0.07413249211356467,0.13202247191011235,0.9643473260494537,0.03565267395054629,0.5889590954439641,0.5192399090815092,0.08568040704507134,1694,45,1188,80,0.64,0.06309148264984227,0.11486001435750179,0.9741230592294422,0.025876940770557792,0.5899567675424011,0.5186072709396422,0.092070414874979,17,7,13,6,0.5384615384615384,0.4117647058823529,0.4666666666666667,111.0,444.0,8.287292817679557,362,"Sampled-label overlap, no point adjustment; delays among detected events only; no original-FPS seconds.",0.1,0.7969485525367879,,3007,1268,True
R03,0,reference_dino_global_pca,0.99,0.0166154857724905,0.001455604075691412,0.010262257696693273,0.5815930871471512,0.49015109604546403,0.4896579808839326,0.5182421763153073,0.02365930599369085,0.0914826498422713,0.9493962047153537,1703,36,1193,75,0.6756756756756757,0.05914826498422713,0.10877447425670778,0.9792984473835538,0.020701552616446232,0.5912869970069837,0.5192233561838905,0.10069498886464189,1718,21,1203,65,0.7558139534883721,0.051261829652996846,0.09601181683899558,0.9879240943070731,0.012075905692926969,0.592949783837712,0.5195929619800349,0.11609793765399933,17,6,12,4,0.6666666666666666,0.35294117647058826,0.46153846153846156,111.0,444.0,11.049723756906078,362,"Sampled-label overlap, no point adjustment; delays among detected events only; no original-FPS seconds.",0.1,0.7969485525367879,,3007,1268,True
R03,0,reference_dino_global_pca,0.995,0.018741564825177193,0.0,0.005701254275940707,0.5815930871471512,0.49015109604546403,0.4896579808839326,0.5182421763153073,0.02365930599369085,0.0914826498422713,0.9493962047153537,1716,23,1231,37,0.6166666666666667,0.02917981072555205,0.05572289156626506,0.9867740080506038,0.013225991949396205,0.5829730628533422,0.5079769093880779,0.05633890205814267,1722,17,1243,25,0.5952380952380952,0.01971608832807571,0.038167938931297704,0.9902242668200115,0.0097757331799885,0.5809777186564682,0.5049701775740436,0.04182869591059868,17,5,9,4,0.5555555555555556,0.29411764705882354,0.3846153846153846,101.0,404.0,11.049723756906078,362,"Sampled-label overlap, no point adjustment; delays among detected events only; no original-FPS seconds.",0.1,0.7969485525367879,,3007,1268,True
R03,0,reference_dino_global_pca,0.999,0.020672647282481194,0.0,0.0011402508551881414,0.5815930871471512,0.49015109604546403,0.4896579808839326,0.5182421763153073,0.02365930599369085,0.0914826498422713,0.9493962047153537,1725,14,1243,25,0.6410256410256411,0.01971608832807571,0.03825554705432287,0.9919493962047153,0.008050603795284647,0.5819753907549052,0.5058327422663955,0.05091525792435198,1734,5,1254,14,0.7368421052631579,0.011041009463722398,0.021756021756021756,0.9971247843588269,0.002875215641173088,0.5813102760226139,0.5040828969112746,0.05089097026091655,17,3,5,2,0.6,0.17647058823529413,0.2727272727272727,47.0,188.0,5.524861878453039,362,"Sampled-label overlap, no point adjustment; delays among detected events only; no original-FPS seconds.",0.1,0.7969485525367879,,3007,1268,True
R03,0,reference_dino_frame_denoising_ae,0.95,0.4153085947036743,0.021834061135371178,0.05017103762827822,0.60768181430642,0.5232614490958412,0.5228161621616343,0.5254440592259096,0.04416403785488959,0.10488958990536278,0.9102932719953997,1687,52,1171,97,0.6510067114093959,0.07649842271293375,0.13690896259703597,0.9700977573317999,0.029902242668200116,0.5932823412038577,0.5232980900223668,0.10603164178155013,1706,33,1183,85,0.7203389830508474,0.06703470031545741,0.12265512265512264,0.9810235767682576,0.01897642323174238,0.5956102427668772,0.5240291385418575,0.12222578641445017,17,7,11,4,0.6363636363636364,0.4117647058823529,0.5,108.0,432.0,8.287292817679557,362,"Sampled-label overlap, no point adjustment; delays among detected events only; no original-FPS seconds.",0.1,0.7969485525367879,,3007,1268,True
R03,0,reference_dino_frame_denoising_ae,0.975,0.44012516736984253,0.013100436681222707,0.02508551881413911,0.60768181430642,0.5232614490958412,0.5228161621616343,0.5254440592259096,0.04416403785488959,0.10488958990536278,0.9102932719953997,1698,41,1172,96,0.7007299270072993,0.07570977917981073,0.13665480427046264,0.9764232317423807,0.023576768257619323,0.5966079148653143,0.5260665054610957,0.12345849941283546,1711,28,1184,84,0.75,0.06624605678233439,0.12173913043478261,0.9838987924094307,0.016101207590569294,0.59694047223146,0.5250724245958825,0.1307682921809434,17,7,10,3,0.7,0.4117647058823529,0.5185185185185185,108.0,432.0,8.287292817679557,362,"Sampled-label overlap, no point adjustment; delays among detected events only; no original-FPS seconds.",0.1,0.7969485525367879,,3007,1268,True
R03,0,reference_dino_frame_denoising_ae,0.99,0.49017825722694397,0.0,0.010262257696693273,0.60768181430642,0.5232614490958412,0.5228161621616343,0.5254440592259096,0.04416403785488959,0.10488958990536278,0.9102932719953997,1700,39,1176,92,0.7022900763358778,0.07255520504731862,0.1315225160829164,0.9775733179988499,0.022426682001150087,0.5959428001330229,0.5250642615230843,0.12127303267963847,1711,28,1189,79,0.7383177570093458,0.062302839116719244,0.1149090909090909,0.9838987924094307,0.016101207590569294,0.5952776854007317,0.523100815763075,0.12316174744147562,17,7,10,3,0.7,0.4117647058823529,0.5185185185185185,111.0,444.0,8.287292817679557,362,"Sampled-label overlap, no point adjustment; delays among detected events only; no original-FPS seconds.",0.1,0.7969485525367879,,3007,1268,True
R03,0,reference_dino_frame_denoising_ae,0.995,0.5160666704177856,0.0,0.005701254275940707,0.60768181430642,0.5232614490958412,0.5228161621616343,0.5254440592259096,0.04416403785488959,0.10488958990536278,0.9102932719953997,1707,32,1181,87,0.7310924369747899,0.06861198738170347,0.1254506128334535,0.9815986198964922,0.018401380103507763,0.5966079148653143,0.5251053036390978,0.12718409869764802,1717,22,1192,76,0.7755102040816326,0.05993690851735016,0.11127379209370426,0.9873490511788384,0.012650948821161587,0.5962753574991686,0.5236429798480943,0.13150937901083268,17,6,9,3,0.6666666666666666,0.35294117647058826,0.46153846153846156,110.5,442.0,8.287292817679557,362,"Sampled-label overlap, no point adjustment; delays among detected events only; no original-FPS seconds.",0.1,0.7969485525367879,,3007,1268,True
R03,0,reference_dino_frame_denoising_ae,0.999,0.5300753116607666,0.0,0.0011402508551881414,0.60768181430642,0.5232614490958412,0.5228161621616343,0.5254440592259096,0.04416403785488959,0.10488958990536278,0.9102932719953997,1708,31,1185,83,0.7280701754385965,0.06545741324921135,0.12011577424023152,0.9821736630247269,0.017826336975273145,0.5956102427668772,0.5238155381369691,0.12316098972353481,1718,21,1199,69,0.7666666666666667,0.05441640378548896,0.10162002945508102,0.9879240943070731,0.012075905692926969,0.5942800133022946,0.5211702490462811,0.12270885712600724,17,5,8,3,0.625,0.29411764705882354,0.4,100.0,400.0,8.287292817679557,362,"Sampled-label overlap, no point adjustment; delays among detected events only; no original-FPS seconds.",0.1,0.7969485525367879,,3007,1268,True
R03,0,reference_dino_full_ema,0.95,1.7314759502822012,0.02911208151382824,0.05017103762827822,0.6217458817297732,0.531365138226956,0.5309890277946254,0.5235818284080089,0.050473186119873815,0.10410094637223975,0.9177688326624497,1670,69,1158,110,0.6145251396648045,0.08675078864353312,0.1520387007601935,0.9603220241518113,0.039677975848188614,0.591952111739275,0.5235364063976722,0.0982456543840463,1683,56,1176,92,0.6216216216216216,0.07255520504731862,0.12994350282485878,0.9677975848188615,0.03220241518113859,0.5902893249085467,0.5201763949330901,0.09211811622705002,17,9,17,7,0.5882352941176471,0.5294117647058824,0.5572755417956656,108.0,432.0,8.287292817679557,362,"Sampled-label overlap, no point adjustment; delays among detected events only; no original-FPS seconds.",0.1,0.7969485525367879,,3007,1268,True
R03,0,reference_dino_full_ema,0.975,2.058595994611299,0.005822416302765648,0.02508551881413911,0.6217458817297732,0.531365138226956,0.5309890277946254,0.5235818284080089,0.050473186119873815,0.10410094637223975,0.9177688326624497,1686,53,1175,93,0.636986301369863,0.07334384858044164,0.13154172560113156,0.9695227142035653,0.030477285796434734,0.5916195543731294,0.5214332813920035,0.09849013265205192,1697,42,1186,82,0.6612903225806451,0.06466876971608833,0.11781609195402298,0.975848188614146,0.024151811385853938,0.5916195543731294,0.5202584791651171,0.10062666716786255,17,7,13,6,0.5384615384615384,0.4117647058823529,0.4666666666666667,109.0,436.0,8.287292817679557,362,"Sampled-label overlap, no point adjustment; delays among detected events only; no original-FPS seconds.",0.1,0.7969485525367879,,3007,1268,True
R03,0,reference_dino_full_ema,0.99,2.5098149423065115,0.0,0.010262257696693273,0.6217458817297732,0.531365138226956,0.5309890277946254,0.5235818284080089,0.050473186119873815,0.10410094637223975,0.9177688326624497,1703,36,1179,89,0.712,0.07018927444794952,0.12778176597272073,0.9792984473835538,0.020701552616446232,0.5959428001330229,0.5247438609157516,0.12243480236902674,1711,28,1190,78,0.7358490566037735,0.061514195583596214,0.11353711790393015,0.9838987924094307,0.016101207590569294,0.594945128034586,0.5227064939965135,0.12160815468465995,17,7,10,3,0.7,0.4117647058823529,0.5185185185185185,110.0,440.0,8.287292817679557,362,"Sampled-label overlap, no point adjustment; delays among detected events only; no original-FPS seconds.",0.1,0.7969485525367879,,3007,1268,True
R03,0,reference_dino_full_ema,0.995,2.7062583577342476,0.0,0.005701254275940707,0.6217458817297732,0.531365138226956,0.5309890277946254,0.5235818284080089,0.050473186119873815,0.10410094637223975,0.9177688326624497,1705,34,1182,86,0.7166666666666667,0.06782334384858044,0.1239193083573487,0.980448533640023,0.019551466359977,0.5956102427668772,0.5241359387443018,0.12178382026773249,1712,27,1193,75,0.7352941176470589,0.05914826498422713,0.10948905109489052,0.9844738355376653,0.015526164462334674,0.5942800133022946,0.5218110502609462,0.11899887008980793,17,7,10,3,0.7,0.4117647058823529,0.5185185185185185,110.0,440.0,8.287292817679557,362,"Sampled-label overlap, no point adjustment; delays among detected events only; no original-FPS seconds.",0.1,0.7969485525367879,,3007,1268,True
R03,0,reference_dino_full_ema,0.999,2.813110271564263,0.0,0.0011402508551881414,0.6217458817297732,0.531365138226956,0.5309890277946254,0.5235818284080089,0.050473186119873815,0.10410094637223975,0.9177688326624497,1706,33,1188,80,0.7079646017699115,0.06309148264984227,0.11585807385952207,0.9810235767682576,0.01897642323174238,0.593947455936149,0.52205752970905,0.11455335182654906,1713,26,1198,70,0.7291666666666666,0.055205047318611984,0.10263929618768328,0.9850488786659,0.014951121334100058,0.592949783837712,0.520126962992256,0.11307352786363595,17,6,9,3,0.6666666666666666,0.35294117647058826,0.46153846153846156,105.5,422.0,8.287292817679557,362,"Sampled-label overlap, no point adjustment; delays among detected events only; no original-FPS seconds.",0.1,0.7969485525367879,,3007,1268,True
R04,0,prototype64,0.95,0.04797721654176712,0.12534059945504086,0.05070993914807302,0.70039649880421,0.7093130124804277,0.7088500766101455,0.5450820236039221,0.00960698689956332,0.14497816593886462,0.6629711751662971,788,114,793,352,0.7553648068669528,0.3074235807860262,0.4369956548727499,0.8736141906873615,0.12638580931263857,0.5569125549584758,0.5905188857366939,0.21434645917775413,852,50,899,246,0.831081081081081,0.21484716157205241,0.3414295628036086,0.9445676274944568,0.05543237250554324,0.5363947239863215,0.5797073945332546,0.22503273181605574,26,17,36,7,0.8055555555555556,0.6538461538461539,0.7218155197657393,6.0,24.0,,0,"Sampled-label overlap, no point adjustment; delays among detected events only; no original-FPS seconds.",,,Both label classes required; not replaced by zero or fabricated.,2047,1145,True
R04,0,prototype64,0.975,0.052409954369068146,0.06267029972752043,0.02636916835699797,0.70039649880421,0.7093130124804277,0.7088500766101455,0.5450820236039221,0.00960698689956332,0.14497816593886462,0.6629711751662971,824,78,884,261,0.7699115044247787,0.2279475982532751,0.35175202156334223,0.9135254988913526,0.08647450110864745,0.5300439667806546,0.5707365485723138,0.18894529901765156,866,36,975,170,0.8252427184466019,0.14847161572052403,0.2516654330125833,0.9600886917960089,0.03991130820399113,0.5061064973131412,0.5542801537582664,0.17914990101483097,26,16,29,5,0.8275862068965517,0.6153846153846154,0.7058823529411765,12.5,50.0,,0,"Sampled-label overlap, no point adjustment; delays among detected events only; no original-FPS seconds.",,,Both label classes required; not replaced by zero or fabricated.,2047,1145,True
R04,0,prototype64,0.99,0.06316523998975754,0.010899182561307902,0.010141987829614604,0.70039649880421,0.7093130124804277,0.7088500766101455,0.5450820236039221,0.00960698689956332,0.14497816593886462,0.6629711751662971,876,26,1036,109,0.8074074074074075,0.09519650655021834,0.1703125,0.9711751662971175,0.028824833702882482,0.4811919882755252,0.5331858364236679,0.13276327215755498,889,13,1094,51,0.796875,0.0445414847161572,0.08436724565756824,0.9855875831485588,0.014412416851441241,0.4592085979482169,0.515064533932358,0.08594890808139599,26,7,12,2,0.8333333333333334,0.2692307692307692,0.4069767441860465,15.0,60.0,,0,"Sampled-label overlap, no point adjustment; delays among detected events only; no original-FPS seconds.",,,Both label classes required; not replaced by zero or fabricated.,2047,1145,True
R04,0,prototype64,0.995,0.06555009633302689,0.008174386920980926,0.006085192697768763,0.70039649880421,0.7093130124804277,0.7088500766101455,0.5450820236039221,0.00960698689956332,0.14497816593886462,0.6629711751662971,879,23,1067,78,0.7722772277227723,0.06812227074235808,0.12520064205457462,0.9745011086474501,0.025498891352549888,0.4675134342940889,0.521311689694904,0.0977061244073748,890,12,1118,27,0.6923076923076923,0.023580786026200874,0.045608108108108114,0.9866962305986696,0.013303769401330377,0.44797264289203714,0.5051385083124352,0.037321484801807074,26,6,8,2,0.75,0.23076923076923078,0.3529411764705882,66.0,264.0,,0,"Sampled-label overlap, no point adjustment; delays among detected events only; no original-FPS seconds.",,,Both label classes required; not replaced by zero or fabricated.,2047,1145,True
R04,0,prototype64,0.999,0.07196874171495438,0.005449591280653951,0.002028397565922921,0.70039649880421,0.7093130124804277,0.7088500766101455,0.5450820236039221,0.00960698689956332,0.14497816593886462,0.6629711751662971,888,14,1109,36,0.72,0.0314410480349345,0.06025104602510461,0.9844789356984479,0.015521064301552107,0.4513922813873962,0.5079599918666912,0.05120054657322349,894,8,1135,10,0.5555555555555556,0.008733624454148471,0.017196904557179704,0.991130820399113,0.008869179600886918,0.4416218856863703,0.49993222242663077,-0.0007208497422451306,26,3,5,2,0.6,0.11538461538461539,0.1935483870967742,79.0,316.0,,0,"Sampled-label overlap, no point adjustment; delays among detected events only; no original-FPS seconds.",,,Both label classes required; not replaced by zero or fabricated.,2047,1145,True
R04,0,prototype256,0.95,0.04404016584157944,0.1553133514986376,0.05070993914807302,0.7407430358543363,0.7392552465419022,0.7388569128834226,0.5559896264640338,0.023580786026200874,0.19126637554585152,0.6164079822616408,767,135,719,426,0.7593582887700535,0.3720524017467249,0.49941383352872215,0.8503325942350333,0.14966740576496673,0.5828041035661944,0.611192497990879,0.2475259063408145,833,69,826,319,0.8221649484536082,0.2786026200873362,0.41617742987606,0.9235033259423503,0.07649667405764966,0.5627747923790913,0.6010529730148433,0.2560035850085014,26,17,46,8,0.8260869565217391,0.6538461538461539,0.7299435028248588,5.0,20.0,,0,"Sampled-label overlap, no point adjustment; delays among detected events only; no original-FPS seconds.",,,Both label classes required; not replaced by zero or fabricated.,2047,1145,True
R04,0,prototype256,0.975,0.04759066179394722,0.09809264305177112,0.02636916835699797,0.7407430358543363,0.7392552465419022,0.7388569128834226,0.5559896264640338,0.023580786026200874,0.19126637554585152,0.6164079822616408,805,97,818,327,0.7712264150943396,0.28558951965065504,0.41682600382409185,0.8924611973392461,0.10753880266075388,0.5530043966780654,0.5890253584949505,0.2181260579771314,855,47,922,223,0.825925925925926,0.1947598253275109,0.3151943462897526,0.9478935698447893,0.052106430155210645,0.5266243282852956,0.5713266975861502,0.2092967711727331,26,17,38,6,0.8421052631578947,0.6538461538461539,0.736129905277402,6.0,24.0,,0,"Sampled-label overlap, no point adjustment; delays among detected events only; no original-FPS seconds.",,,Both label classes required; not replaced by zero or fabricated.,2047,1145,True
R04,0,prototype256,0.99,0.052522726356983185,0.05722070844686648,0.010141987829614604,0.7407430358543363,0.7392552465419022,0.7388569128834226,0.5559896264640338,0.023580786026200874,0.19126637554585152,0.6164079822616408,855,47,926,219,0.8233082706766918,0.19126637554585152,0.3104181431608788,0.9478935698447893,0.052106430155210645,0.5246702491450904,0.5695799726953205,0.20546955659090974,883,19,1011,134,0.8758169934640523,0.11703056768558952,0.20647149460708783,0.9789356984478935,0.02106430155210643,0.4968246213971666,0.5479831330667415,0.18117109404179113,26,12,23,2,0.9130434782608695,0.46153846153846156,0.6131386861313869,8.0,32.0,,0,"Sampled-label overlap, no point adjustment; delays among detected events only; no original-FPS seconds.",,,Both label classes required; not replaced by zero or fabricated.,2047,1145,True
R04,0,prototype256,0.995,0.05454947426915169,0.04087193460490463,0.006085192697768763,0.7407430358543363,0.7392552465419022,0.7388569128834226,0.5559896264640338,0.023580786026200874,0.19126637554585152,0.6164079822616408,863,39,977,168,0.8115942028985508,0.1467248908296943,0.24852071005917156,0.9567627494456763,0.043237250554323724,0.5036638983878847,0.5517438201376853,0.1704120936560252,883,19,1049,96,0.8347826086956521,0.08384279475982533,0.15238095238095237,0.9789356984478935,0.02106430155210643,0.4782608695652174,0.5313892466038594,0.1353519193269248,26,10,18,2,0.8888888888888888,0.38461538461538464,0.5369127516778524,8.5,34.0,,0,"Sampled-label overlap, no point adjustment; delays among detected events only; no original-FPS seconds.",,,Both label classes required; not replaced by zero or fabricated.,2047,1145,True
R04,0,prototype256,0.999,0.0639127716422081,0.005449591280653951,0.002028397565922921,0.7407430358543363,0.7392552465419022,0.7388569128834226,0.5559896264640338,0.023580786026200874,0.19126637554585152,0.6164079822616408,885,17,1078,67,0.7976190476190477,0.05851528384279476,0.10903173311635475,0.9811529933481153,0.018847006651884702,0.4650708353688324,0.519834138595455,0.09927720884557116,891,11,1117,28,0.717948717948718,0.02445414847161572,0.04729729729729729,0.9878048780487805,0.012195121951219513,0.44894968246213973,0.5061295132601981,0.044519249960022544,26,4,6,1,0.8333333333333334,0.15384615384615385,0.25974025974025977,58.5,234.0,,0,"Sampled-label overlap, no point adjustment; delays among detected events only; no original-FPS seconds.",,,Both label classes required; not replaced by zero or fabricated.,2047,1145,True
R04,0,prototype_motion,0.95,1.1251497268676758,0.09264305177111716,0.05070993914807302,0.7234113420927779,0.7278935306582389,0.7275505049952331,0.5456354555188017,0.0314410480349345,0.14323144104803492,0.6452328159645233,798,104,810,335,0.7630979498861048,0.2925764192139738,0.42297979797979796,0.88470066518847,0.11529933481152993,0.5534929164631167,0.5886385422012219,0.21442890619002578,865,37,923,222,0.8571428571428571,0.19388646288209607,0.3162393162393163,0.958980044345898,0.041019955654102,0.5310210063507572,0.576433253613997,0.22828885798461074,26,17,41,7,0.8292682926829268,0.6538461538461539,0.7311827956989247,7.0,28.0,,0,"Sampled-label overlap, no point adjustment; delays among detected events only; no original-FPS seconds.",,,Both label classes required; not replaced by zero or fabricated.,2047,1145,True
R04,0,prototype_motion,0.975,1.359020471572876,0.05722070844686648,0.02636916835699797,0.7234113420927779,0.7278935306582389,0.7275505049952331,0.5456354555188017,0.0314410480349345,0.14323144104803492,0.6452328159645233,835,67,922,223,0.7689655172413793,0.1947598253275109,0.310801393728223,0.9257206208425721,0.07427937915742794,0.5168539325842697,0.5602402230850415,0.1715290568166898,883,19,1024,121,0.8642857142857143,0.1056768558951965,0.18832684824902723,0.9789356984478935,0.02106430155210643,0.49047386419149974,0.542306277171545,0.16641844273900422,26,13,25,2,0.92,0.5,0.647887323943662,17.0,68.0,,0,"Sampled-label overlap, no point adjustment; delays among detected events only; no original-FPS seconds.",,,Both label classes required; not replaced by zero or fabricated.,2047,1145,True
R04,0,prototype_motion,0.99,1.683125376701355,0.027247956403269755,0.010141987829614604,0.7234113420927779,0.7278935306582389,0.7275505049952331,0.5456354555188017,0.0314410480349345,0.14323144104803492,0.6452328159645233,868,34,1025,120,0.7792207792207793,0.10480349344978165,0.18475750577367206,0.9623059866962306,0.037694013303769404,0.48265754763067903,0.5335547400730061,0.12631479434761833,888,14,1099,46,0.7666666666666667,0.04017467248908297,0.07634854771784232,0.9844789356984479,0.015521064301552107,0.4562774792379091,0.5123268040937654,0.07256245085584279,26,6,12,2,0.8333333333333334,0.23076923076923078,0.3614457831325301,21.5,86.0,,0,"Sampled-label overlap, no point adjustment; delays among detected events only; no original-FPS seconds.",,,Both label classes required; not replaced by zero or fabricated.,2047,1145,True
R04,0,prototype_motion,0.995,1.8204267024993896,0.01634877384196185,0.006085192697768763,0.7234113420927779,0.7278935306582389,0.7275505049952331,0.5456354555188017,0.0314410480349345,0.14323144104803492,0.6452328159645233,882,20,1050,95,0.8260869565217391,0.08296943231441048,0.15079365079365079,0.9778270509977827,0.022172949002217297,0.4772838299951148,0.5303982416560966,0.1310786590147232,898,4,1118,27,0.8709677419354839,0.023580786026200874,0.04591836734693878,0.9955654101995566,0.004434589800443459,0.4518808011724475,0.5095730981128788,0.07783275566696027,26,4,7,1,0.8571428571428571,0.15384615384615385,0.2608695652173913,39.0,156.0,,0,"Sampled-label overlap, no point adjustment; delays among detected events only; no original-FPS seconds.",,,Both label classes required; not replaced by zero or fabricated.,2047,1145,True
R04,0,prototype_motion,0.999,2.28415584564209,0.0027247956403269754,0.002028397565922921,0.7234113420927779,0.7278935306582389,0.7275505049952331,0.5456354555188017,0.0314410480349345,0.14323144104803492,0.6452328159645233,894,8,1113,32,0.8,0.02794759825327511,0.0540084388185654,0.991130820399113,0.008869179600886918,0.45236932095749877,0.5095392093261941,0.06842971083852509,902,0,1143,2,1.0,0.0017467248908296944,0.003487358326068004,1.0,0.0,0.4416218856863703,0.5008733624454148,0.027756766187851094,26,1,1,0,1.0,0.038461538461538464,0.07407407407407407,82.0,328.0,,0,"Sampled-label overlap, no point adjustment; delays among detected events only; no original-FPS seconds.",,,Both label classes required; not replaced by zero or fabricated.,2047,1145,True
R04,0,prototype_motion_ema,0.95,0.8646067867981524,0.14713896457765668,0.05070993914807302,0.7598824543227567,0.7684193514608615,0.7681427871437279,0.5784907616109862,0.026200873362445413,0.2183406113537118,0.5809312638580931,765,137,632,513,0.7892307692307692,0.4480349344978166,0.5715877437325905,0.8481152993348116,0.15188470066518847,0.6243282852955545,0.6480751169163141,0.31583714892666576,797,105,676,469,0.8170731707317073,0.4096069868995633,0.5456660849331005,0.8835920177383592,0.1164079822616408,0.618466047874939,0.6465995023189612,0.3240493719737178,26,23,54,8,0.8518518518518519,0.8846153846153846,0.8679245283018868,6.0,24.0,,0,"Sampled-label overlap, no point adjustment; delays among detected events only; no original-FPS seconds.",,,Both label classes required; not replaced by zero or fabricated.,2047,1145,True
R04,0,prototype_motion_ema,0.975,0.9771065854808731,0.10626702997275204,0.02636916835699797,0.7598824543227567,0.7684193514608615,0.7681427871437279,0.5784907616109862,0.026200873362445413,0.2183406113537118,0.5809312638580931,803,99,716,429,0.8125,0.3746724890829694,0.5128511655708309,0.8902439024390244,0.10975609756097561,0.6018563751831949,0.6324581957609969,0.300620778210968,826,76,778,367,0.8284424379232506,0.3205240174672489,0.4622166246851385,0.9157427937915743,0.08425720620842572,0.5828041035661944,0.6181334056294117,0.28484243319498087,26,20,52,9,0.8269230769230769,0.7692307692307693,0.7970342910101946,7.5,30.0,,0,"Sampled-label overlap, no point adjustment; delays among detected events only; no original-FPS seconds.",,,Both label classes required; not replaced by zero or fabricated.,2047,1145,True
R04,0,prototype_motion_ema,0.99,1.1553038215759566,0.06267029972752043,0.010141987829614604,0.7598824543227567,0.7684193514608615,0.7681427871437279,0.5784907616109862,0.026200873362445413,0.2183406113537118,0.5809312638580931,843,59,845,300,0.8356545961002786,0.26200873362445415,0.398936170212766,0.934589800443459,0.06541019955654102,0.5583781143136297,0.5982992670339565,0.25665683941910183,864,38,909,236,0.8613138686131386,0.20611353711790392,0.33262861169837915,0.9578713968957872,0.04212860310421286,0.537371763556424,0.5819924670068455,0.23910040531409596,26,15,37,5,0.8648648648648649,0.5769230769230769,0.692141312184571,10.0,40.0,,0,"Sampled-label overlap, no point adjustment; delays among detected events only; no original-FPS seconds.",,,Both label classes required; not replaced by zero or fabricated.,2047,1145,True
R04,0,prototype_motion_ema,0.995,1.3160602722309884,0.04087193460490463,0.006085192697768763,0.7598824543227567,0.7684193514608615,0.7681427871437279,0.5784907616109862,0.026200873362445413,0.2183406113537118,0.5809312638580931,867,35,940,205,0.8541666666666666,0.17903930131004367,0.296028880866426,0.9611973392461197,0.038802660753880266,0.5236932095749878,0.5701183202780817,0.21641273539578634,877,25,986,159,0.8641304347826086,0.1388646288209607,0.23927765237020315,0.9722838137472284,0.02771618625277162,0.5061064973131412,0.5555742212840945,0.19292746364993413,26,11,21,3,0.8571428571428571,0.4230769230769231,0.5665236051502146,11.0,44.0,,0,"Sampled-label overlap, no point adjustment; delays among detected events only; no original-FPS seconds.",,,Both label classes required; not replaced by zero or fabricated.,2047,1145,True
R04,0,prototype_motion_ema,0.999,1.5679050569057695,0.013623978201634877,0.002028397565922921,0.7598824543227567,0.7684193514608615,0.7681427871437279,0.5784907616109862,0.026200873362445413,0.2183406113537118,0.5809312638580931,879,23,1033,112,0.8296296296296296,0.09781659388646288,0.175,0.9745011086474501,0.025498891352549888,0.48412310698583294,0.5361588512669565,0.1446571166799268,884,18,1059,86,0.8269230769230769,0.07510917030567686,0.13771016813450762,0.9800443458980045,0.019955654101995565,0.4738641914997557,0.5275767581018407,0.12468842735950417,26,8,16,3,0.8125,0.3076923076923077,0.4463519313304721,18.0,72.0,,0,"Sampled-label overlap, no point adjustment; delays among detected events only; no original-FPS seconds.",,,Both label classes required; not replaced by zero or fabricated.,2047,1145,True
R04,0,prototype_fewshot3,0.95,0.0674225464463234,0.03814713896457766,0.05070993914807302,0.7440404147987489,0.753890898923016,0.7536403987686149,0.5537259574346647,0.0462882096069869,0.15807860262008733,0.6751662971175166,856,46,956,189,0.8042553191489362,0.16506550218340613,0.2739130434782609,0.9490022172949002,0.050997782705099776,0.5105031753786028,0.5570338597391532,0.17764612686799253,874,28,1044,101,0.7829457364341085,0.08820960698689956,0.1585557299843014,0.9689578713968958,0.031042128603104215,0.4763067904250122,0.5285837391918977,0.11679813059584453,26,13,24,5,0.7916666666666666,0.5,0.6129032258064516,9.0,36.0,,0,"Sampled-label overlap, no point adjustment; delays among detected events only; no original-FPS seconds.",,,Both label classes required; not replaced by zero or fabricated.,2047,1145,True
R04,0,prototype_fewshot3,0.975,0.07339730113744736,0.01907356948228883,0.02636916835699797,0.7440404147987489,0.753890898923016,0.7536403987686149,0.5537259574346647,0.0462882096069869,0.15807860262008733,0.6751662971175166,878,24,1044,101,0.808,0.08820960698689956,0.1590551181102362,0.9733924611973392,0.026607538802660754,0.4782608695652174,0.5308010340921194,0.1277231459302382,893,9,1100,45,0.8333333333333334,0.039301310043668124,0.0750625521267723,0.9900221729490022,0.009977827050997782,0.4582315583781143,0.5146617414963351,0.09083872640903748,26,6,10,2,0.8,0.23076923076923078,0.3582089552238806,54.5,218.0,,0,"Sampled-label overlap, no point adjustment; delays among detected events only; no original-FPS seconds.",,,Both label classes required; not replaced by zero or fabricated.,2047,1145,True
R04,0,prototype_fewshot3,0.99,0.08146491646766663,0.008174386920980926,0.010141987829614604,0.7440404147987489,0.753890898923016,0.7536403987686149,0.5537259574346647,0.0462882096069869,0.15807860262008733,0.6751662971175166,895,7,1097,48,0.8727272727272727,0.04192139737991266,0.08,0.9922394678492239,0.007760532150776054,0.4606741573033708,0.5170804326145683,0.10488390834242352,901,1,1127,18,0.9473684210526315,0.01572052401746725,0.030927835051546393,0.9988913525498891,0.0011086474501108647,0.44894968246213973,0.5073059382836782,0.07564865854086145,26,3,4,1,0.75,0.11538461538461539,0.19999999999999998,59.0,236.0,,0,"Sampled-label overlap, no point adjustment; delays among detected events only; no original-FPS seconds.",,,Both label classes required; not replaced by zero or fabricated.,2047,1145,True
R04,0,prototype_fewshot3,0.995,0.08400855958461761,0.0,0.006085192697768763,0.7440404147987489,0.753890898923016,0.7536403987686149,0.5537259574346647,0.0462882096069869,0.15807860262008733,0.6751662971175166,897,5,1105,40,0.8888888888888888,0.034934497816593885,0.06722689075630252,0.9944567627494457,0.005543237250554324,0.45774303859306303,0.5146956302830198,0.09951440063562453,902,0,1127,18,1.0,0.01572052401746725,0.03095442820292348,1.0,0.0,0.449438202247191,0.5078602620087336,0.08359797439351387,26,3,3,0,1.0,0.11538461538461539,0.20689655172413793,59.0,236.0,,0,"Sampled-label overlap, no point adjustment; delays among detected events only; no original-FPS seconds.",,,Both label classes required; not replaced by zero or fabricated.,2047,1145,True
R04,0,prototype_fewshot3,0.999,0.09153648465871811,0.0,0.002028397565922921,0.7440404147987489,0.753890898923016,0.7536403987686149,0.5537259574346647,0.0462882096069869,0.15807860262008733,0.6751662971175166,902,0,1123,22,1.0,0.01921397379912664,0.037703513281919454,1.0,0.0,0.4513922813873962,0.5096069868995633,0.09251227310454004,902,0,1136,9,1.0,0.007860262008733625,0.015597920277296362,1.0,0.0,0.4450415241817294,0.5039301310043668,0.05898202655275367,26,1,1,0,1.0,0.038461538461538464,0.07407407407407407,61.0,244.0,,0,"Sampled-label overlap, no point adjustment; delays among detected events only; no original-FPS seconds.",,,Both label classes required; not replaced by zero or fabricated.,2047,1145,True
R04,0,prototype_neural,0.95,1.1981760263442993,0.17166212534059946,0.05070993914807302,0.7733430803938847,0.7705988365390517,0.7702659529547087,0.568089706930792,0.03318777292576419,0.1781659388646288,0.5864745011086474,787,115,681,464,0.8013816925734024,0.4052401746724891,0.5382830626450116,0.8725055432372506,0.12749445676274945,0.6111382510991695,0.6388728589548698,0.30616185070255136,847,55,797,348,0.8635235732009926,0.30393013100436683,0.4496124031007752,0.9390243902439024,0.06097560975609756,0.583781143136297,0.6214772606241346,0.3033385230680446,26,20,49,7,0.8571428571428571,0.7692307692307693,0.8108108108108107,6.5,26.0,,0,"Sampled-label overlap, no point adjustment; delays among detected events only; no original-FPS seconds.",,,Both label classes required; not replaced by zero or fabricated.,2047,1145,True
R04,0,prototype_neural,0.975,1.400357723236084,0.11171662125340599,0.02636916835699797,0.7733430803938847,0.7705988365390517,0.7702659529547087,0.568089706930792,0.03318777292576419,0.1781659388646288,0.5864745011086474,823,79,774,371,0.8244444444444444,0.3240174672489083,0.4652037617554859,0.9124168514412417,0.08758314855875832,0.5832926233512458,0.618217159345075,0.283437828602317,863,39,868,277,0.8765822784810127,0.24192139737991267,0.37919233401779606,0.9567627494456763,0.043237250554323724,0.5569125549584758,0.5993420734127944,0.27300911845128645,26,18,40,3,0.925,0.6923076923076923,0.7919143876337694,5.5,22.0,,0,"Sampled-label overlap, no point adjustment; delays among detected events only; no original-FPS seconds.",,,Both label classes required; not replaced by zero or fabricated.,2047,1145,True
R04,0,prototype_neural,0.99,1.6793550252914429,0.08174386920980926,0.010141987829614604,0.7733430803938847,0.7705988365390517,0.7702659529547087,0.568089706930792,0.03318777292576419,0.1781659388646288,0.5864745011086474,845,57,895,250,0.8143322475570033,0.2183406113537118,0.34435261707988984,0.9368070953436807,0.06319290465631928,0.5349291646311676,0.5775738533486963,0.21572851835719253,874,28,980,165,0.8549222797927462,0.14410480349344978,0.24663677130044845,0.9689578713968958,0.031042128603104215,0.5075720566682951,0.5565313374451728,0.19208424666646198,26,15,29,4,0.8620689655172413,0.5769230769230769,0.6912442396313364,6.0,24.0,,0,"Sampled-label overlap, no point adjustment; delays among detected events only; no original-FPS seconds.",,,Both label classes required; not replaced by zero or fabricated.,2047,1145,True
R04,0,prototype_neural,0.995,1.9583032131195068,0.05449591280653951,0.006085192697768763,0.7733430803938847,0.7705988365390517,0.7702659529547087,0.568089706930792,0.03318777292576419,0.1781659388646288,0.5864745011086474,862,40,972,173,0.812206572769953,0.15109170305676856,0.2547864506627393,0.9556541019955654,0.04434589800443459,0.5056179775280899,0.553372902526167,0.17356708178044503,881,21,1056,89,0.8090909090909091,0.0777292576419214,0.14183266932270916,0.9767184035476718,0.02328159645232816,0.4738641914997557,0.5272238305947966,0.11987374914919541,26,11,20,3,0.85,0.4230769230769231,0.5649546827794563,11.0,44.0,,0,"Sampled-label overlap, no point adjustment; delays among detected events only; no original-FPS seconds.",,,Both label classes required; not replaced by zero or fabricated.,2047,1145,True
R04,0,prototype_neural,0.999,2.700406789779663,0.01634877384196185,0.002028397565922921,0.7733430803938847,0.7705988365390517,0.7702659529547087,0.568089706930792,0.03318777292576419,0.1781659388646288,0.5864745011086474,890,12,1091,54,0.8181818181818182,0.04716157205240175,0.08918249380677126,0.9866962305986696,0.013303769401330377,0.46116267708842207,0.5169289013255357,0.09515915476432948,899,3,1135,10,0.7692307692307693,0.008733624454148471,0.017271157167530225,0.9966740576496674,0.0033259423503325942,0.4440644846116268,0.5027038410519079,0.03379636679451848,26,2,3,1,0.6666666666666666,0.07692307692307693,0.13793103448275862,41.5,166.0,,0,"Sampled-label overlap, no point adjustment; delays among detected events only; no original-FPS seconds.",,,Both label classes required; not replaced by zero or fabricated.,2047,1145,True
R04,0,prototype_neural_ema,0.95,0.9799354130156248,0.22615803814713897,0.05070993914807302,0.8016363442713427,0.801293930121632,0.8010411193300371,0.5952333510506289,0.05240174672489083,0.2480349344978166,0.5365853658536586,762,140,513,632,0.8186528497409327,0.5519650655021834,0.6593635889410537,0.844789356984479,0.15521064301552107,0.6809965803615047,0.6983772112433312,0.40640968222194646,797,105,556,589,0.8487031700288185,0.514410480349345,0.6405655247417074,0.8835920177383592,0.1164079822616408,0.6770884220810943,0.6990012490438521,0.4174103144615225,26,24,40,6,0.85,0.9230769230769231,0.8850325379609545,5.5,22.0,,0,"Sampled-label overlap, no point adjustment; delays among detected events only; no original-FPS seconds.",,,Both label classes required; not replaced by zero or fabricated.,2047,1145,True
R04,0,prototype_neural_ema,0.975,1.0793019731854638,0.1907356948228883,0.02636916835699797,0.8016363442713427,0.801293930121632,0.8010411193300371,0.5952333510506289,0.05240174672489083,0.2480349344978166,0.5365853658536586,779,123,594,551,0.8175074183976261,0.4812227074235808,0.6058273776800439,0.8636363636363636,0.13636363636363635,0.6497313141182218,0.6724295355299722,0.36431952684528685,804,98,645,500,0.8361204013377926,0.4366812227074236,0.5737234652897304,0.8913525498891353,0.10864745011086474,0.6370297997068881,0.6640168862982794,0.35812924407062935,26,21,45,7,0.8444444444444444,0.8076923076923077,0.8256595964821521,6.0,24.0,,0,"Sampled-label overlap, no point adjustment; delays among detected events only; no original-FPS seconds.",,,Both label classes required; not replaced by zero or fabricated.,2047,1145,True
R04,0,prototype_neural_ema,0.99,1.2576487107180705,0.14168937329700274,0.010141987829614604,0.8016363442713427,0.801293930121632,0.8010411193300371,0.5952333510506289,0.05240174672489083,0.2480349344978166,0.5365853658536586,828,74,707,438,0.85546875,0.38253275109170304,0.5286662643331321,0.917960088691796,0.082039911308204,0.618466047874939,0.6502464198917495,0.3444696546957682,844,58,764,381,0.8678815489749431,0.3327510917030568,0.481060606060606,0.9356984478935698,0.06430155210643015,0.5984367366878358,0.6342247697983133,0.32470830246871496,26,20,45,7,0.8444444444444444,0.7692307692307693,0.8050847457627118,7.0,28.0,,0,"Sampled-label overlap, no point adjustment; delays among detected events only; no original-FPS seconds.",,,Both label classes required; not replaced by zero or fabricated.,2047,1145,True
R04,0,prototype_neural_ema,0.995,1.3430977071677839,0.10899182561307902,0.006085192697768763,0.8016363442713427,0.801293930121632,0.8010411193300371,0.5952333510506289,0.05240174672489083,0.2480349344978166,0.5365853658536586,840,62,759,386,0.8616071428571429,0.337117903930131,0.4846202134337728,0.9312638580931264,0.06873614190687362,0.5989252564728872,0.6341908810116287,0.3222521125610981,853,49,817,328,0.870026525198939,0.28646288209606985,0.431011826544021,0.9456762749445676,0.05432372505543237,0.5769418661455789,0.6160695785203187,0.2973209450089238,26,19,43,5,0.8837209302325582,0.7307692307692307,0.8,7.0,28.0,,0,"Sampled-label overlap, no point adjustment; delays among detected events only; no original-FPS seconds.",,,Both label classes required; not replaced by zero or fabricated.,2047,1145,True
R04,0,prototype_neural_ema,0.999,1.7600304089449534,0.05449591280653951,0.002028397565922921,0.8016363442713427,0.801293930121632,0.8010411193300371,0.5952333510506289,0.05240174672489083,0.2480349344978166,0.5365853658536586,866,36,945,200,0.847457627118644,0.17467248908296942,0.2896451846488052,0.9600886917960089,0.03991130820399113,0.5207620908646801,0.5673805904394892,0.2094862841778793,875,27,987,158,0.8540540540540541,0.13799126637554585,0.23759398496240602,0.9700665188470067,0.02993348115299335,0.5046409379579873,0.5540288926112763,0.18710542142857575,26,12,21,3,0.8571428571428571,0.46153846153846156,0.6,6.0,24.0,,0,"Sampled-label overlap, no point adjustment; delays among detected events only; no original-FPS seconds.",,,Both label classes required; not replaced by zero or fabricated.,2047,1145,True
R04,0,reference_dino_global_pca,0.95,0.005746072623878717,0.20708446866485014,0.05070993914807302,0.7656416115570446,0.7766622592326944,0.7762618237940739,0.5852634228897605,0.03580786026200873,0.24017467248908297,0.6574279379157428,786,116,671,474,0.8033898305084746,0.41397379912663756,0.5463976945244956,0.8713968957871396,0.1286031042128603,0.6155349291646312,0.6426853474568885,0.31279485661775447,825,77,746,399,0.8382352941176471,0.34847161572052404,0.49228871067242447,0.9146341463414634,0.08536585365853659,0.5979482169027845,0.6315528810309937,0.3092037857222869,26,17,38,6,0.8421052631578947,0.6538461538461539,0.736129905277402,5.0,20.0,,0,"Sampled-label overlap, no point adjustment; delays among detected events only; no original-FPS seconds.",,,Both label classes required; not replaced by zero or fabricated.,2047,1145,True
R04,0,reference_dino_global_pca,0.975,0.006178534589707851,0.16621253405994552,0.02636916835699797,0.7656416115570446,0.7766622592326944,0.7762618237940739,0.5852634228897605,0.03580786026200873,0.24017467248908297,0.6574279379157428,816,86,750,395,0.8212058212058212,0.34497816593886466,0.48585485854858557,0.9046563192904656,0.09534368070953436,0.5915974596971177,0.6248172426146652,0.29230899172717373,851,51,823,322,0.8632707774798928,0.2812227074235808,0.42424242424242425,0.9434589800443459,0.0565410199556541,0.5730337078651685,0.6123408437339634,0.28896254015027417,26,16,34,3,0.9117647058823529,0.6153846153846154,0.7348148148148149,5.5,22.0,,0,"Sampled-label overlap, no point adjustment; delays among detected events only; no original-FPS seconds.",,,Both label classes required; not replaced by zero or fabricated.,2047,1145,True
R04,0,reference_dino_global_pca,0.99,0.006949895061552525,0.11171662125340599,0.010141987829614604,0.7656416115570446,0.7766622592326944,0.7762618237940739,0.5852634228897605,0.03580786026200873,0.24017467248908297,0.6574279379157428,854,48,867,278,0.852760736196319,0.2427947598253275,0.3779741672331747,0.9467849223946785,0.05321507760532151,0.5530043966780654,0.594789841110003,0.257216348065306,872,30,925,220,0.88,0.19213973799126638,0.31541218637992835,0.9667405764966741,0.03325942350332594,0.5334636052760137,0.5794401572439702,0.24089737077926135,26,12,28,3,0.8928571428571429,0.46153846153846156,0.6085192697768763,10.5,42.0,,0,"Sampled-label overlap, no point adjustment; delays among detected events only; no original-FPS seconds.",,,Both label classes required; not replaced by zero or fabricated.,2047,1145,True
R04,0,reference_dino_global_pca,0.995,0.007354928180575371,0.07356948228882834,0.006085192697768763,0.7656416115570446,0.7766622592326944,0.7762618237940739,0.5852634228897605,0.03580786026200873,0.24017467248908297,0.6574279379157428,870,32,919,226,0.875968992248062,0.19737991266375546,0.32216678545972915,0.9645232815964523,0.03547671840354767,0.5354176844162188,0.5809515971301039,0.2421845343319839,886,16,980,165,0.9116022099447514,0.14410480349344978,0.24886877828054296,0.9822616407982262,0.017738359201773836,0.5134342940889106,0.5631832221458379,0.22097475976376948,26,9,26,3,0.8846153846153846,0.34615384615384615,0.49759615384615374,15.0,60.0,,0,"Sampled-label overlap, no point adjustment; delays among detected events only; no original-FPS seconds.",,,Both label classes required; not replaced by zero or fabricated.,2047,1145,True
R04,0,reference_dino_global_pca,0.999,0.008357267826795578,0.035422343324250684,0.002028397565922921,0.7656416115570446,0.7766622592326944,0.7762618237940739,0.5852634228897605,0.03580786026200873,0.24017467248908297,0.6574279379157428,883,19,1026,119,0.8623188405797102,0.10393013100436681,0.18550272798129386,0.9789356984478935,0.02106430155210643,0.48949682462139715,0.5414329147261302,0.1640737055240998,892,10,1084,61,0.8591549295774648,0.05327510917030567,0.10032894736842106,0.9889135254988913,0.011086474501108648,0.46555935515388375,0.5210943173345985,0.11446661454876456,26,6,13,2,0.8461538461538461,0.23076923076923078,0.3626373626373626,44.0,176.0,,0,"Sampled-label overlap, no point adjustment; delays among detected events only; no original-FPS seconds.",,,Both label classes required; not replaced by zero or fabricated.,2047,1145,True
R04,0,reference_dino_frame_denoising_ae,0.95,0.24146468937397003,0.21798365122615804,0.05070993914807302,0.77350090531473,0.7798475061549444,0.7795327461192418,0.5763544940353187,0.05240174672489083,0.18427947598253275,0.6175166297117517,781,121,640,505,0.8067092651757188,0.4410480349344978,0.5702992659514399,0.8658536585365854,0.13414634146341464,0.6282364435759649,0.6534508467355415,0.3306900222831691,829,73,706,439,0.857421875,0.3834061135371179,0.5298732649366326,0.9190687361419069,0.08093126385809313,0.6194430874450415,0.6512374248395124,0.346741729680341,26,20,37,6,0.8378378378378378,0.7692307692307693,0.8020698576972833,4.0,16.0,,0,"Sampled-label overlap, no point adjustment; delays among detected events only; no original-FPS seconds.",,,Both label classes required; not replaced by zero or fabricated.,2047,1145,True
R04,0,reference_dino_frame_denoising_ae,0.975,0.26554158329963684,0.1553133514986376,0.02636916835699797,0.77350090531473,0.7798475061549444,0.7795327461192418,0.5763544940353187,0.05240174672489083,0.18427947598253275,0.6175166297117517,819,83,744,401,0.8285123966942148,0.3502183406113537,0.4923265807243708,0.9079822616407982,0.09201773835920177,0.5959941377625794,0.629100301126076,0.30169012377192805,853,49,811,334,0.8720626631853786,0.29170305676855895,0.43717277486910994,0.9456762749445676,0.05432372505543237,0.5798729848558867,0.6186896658565633,0.30218497507063846,26,17,36,6,0.8333333333333334,0.6538461538461539,0.7327586206896552,6.0,24.0,,0,"Sampled-label overlap, no point adjustment; delays among detected events only; no original-FPS seconds.",,,Both label classes required; not replaced by zero or fabricated.,2047,1145,True
R04,0,reference_dino_frame_denoising_ae,0.99,0.2892706096172333,0.10626702997275204,0.010141987829614604,0.77350090531473,0.7798475061549444,0.7795327461192418,0.5763544940353187,0.05240174672489083,0.18427947598253275,0.6175166297117517,843,59,850,295,0.8333333333333334,0.2576419213973799,0.3935957304869913,0.934589800443459,0.06541019955654102,0.5559355153883733,0.5961158609204195,0.25234863391239226,865,37,922,223,0.8576923076923076,0.1947598253275109,0.31743772241992885,0.958980044345898,0.041019955654102,0.5315095261358085,0.5768699348367045,0.2292152827198095,26,13,28,6,0.7857142857142857,0.5,0.6111111111111112,8.0,32.0,,0,"Sampled-label overlap, no point adjustment; delays among detected events only; no original-FPS seconds.",,,Both label classes required; not replaced by zero or fabricated.,2047,1145,True
R04,0,reference_dino_frame_denoising_ae,0.995,0.3075723350048065,0.06267029972752043,0.006085192697768763,0.77350090531473,0.7798475061549444,0.7795327461192418,0.5763544940353187,0.05240174672489083,0.18427947598253275,0.6175166297117517,857,45,934,211,0.82421875,0.18427947598253275,0.3012134189864383,0.950110864745011,0.04988913525498891,0.5217391304347826,0.5671951703637719,0.20170018268274942,871,31,1017,128,0.8050314465408805,0.11179039301310044,0.19631901840490798,0.9656319290465631,0.03436807095343681,0.4880312652662433,0.5387111610298317,0.14360602050866467,26,11,23,4,0.8260869565217391,0.4230769230769231,0.5595716198125836,9.0,36.0,,0,"Sampled-label overlap, no point adjustment; delays among detected events only; no original-FPS seconds.",,,Both label classes required; not replaced by zero or fabricated.,2047,1145,True
R04,0,reference_dino_frame_denoising_ae,0.999,0.3752433657646179,0.008174386920980926,0.002028397565922921,0.77350090531473,0.7798475061549444,0.7795327461192418,0.5763544940353187,0.05240174672489083,0.18427947598253275,0.6175166297117517,888,14,1063,82,0.8541666666666666,0.07161572052401746,0.13215149073327961,0.9844789356984479,0.015521064301552107,0.4738641914997557,0.5280473281112327,0.13172349694397126,901,1,1116,29,0.9666666666666667,0.025327510917030567,0.04936170212765958,0.9988913525498891,0.0011086474501108647,0.45432340009770394,0.5121094317334599,0.10005670445665894,26,4,8,1,0.875,0.15384615384615385,0.2616822429906543,36.5,146.0,,0,"Sampled-label overlap, no point adjustment; delays among detected events only; no original-FPS seconds.",,,Both label classes required; not replaced by zero or fabricated.,2047,1145,True
R04,0,reference_dino_full_ema,0.95,0.997305069196257,0.24250681198910082,0.05070993914807302,0.8107456501321663,0.8153749794932009,0.8151985633007087,0.5986497484330895,0.06986899563318777,0.262882096069869,0.5598669623059866,776,126,527,618,0.8306451612903226,0.5397379912663756,0.6543144520910534,0.8603104212860311,0.13968957871396895,0.6809965803615047,0.7000242062762033,0.4129142660734764,799,103,572,573,0.8476331360946746,0.5004366812227075,0.6293245469522242,0.885809312638581,0.11419068736141907,0.6702491450903761,0.6931229969306443,0.40773493595441085,26,24,43,6,0.8604651162790697,0.9230769230769231,0.8906720160481444,6.0,24.0,,0,"Sampled-label overlap, no point adjustment; delays among detected events only; no original-FPS seconds.",,,Both label classes required; not replaced by zero or fabricated.,2047,1145,True
R04,0,reference_dino_full_ema,0.975,1.1425384029799632,0.20708446866485014,0.02636916835699797,0.8107456501321663,0.8153749794932009,0.8151985633007087,0.5986497484330895,0.06986899563318777,0.262882096069869,0.5598669623059866,809,93,634,511,0.8460264900662252,0.4462882096069869,0.5843339050886222,0.8968957871396895,0.10310421286031042,0.6448461162677088,0.6715919983733383,0.3735780965925576,830,72,675,470,0.8671586715867159,0.4104803493449782,0.5572021339656195,0.9201773835920177,0.07982261640798226,0.6350757205666829,0.665328866468498,0.3720632734163189,26,21,35,5,0.8571428571428571,0.8076923076923077,0.8316831683168318,6.0,24.0,,0,"Sampled-label overlap, no point adjustment; delays among detected events only; no original-FPS seconds.",,,Both label classes required; not replaced by zero or fabricated.,2047,1145,True
R04,0,reference_dino_full_ema,0.99,1.252171376800132,0.17166212534059946,0.010141987829614604,0.8107456501321663,0.8153749794932009,0.8151985633007087,0.5986497484330895,0.06986899563318777,0.262882096069869,0.5598669623059866,825,77,694,451,0.8541666666666666,0.39388646288209606,0.539151225343694,0.9146341463414634,0.08536585365853659,0.6233512457254519,0.6542603046117798,0.35010180044373856,836,66,742,403,0.8592750533049041,0.3519650655021834,0.49938042131350685,0.926829268292683,0.07317073170731707,0.605276013678554,0.6393971668974332,0.3293442111135981,26,20,40,6,0.85,0.7692307692307693,0.8076009501187649,7.5,30.0,,0,"Sampled-label overlap, no point adjustment; delays among detected events only; no original-FPS seconds.",,,Both label classes required; not replaced by zero or fabricated.,2047,1145,True
R04,0,reference_dino_full_ema,0.995,1.4892804577315486,0.11716621253405994,0.006085192697768763,0.8107456501321663,0.8153749794932009,0.8151985633007087,0.5986497484330895,0.06986899563318777,0.262882096069869,0.5598669623059866,848,54,820,325,0.8575197889182058,0.2838427947598253,0.42650918635170604,0.9401330376940134,0.0598669623059867,0.5730337078651685,0.6119879162269193,0.2862790341953555,854,48,876,269,0.8485804416403786,0.2349344978165939,0.3679890560875513,0.9467849223946785,0.05321507760532151,0.5486077186126038,0.5908597101056362,0.24937600997628376,26,16,36,5,0.8611111111111112,0.6153846153846154,0.7178002894356006,7.0,28.0,,0,"Sampled-label overlap, no point adjustment; delays among detected events only; no original-FPS seconds.",,,Both label classes required; not replaced by zero or fabricated.,2047,1145,True
R04,0,reference_dino_full_ema,0.999,1.8137334894065864,0.0681198910081744,0.002028397565922921,0.8107456501321663,0.8153749794932009,0.8151985633007087,0.5986497484330895,0.06986899563318777,0.262882096069869,0.5598669623059866,870,32,965,180,0.8490566037735849,0.1572052401746725,0.2652910832719234,0.9645232815964523,0.03547671840354767,0.5129457743038593,0.5608642608855624,0.19834095293273737,876,26,1009,136,0.8395061728395061,0.11877729257641921,0.20811017597551643,0.9711751662971175,0.028824833702882482,0.4943820224719101,0.5449762294367684,0.16542679927080647,26,11,21,4,0.8095238095238095,0.4230769230769231,0.5557206537890045,5.0,20.0,,0,"Sampled-label overlap, no point adjustment; delays among detected events only; no original-FPS seconds.",,,Both label classes required; not replaced by zero or fabricated.,2047,1145,True
S01,0,prototype64,0.95,0.018408209085464478,0.12560386473429952,0.05048543689320388,0.5093631120382869,0.41107431092127744,0.40917043051119756,0.485309789383263,0.0,0.0,0.9333333333333333,313,122,153,128,0.512,0.4555160142348754,0.4821092278719397,0.7195402298850575,0.28045977011494255,0.6159217877094972,0.5875281220599664,0.17931327063907387,347,88,161,120,0.5769230769230769,0.42704626334519574,0.49079754601226994,0.7977011494252874,0.20229885057471264,0.6522346368715084,0.6123737063852416,0.2417291170707661,10,4,10,6,0.4,0.4,0.4000000000000001,2.0,8.0,17.045454545454543,352,"Sampled-label overlap, no point adjustment; delays among detected events only; no original-FPS seconds.",0.28181818181818186,0.394313300218873,,716,281,True
S01,0,prototype64,0.975,0.024055246263742447,0.05314009661835749,0.02524271844660194,0.5093631120382869,0.41107431092127744,0.40917043051119756,0.485309789383263,0.0,0.0,0.9333333333333333,343,92,163,118,0.5619047619047619,0.4199288256227758,0.48065173116089616,0.7885057471264367,0.21149425287356322,0.6438547486033519,0.6042172863746063,0.22355409989054045,360,75,170,111,0.5967741935483871,0.39501779359430605,0.4753747323340471,0.8275862068965517,0.1724137931034483,0.6578212290502793,0.6113020002454289,0.24787706569439524,10,4,12,6,0.5,0.4,0.4444444444444445,2.0,8.0,17.045454545454543,352,"Sampled-label overlap, no point adjustment; delays among detected events only; no original-FPS seconds.",0.28181818181818186,0.394313300218873,,716,281,True
S01,0,prototype64,0.99,0.028273463249206543,0.043478260869565216,0.011650485436893204,0.5093631120382869,0.41107431092127744,0.40917043051119756,0.485309789383263,0.0,0.0,0.9333333333333333,354,81,187,94,0.5371428571428571,0.33451957295373663,0.4122807017543859,0.8137931034482758,0.18620689655172415,0.6256983240223464,0.5741563382010062,0.16852269807815945,367,68,202,79,0.5374149659863946,0.28113879003558717,0.3691588785046729,0.8436781609195402,0.15632183908045977,0.6229050279329609,0.5624084754775637,0.15088864454703904,10,4,11,5,0.5454545454545454,0.4,0.4615384615384615,8.5,34.0,14.204545454545453,352,"Sampled-label overlap, no point adjustment; delays among detected events only; no original-FPS seconds.",0.28181818181818186,0.394313300218873,,716,281,True
S01,0,prototype64,0.995,0.0346875824034214,0.028985507246376812,0.005825242718446602,0.5093631120382869,0.41107431092127744,0.40917043051119756,0.485309789383263,0.0,0.0,0.9333333333333333,368,67,211,70,0.5109489051094891,0.2491103202846975,0.3349282296650718,0.8459770114942529,0.15402298850574714,0.611731843575419,0.5475436658894752,0.11803773951307131,382,53,223,58,0.5225225225225225,0.20640569395017794,0.29591836734693877,0.8781609195402299,0.12183908045977011,0.6145251396648045,0.542283306745204,0.11409261942917276,10,3,10,5,0.5,0.3,0.37499999999999994,4.0,16.0,14.204545454545453,352,"Sampled-label overlap, no point adjustment; delays among detected events only; no original-FPS seconds.",0.28181818181818186,0.394313300218873,,716,281,True
S01,0,prototype64,0.999,0.043772175908088684,0.021739130434782608,0.001941747572815534,0.5093631120382869,0.41107431092127744,0.40917043051119756,0.485309789383263,0.0,0.0,0.9333333333333333,386,49,245,36,0.4235294117647059,0.12811387900355872,0.19672131147540983,0.8873563218390804,0.11264367816091954,0.5893854748603352,0.5077351004213195,0.02335444751970991,400,35,254,27,0.43548387096774194,0.09608540925266904,0.15743440233236153,0.9195402298850575,0.08045977011494253,0.5963687150837989,0.5078128195688633,0.02713006660123693,10,2,7,4,0.42857142857142855,0.2,0.27272727272727276,11.5,46.0,11.363636363636363,352,"Sampled-label overlap, no point adjustment; delays among detected events only; no original-FPS seconds.",0.28181818181818186,0.394313300218873,,716,281,True
S01,0,prototype256,0.95,0.01193784736096859,0.12560386473429952,0.05048543689320388,0.5647155070151757,0.4198234006160793,0.418081229462854,0.47708576878445963,0.0,0.0,0.8275862068965517,305,130,153,128,0.49612403100775193,0.4555160142348754,0.4749536178107606,0.7011494252873564,0.2988505747126437,0.6047486033519553,0.5783327197611159,0.15934131534272356,326,109,161,120,0.5240174672489083,0.42704626334519574,0.4705882352941176,0.7494252873563219,0.25057471264367814,0.6229050279329609,0.5882357753507588,0.18475247651994256,10,4,10,6,0.4,0.4,0.4000000000000001,2.0,8.0,17.045454545454543,352,"Sampled-label overlap, no point adjustment; delays among detected events only; no original-FPS seconds.",0.2909090909090909,0.40247874588431864,,716,281,True
S01,0,prototype256,0.975,0.017181802541017532,0.0821256038647343,0.02524271844660194,0.5647155070151757,0.4198234006160793,0.418081229462854,0.47708576878445963,0.0,0.0,0.8275862068965517,335,100,154,127,0.5594713656387665,0.45195729537366547,0.5,0.7701149425287356,0.22988505747126436,0.6452513966480447,0.6110361189512006,0.23303690268155214,351,84,161,120,0.5882352941176471,0.42704626334519574,0.4948453608247423,0.8068965517241379,0.19310344827586207,0.6578212290502793,0.6169714075346668,0.25307977271834814,10,4,8,4,0.5,0.4,0.4444444444444445,2.0,8.0,11.363636363636363,352,"Sampled-label overlap, no point adjustment; delays among detected events only; no original-FPS seconds.",0.2909090909090909,0.40247874588431864,,716,281,True
S01,0,prototype256,0.99,0.02257588878273964,0.04830917874396135,0.011650485436893204,0.5647155070151757,0.4198234006160793,0.418081229462854,0.47708576878445963,0.0,0.0,0.8275862068965517,350,85,174,107,0.5572916666666666,0.3807829181494662,0.4524312896405919,0.8045977011494253,0.19540229885057472,0.638268156424581,0.5926903096494458,0.20433645718690482,361,74,184,97,0.5672514619883041,0.34519572953736655,0.42920353982300885,0.8298850574712644,0.17011494252873563,0.6396648044692738,0.5875403935043155,0.20051181688217573,10,4,12,4,0.6666666666666666,0.4,0.5,2.0,8.0,11.363636363636363,352,"Sampled-label overlap, no point adjustment; delays among detected events only; no original-FPS seconds.",0.2909090909090909,0.40247874588431864,,716,281,True
S01,0,prototype256,0.995,0.030303075909614563,0.026570048309178744,0.005825242718446602,0.5647155070151757,0.4198234006160793,0.418081229462854,0.47708576878445963,0.0,0.0,0.8275862068965517,365,70,223,58,0.453125,0.20640569395017794,0.28361858190709044,0.8390804597701149,0.16091954022988506,0.590782122905028,0.5227430768601464,0.05796733777466713,375,60,234,47,0.4392523364485981,0.16725978647686832,0.24226804123711337,0.8620689655172413,0.13793103448275862,0.5893854748603352,0.5146643759970548,0.04016898300277515,10,3,10,4,0.6,0.3,0.4,6.0,24.0,11.363636363636363,352,"Sampled-label overlap, no point adjustment; delays among detected events only; no original-FPS seconds.",0.2909090909090909,0.40247874588431864,,716,281,True
S01,0,prototype256,0.999,0.039383575320243835,0.016908212560386472,0.001941747572815534,0.5647155070151757,0.4198234006160793,0.418081229462854,0.47708576878445963,0.0,0.0,0.8275862068965517,378,57,266,15,0.20833333333333334,0.05338078291814947,0.08498583569405099,0.8689655172413793,0.1310344827586207,0.5488826815642458,0.4611731500797644,-0.12608132355151677,393,42,276,5,0.10638297872340426,0.017793594306049824,0.030487804878048783,0.903448275862069,0.09655172413793103,0.5558659217877095,0.46062093508405944,-0.1552856039651683,10,1,6,4,0.3333333333333333,0.1,0.15384615384615383,15.0,60.0,11.363636363636363,352,"Sampled-label overlap, no point adjustment; delays among detected events only; no original-FPS seconds.",0.2909090909090909,0.40247874588431864,,716,281,True
S01,0,prototype_motion,0.95,1.8456605672836304,0.14009661835748793,0.05048543689320388,0.5431832126641306,0.40753470682962084,0.4058745189105838,0.47495441266068594,0.0,0.0,0.8160919540229885,297,138,152,129,0.48314606741573035,0.45907473309608543,0.4708029197080292,0.6827586206896552,0.31724137931034485,0.5949720670391061,0.5709166768928703,0.14321791918702675,323,112,161,120,0.5172413793103449,0.42704626334519574,0.4678362573099415,0.7425287356321839,0.2574712643678161,0.6187150837988827,0.5847874994886898,0.1769265211828401,10,4,11,7,0.36363636363636365,0.4,0.380952380952381,2.0,8.0,19.886363636363637,352,"Sampled-label overlap, no point adjustment; delays among detected events only; no original-FPS seconds.",0.3090909090909091,0.3994575900535653,,716,281,True
S01,0,prototype_motion,0.975,2.9598143100738525,0.08454106280193237,0.02524271844660194,0.5431832126641306,0.40753470682962084,0.4058745189105838,0.47495441266068594,0.0,0.0,0.8160919540229885,333,102,162,119,0.5384615384615384,0.4234875444839858,0.47410358565737054,0.7655172413793103,0.23448275862068965,0.6312849162011173,0.5945023929316481,0.19978912892213463,353,82,168,113,0.5794871794871795,0.40213523131672596,0.47478991596638653,0.8114942528735632,0.18850574712643678,0.6508379888268156,0.6068147420951446,0.2343272592738864,10,4,12,6,0.5,0.4,0.4444444444444445,2.0,8.0,17.045454545454543,352,"Sampled-label overlap, no point adjustment; delays among detected events only; no original-FPS seconds.",0.3090909090909091,0.3994575900535653,,716,281,True
S01,0,prototype_motion,0.99,3.8855934143066406,0.05314009661835749,0.011650485436893204,0.5431832126641306,0.40753470682962084,0.4058745189105838,0.47495441266068594,0.0,0.0,0.8160919540229885,355,80,194,87,0.5209580838323353,0.3096085409252669,0.38839285714285715,0.8160919540229885,0.1839080459770115,0.61731843575419,0.5628502474741277,0.14514108601736034,367,68,211,70,0.5072463768115942,0.2491103202846975,0.3341288782816229,0.8436781609195402,0.15632183908045977,0.6103351955307262,0.5463942406021188,0.11486517857914277,10,4,9,4,0.5555555555555556,0.4,0.46511627906976744,4.5,18.0,11.363636363636363,352,"Sampled-label overlap, no point adjustment; delays among detected events only; no original-FPS seconds.",0.3090909090909091,0.3994575900535653,,716,281,True
S01,0,prototype_motion,0.995,5.209061145782471,0.026570048309178744,0.005825242718446602,0.5431832126641306,0.40753470682962084,0.4058745189105838,0.47495441266068594,0.0,0.0,0.8160919540229885,368,67,242,39,0.36792452830188677,0.1387900355871886,0.20155038759689925,0.8459770114942529,0.15402298850574714,0.5684357541899442,0.49238352354072074,-0.020944212620392647,382,53,258,23,0.3026315789473684,0.08185053380782918,0.12885154061624648,0.8781609195402299,0.12183908045977011,0.5656424581005587,0.4800057266740295,-0.06339231701063072,10,2,10,4,0.6,0.2,0.3,10.0,40.0,11.363636363636363,352,"Sampled-label overlap, no point adjustment; delays among detected events only; no original-FPS seconds.",0.3090909090909091,0.3994575900535653,,716,281,True
S01,0,prototype_motion,0.999,6.544336795806885,0.016908212560386472,0.001941747572815534,0.5431832126641306,0.40753470682962084,0.4058745189105838,0.47495441266068594,0.0,0.0,0.8160919540229885,382,53,272,9,0.14516129032258066,0.03202846975088968,0.052478134110787174,0.8781609195402299,0.12183908045977011,0.5460893854748603,0.4550946946455598,-0.15593396395203088,397,38,277,4,0.09523809523809523,0.014234875444839857,0.02476780185758514,0.9126436781609195,0.08735632183908046,0.5600558659217877,0.46343927680287966,-0.15194554402578164,10,1,6,4,0.3333333333333333,0.1,0.15384615384615383,16.0,64.0,11.363636363636363,352,"Sampled-label overlap, no point adjustment; delays among detected events only; no original-FPS seconds.",0.3090909090909091,0.3994575900535653,,716,281,True
S01,0,prototype_motion_ema,0.95,1.6520580116740504,0.13285024154589373,0.05048543689320388,0.5397799320980079,0.4142437898477173,0.412598983429028,0.47476065301307013,0.0,0.0,0.8505747126436781,300,135,153,128,0.4866920152091255,0.4555160142348754,0.4705882352941176,0.6896551724137931,0.3103448275862069,0.5977653631284916,0.5725855933243342,0.14704533123972197,319,116,161,120,0.5084745762711864,0.42704626334519574,0.4642166344294004,0.7333333333333333,0.26666666666666666,0.6131284916201117,0.5801897983392645,0.16659819250040567,10,4,12,8,0.3333333333333333,0.4,0.3636363636363636,2.0,8.0,22.727272727272727,352,"Sampled-label overlap, no point adjustment; delays among detected events only; no original-FPS seconds.",0.32727272727272727,0.40776039835637357,,716,281,True
S01,0,prototype_motion_ema,0.975,2.632874767012223,0.0748792270531401,0.02524271844660194,0.5397799320980079,0.4142437898477173,0.412598983429028,0.47476065301307013,0.0,0.0,0.8505747126436781,340,95,153,128,0.5739910313901345,0.4555160142348754,0.5079365079365079,0.7816091954022989,0.21839080459770116,0.6536312849162011,0.6185626048185872,0.2500343203383318,351,84,161,120,0.5882352941176471,0.42704626334519574,0.4948453608247423,0.8068965517241379,0.19310344827586207,0.6578212290502793,0.6169714075346668,0.25307977271834814,10,4,9,5,0.4444444444444444,0.4,0.4210526315789474,2.0,8.0,14.204545454545453,352,"Sampled-label overlap, no point adjustment; delays among detected events only; no original-FPS seconds.",0.32727272727272727,0.40776039835637357,,716,281,True
S01,0,prototype_motion_ema,0.99,3.487228748669256,0.05555555555555555,0.011650485436893204,0.5397799320980079,0.4142437898477173,0.412598983429028,0.47476065301307013,0.0,0.0,0.8505747126436781,358,77,176,105,0.5769230769230769,0.3736654804270463,0.4535637149028078,0.8229885057471265,0.17701149425287357,0.6466480446927374,0.5983269930870864,0.22054347836989327,368,67,187,94,0.5838509316770186,0.33451957295373663,0.4253393665158371,0.8459770114942529,0.15402298850574714,0.6452513966480447,0.5902482922239948,0.21110929089690392,10,4,10,4,0.6,0.4,0.48,2.0,8.0,11.363636363636363,352,"Sampled-label overlap, no point adjustment; delays among detected events only; no original-FPS seconds.",0.32727272727272727,0.40776039835637357,,716,281,True
S01,0,prototype_motion_ema,0.995,3.9785568601571653,0.03864734299516908,0.005825242718446602,0.5397799320980079,0.4142437898477173,0.412598983429028,0.47476065301307013,0.0,0.0,0.8505747126436781,362,73,193,88,0.546583850931677,0.31316725978647686,0.3981900452488688,0.832183908045977,0.167816091954023,0.6284916201117319,0.572675583916227,0.17000311704506602,371,64,200,81,0.5586206896551724,0.28825622775800713,0.38028169014084506,0.8528735632183908,0.1471264367816092,0.6312849162011173,0.570564895488199,0.1714803777359766,10,4,9,4,0.5555555555555556,0.4,0.46511627906976744,2.0,8.0,11.363636363636363,352,"Sampled-label overlap, no point adjustment; delays among detected events only; no original-FPS seconds.",0.32727272727272727,0.40776039835637357,,716,281,True
S01,0,prototype_motion_ema,0.999,5.428563619050899,0.026570048309178744,0.001941747572815534,0.5397799320980079,0.4142437898477173,0.412598983429028,0.47476065301307013,0.0,0.0,0.8505747126436781,374,61,258,23,0.27380952380952384,0.08185053380782918,0.12602739726027398,0.8597701149425288,0.14022988505747128,0.5544692737430168,0.47081032437517895,-0.08858473101057486,382,53,269,12,0.18461538461538463,0.042704626334519574,0.06936416184971099,0.8781609195402299,0.12183908045977011,0.5502793296089385,0.4604327729373747,-0.13449812398818248,10,2,7,4,0.42857142857142855,0.2,0.27272727272727276,11.5,46.0,11.363636363636363,352,"Sampled-label overlap, no point adjustment; delays among detected events only; no original-FPS seconds.",0.32727272727272727,0.40776039835637357,,716,281,True
S01,0,prototype_fewshot3,0.95,0.18077683448791504,0.05555555555555555,0.04660194174757282,0.16806152084100295,0.25662706559940857,0.25579484457131496,0.47368421052631576,0.0,0.0,0.9816091954022989,374,61,281,0,0.0,0.0,0.0,0.8597701149425288,0.14022988505747128,0.5223463687150838,0.4298850574712644,-0.24527472586223192,398,37,281,0,0.0,0.0,0.0,0.9149425287356322,0.08505747126436781,0.5558659217877095,0.4574712643678161,-0.18761800184818928,10,0,8,8,0.0,0.0,0.0,,,22.727272727272727,352,"Sampled-label overlap, no point adjustment; delays among detected events only; no original-FPS seconds.",0.0,0.31197050412607685,,716,281,True
S01,0,prototype_fewshot3,0.975,0.18274374306201935,0.04106280193236715,0.02524271844660194,0.16806152084100295,0.25662706559940857,0.25579484457131496,0.47368421052631576,0.0,0.0,0.9816091954022989,383,52,281,0,0.0,0.0,0.0,0.8804597701149425,0.11954022988505747,0.5349162011173184,0.44022988505747124,-0.22491901018170116,417,18,281,0,0.0,0.0,0.0,0.9586206896551724,0.041379310344827586,0.5824022346368715,0.4793103448275862,-0.1290675519298706,10,0,5,5,0.0,0.0,0.0,,,14.204545454545453,352,"Sampled-label overlap, no point adjustment; delays among detected events only; no original-FPS seconds.",0.0,0.31197050412607685,,716,281,True
S01,0,prototype_fewshot3,0.99,0.192821204662323,0.012077294685990338,0.011650485436893204,0.16806152084100295,0.25662706559940857,0.25579484457131496,0.47368421052631576,0.0,0.0,0.9816091954022989,415,20,281,0,0.0,0.0,0.0,0.9540229885057471,0.04597701149425287,0.5796089385474861,0.47701149425287354,-0.13624447805896203,434,1,281,0,0.0,0.0,0.0,0.9977011494252873,0.0022988505747126436,0.6061452513966481,0.49885057471264366,-0.03005768373877491,10,0,1,1,0.0,0.0,0.0,,,2.840909090909091,352,"Sampled-label overlap, no point adjustment; delays among detected events only; no original-FPS seconds.",0.0,0.31197050412607685,,716,281,True
S01,0,prototype_fewshot3,0.995,0.1958383470773697,0.00966183574879227,0.005825242718446602,0.16806152084100295,0.25662706559940857,0.25579484457131496,0.47368421052631576,0.0,0.0,0.9816091954022989,420,15,281,0,0.0,0.0,0.0,0.9655172413793104,0.034482758620689655,0.5865921787709497,0.4827586206896552,-0.11756963015579214,434,1,281,0,0.0,0.0,0.0,0.9977011494252873,0.0022988505747126436,0.6061452513966481,0.49885057471264366,-0.03005768373877491,10,0,1,1,0.0,0.0,0.0,,,2.840909090909091,352,"Sampled-label overlap, no point adjustment; delays among detected events only; no original-FPS seconds.",0.0,0.31197050412607685,,716,281,True
S01,0,prototype_fewshot3,0.999,0.19924873113632202,0.007246376811594203,0.001941747572815534,0.16806152084100295,0.25662706559940857,0.25579484457131496,0.47368421052631576,0.0,0.0,0.9816091954022989,427,8,281,0,0.0,0.0,0.0,0.9816091954022989,0.01839080459770115,0.5963687150837989,0.4908045977011494,-0.08543521095614795,434,1,281,0,0.0,0.0,0.0,0.9977011494252873,0.0022988505747126436,0.6061452513966481,0.49885057471264366,-0.03005768373877491,10,0,1,1,0.0,0.0,0.0,,,2.840909090909091,352,"Sampled-label overlap, no point adjustment; delays among detected events only; no original-FPS seconds.",0.0,0.31197050412607685,,716,281,True
S01,0,prototype_neural,0.95,1.9576833248138428,0.12077294685990338,0.05048543689320388,0.6251891847670471,0.45084409350557336,0.44899815594959,0.48085331748809995,0.0,0.0035587188612099642,0.728735632183908,308,127,152,129,0.50390625,0.45907473309608543,0.4804469273743017,0.7080459770114943,0.29195402298850576,0.6103351955307262,0.5835603550537899,0.17026648176854609,326,109,161,120,0.5240174672489083,0.42704626334519574,0.4705882352941176,0.7494252873563219,0.25057471264367814,0.6229050279329609,0.5882357753507588,0.18475247651994256,10,4,9,5,0.4444444444444444,0.4,0.4210526315789474,2.0,8.0,14.204545454545453,352,"Sampled-label overlap, no point adjustment; delays among detected events only; no original-FPS seconds.",0.3181818181818182,0.3991739766081871,,716,281,True
S01,0,prototype_neural,0.975,3.1824049949645996,0.07729468599033816,0.02524271844660194,0.6251891847670471,0.45084409350557336,0.44899815594959,0.48085331748809995,0.0,0.0035587188612099642,0.728735632183908,335,100,153,128,0.5614035087719298,0.4555160142348754,0.5029469548133595,0.7701149425287356,0.22988505747126436,0.6466480446927374,0.6128154783818055,0.23649346199641816,350,85,161,120,0.5853658536585366,0.42704626334519574,0.49382716049382713,0.8045977011494253,0.19540229885057472,0.6564245810055865,0.6158219822473106,0.2502254027481434,10,4,9,5,0.4444444444444444,0.4,0.4210526315789474,2.0,8.0,14.204545454545453,352,"Sampled-label overlap, no point adjustment; delays among detected events only; no original-FPS seconds.",0.3181818181818182,0.3991739766081871,,716,281,True
S01,0,prototype_neural,0.99,4.8140339851379395,0.050724637681159424,0.011650485436893204,0.6251891847670471,0.45084409350557336,0.44899815594959,0.48085331748809995,0.0,0.0035587188612099642,0.728735632183908,352,83,167,114,0.5786802030456852,0.40569395017793597,0.47698744769874474,0.8091954022988506,0.19080459770114944,0.6508379888268156,0.6074446762383933,0.23496106046646054,363,72,176,105,0.5932203389830508,0.3736654804270463,0.4585152838427948,0.8344827586206897,0.16551724137931034,0.6536312849162011,0.6040741195238679,0.23560771844884118,10,4,9,5,0.4444444444444444,0.4,0.4210526315789474,5.5,22.0,14.204545454545453,352,"Sampled-label overlap, no point adjustment; delays among detected events only; no original-FPS seconds.",0.3181818181818182,0.3991739766081871,,716,281,True
S01,0,prototype_neural,0.995,5.232207775115967,0.043478260869565216,0.005825242718446602,0.6251891847670471,0.45084409350557336,0.44899815594959,0.48085331748809995,0.0,0.0035587188612099642,0.728735632183908,354,81,177,104,0.5621621621621622,0.3701067615658363,0.4463519313304721,0.8137931034482758,0.18620689655172415,0.6396648044692738,0.5919499325070561,0.20513797974280384,365,70,184,97,0.5808383233532934,0.34519572953736655,0.43303571428571425,0.8390804597701149,0.16091954022988506,0.6452513966480447,0.5921380946537407,0.21277598194214395,10,4,10,5,0.5,0.4,0.4444444444444445,6.0,24.0,14.204545454545453,352,"Sampled-label overlap, no point adjustment; delays among detected events only; no original-FPS seconds.",0.3181818181818182,0.3991739766081871,,716,281,True
S01,0,prototype_neural,0.999,7.236161708831787,0.03140096618357488,0.001941747572815534,0.6251891847670471,0.45084409350557336,0.44899815594959,0.48085331748809995,0.0,0.0035587188612099642,0.728735632183908,365,70,226,55,0.44,0.19572953736654805,0.270935960591133,0.8390804597701149,0.16091954022988506,0.5865921787709497,0.5174049985683314,0.04477679750505626,375,60,238,43,0.4174757281553398,0.15302491103202848,0.22395833333333337,0.8620689655172413,0.13793103448275862,0.5837988826815642,0.5075469382746349,0.021001471845800142,10,3,8,4,0.5,0.3,0.37499999999999994,10.0,40.0,11.363636363636363,352,"Sampled-label overlap, no point adjustment; delays among detected events only; no original-FPS seconds.",0.3181818181818182,0.3991739766081871,,716,281,True
S01,0,prototype_neural_ema,0.95,1.7284298764005,0.10628019323671498,0.05048543689320388,0.629876876508365,0.46115528533169636,0.45930276683009086,0.481111663684921,0.0,0.0,0.767816091954023,316,119,153,128,0.5182186234817814,0.4555160142348754,0.4848484848484848,0.7264367816091954,0.2735632183908046,0.6201117318435754,0.5909763979220355,0.1869053030178486,330,105,161,120,0.5333333333333333,0.42704626334519574,0.4743083003952569,0.7586206896551724,0.2413793103448276,0.6284916201117319,0.592833476500184,0.19529916817598525,10,4,9,5,0.4444444444444444,0.4,0.4210526315789474,2.0,8.0,14.204545454545453,352,"Sampled-label overlap, no point adjustment; delays among detected events only; no original-FPS seconds.",0.4,0.43261622665260435,,716,281,True
S01,0,prototype_neural_ema,0.975,2.4470386025487847,0.0966183574879227,0.02524271844660194,0.629876876508365,0.46115528533169636,0.45930276683009086,0.481111663684921,0.0,0.0,0.767816091954023,333,102,153,128,0.5565217391304348,0.4555160142348754,0.5009784735812133,0.7655172413793103,0.23448275862068965,0.6438547486033519,0.6105166278070928,0.2311390671997555,343,92,161,120,0.5660377358490566,0.42704626334519574,0.486815415821501,0.7885057471264367,0.21149425287356322,0.6466480446927374,0.6077760052358162,0.23055081810976358,10,4,9,5,0.4444444444444444,0.4,0.4210526315789474,2.0,8.0,14.204545454545453,352,"Sampled-label overlap, no point adjustment; delays among detected events only; no original-FPS seconds.",0.4,0.43261622665260435,,716,281,True
S01,0,prototype_neural_ema,0.99,3.9019565722733143,0.057971014492753624,0.011650485436893204,0.629876876508365,0.46115528533169636,0.45930276683009086,0.481111663684921,0.0,0.0,0.767816091954023,354,81,154,127,0.6105769230769231,0.45195729537366547,0.5194274028629857,0.8137931034482758,0.18620689655172415,0.6717877094972067,0.6328751994109707,0.28583025039774196,364,71,161,120,0.6282722513089005,0.42704626334519574,0.5084745762711864,0.8367816091954023,0.1632183908045977,0.6759776536312849,0.631913936270299,0.29128768802222965,10,4,8,4,0.5,0.4,0.4444444444444445,2.0,8.0,11.363636363636363,352,"Sampled-label overlap, no point adjustment; delays among detected events only; no original-FPS seconds.",0.4,0.43261622665260435,,716,281,True
S01,0,prototype_neural_ema,0.995,4.401991331506418,0.043478260869565216,0.005825242718446602,0.629876876508365,0.46115528533169636,0.45930276683009086,0.481111663684921,0.0,0.0,0.767816091954023,356,79,156,125,0.6127450980392157,0.44483985765124556,0.5154639175257733,0.8183908045977012,0.18160919540229886,0.6717877094972067,0.6316153311244734,0.2847634203030343,366,69,165,116,0.6270270270270271,0.4128113879003559,0.4978540772532189,0.8413793103448276,0.15862068965517243,0.6731843575418994,0.6270953491225917,0.2835465175759001,10,4,9,4,0.5555555555555556,0.4,0.46511627906976744,2.0,8.0,11.363636363636363,352,"Sampled-label overlap, no point adjustment; delays among detected events only; no original-FPS seconds.",0.4,0.43261622665260435,,716,281,True
S01,0,prototype_neural_ema,0.999,5.8395768339187,0.03864734299516908,0.001941747572815534,0.629876876508365,0.46115528533169636,0.45930276683009086,0.481111663684921,0.0,0.0,0.767816091954023,364,71,188,93,0.5670731707317073,0.3309608540925267,0.4179775280898876,0.8367816091954023,0.1632183908045977,0.638268156424581,0.5838712316439645,0.19491683097524928,373,62,197,84,0.5753424657534246,0.298932384341637,0.3934426229508196,0.8574712643678161,0.1425287356321839,0.638268156424581,0.5782018243547266,0.1895530658375457,10,4,9,4,0.5555555555555556,0.4,0.46511627906976744,8.0,32.0,11.363636363636363,352,"Sampled-label overlap, no point adjustment; delays among detected events only; no original-FPS seconds.",0.4,0.43261622665260435,,716,281,True
S01,0,reference_dino_global_pca,0.95,0.0033553873654454947,0.11594202898550725,0.05048543689320388,0.5213154988342128,0.4098221724399478,0.40807976619152375,0.4764614321421421,0.0,0.0,0.8850574712643678,314,121,153,128,0.5140562248995983,0.4555160142348754,0.48301886792452825,0.7218390804597701,0.27816091954022987,0.61731843575419,0.5886775473473227,0.1818374544739064,332,103,161,120,0.5381165919282511,0.42704626334519574,0.4761904761904762,0.7632183908045977,0.2367816091954023,0.6312849162011173,0.5951323270748967,0.20062267338653036,10,4,10,6,0.4,0.4,0.4000000000000001,2.0,8.0,17.045454545454543,352,"Sampled-label overlap, no point adjustment; delays among detected events only; no original-FPS seconds.",0.2545454545454545,0.37651002506265663,,716,281,True
S01,0,reference_dino_global_pca,0.975,0.005803007632493973,0.06763285024154589,0.02524271844660194,0.5213154988342128,0.4098221724399478,0.40807976619152375,0.4764614321421421,0.0,0.0,0.8850574712643678,346,89,156,125,0.5841121495327103,0.44483985765124556,0.5050505050505051,0.7954022988505747,0.2045977011494253,0.6578212290502793,0.6201210782509101,0.25626438947812535,358,77,161,120,0.6091370558375635,0.42704626334519574,0.5020920502092051,0.8229885057471265,0.17701149425287357,0.6675977653631285,0.6250173845461611,0.27338922949086053,10,4,9,5,0.4444444444444444,0.4,0.4210526315789474,2.0,8.0,14.204545454545453,352,"Sampled-label overlap, no point adjustment; delays among detected events only; no original-FPS seconds.",0.2545454545454545,0.37651002506265663,,716,281,True
S01,0,reference_dino_global_pca,0.99,0.007284872699528933,0.05555555555555555,0.011650485436893204,0.5213154988342128,0.4098221724399478,0.40807976619152375,0.4764614321421421,0.0,0.0,0.8850574712643678,351,84,165,116,0.58,0.4128113879003559,0.4823284823284823,0.8068965517241379,0.19310344827586207,0.6522346368715084,0.6098539698122469,0.23911327686276332,362,73,172,109,0.5989010989010989,0.3879003558718861,0.4708423326133909,0.832183908045977,0.167816091954023,0.6578212290502793,0.6100421319589315,0.24682006219763994,10,4,12,5,0.5833333333333334,0.4,0.4745762711864407,2.0,8.0,14.204545454545453,352,"Sampled-label overlap, no point adjustment; delays among detected events only; no original-FPS seconds.",0.2545454545454545,0.37651002506265663,,716,281,True
S01,0,reference_dino_global_pca,0.995,0.00898065697401762,0.04589371980676329,0.005825242718446602,0.5213154988342128,0.4098221724399478,0.40807976619152375,0.4764614321421421,0.0,0.0,0.8850574712643678,360,75,191,90,0.5454545454545454,0.3202846975088968,0.40358744394618834,0.8275862068965517,0.1724137931034483,0.6284916201117319,0.5739354522027242,0.17145997102678256,371,64,208,73,0.5328467153284672,0.2597864768683274,0.34928229665071764,0.8528735632183908,0.1471264367816092,0.6201117318435754,0.5563300200433591,0.13985182060006066,10,4,14,5,0.6428571428571429,0.4,0.4931506849315069,2.0,8.0,14.204545454545453,352,"Sampled-label overlap, no point adjustment; delays among detected events only; no original-FPS seconds.",0.2545454545454545,0.37651002506265663,,716,281,True
S01,0,reference_dino_global_pca,0.999,0.011562065221369267,0.024154589371980676,0.001941747572815534,0.5213154988342128,0.4098221724399478,0.40807976619152375,0.4764614321421421,0.0,0.0,0.8850574712643678,371,64,225,56,0.4666666666666667,0.199288256227758,0.2793017456359102,0.8528735632183908,0.1471264367816092,0.5963687150837989,0.5260809097230744,0.06819252428946114,381,54,232,49,0.47572815533980584,0.17437722419928825,0.2552083333333333,0.8758620689655172,0.12413793103448276,0.6005586592178771,0.5251196465824027,0.06990245994854129,10,2,10,5,0.5,0.2,0.28571428571428575,2.0,8.0,14.204545454545453,352,"Sampled-label overlap, no point adjustment; delays among detected events only; no original-FPS seconds.",0.2545454545454545,0.37651002506265663,,716,281,True
S01,0,reference_dino_frame_denoising_ae,0.95,0.07858818769454956,0.12077294685990338,0.05048543689320388,0.5471837035219045,0.4263360139957576,0.4244676804183553,0.4844701642435946,0.0,0.0035587188612099642,0.8482758620689655,310,125,153,128,0.5059288537549407,0.4555160142348754,0.47940074906367036,0.7126436781609196,0.28735632183908044,0.611731843575419,0.5840798461978975,0.17177855161863392,328,107,161,120,0.5286343612334802,0.42704626334519574,0.47244094488188976,0.7540229885057471,0.24597701149425288,0.6256983240223464,0.5905346259254715,0.1900094222527461,10,4,10,6,0.4,0.4,0.4000000000000001,2.0,8.0,17.045454545454543,352,"Sampled-label overlap, no point adjustment; delays among detected events only; no original-FPS seconds.",0.2818181818181818,0.3896052631578948,,716,281,True
S01,0,reference_dino_frame_denoising_ae,0.975,0.13983765244483948,0.06038647342995169,0.02524271844660194,0.5471837035219045,0.4263360139957576,0.4244676804183553,0.4844701642435946,0.0,0.0035587188612099642,0.8482758620689655,342,93,153,128,0.579185520361991,0.4555160142348754,0.5099601593625498,0.7862068965517242,0.21379310344827587,0.6564245810055865,0.6208614553932998,0.25551527473758007,355,80,161,120,0.6,0.42704626334519574,0.49896049896049893,0.8160919540229885,0.1839080459770115,0.6634078212290503,0.6215691086840921,0.2646129948004664,10,4,9,5,0.4444444444444444,0.4,0.4210526315789474,2.0,8.0,14.204545454545453,352,"Sampled-label overlap, no point adjustment; delays among detected events only; no original-FPS seconds.",0.2818181818181818,0.3896052631578948,,716,281,True
S01,0,reference_dino_frame_denoising_ae,0.99,0.1885232925415039,0.05314009661835749,0.011650485436893204,0.5471837035219045,0.4263360139957576,0.4244676804183553,0.4844701642435946,0.0,0.0035587188612099642,0.8482758620689655,351,84,159,122,0.5922330097087378,0.43416370106761565,0.5010266940451746,0.8068965517241379,0.19310344827586207,0.6606145251396648,0.6205301263958768,0.260018768977285,360,75,165,116,0.6073298429319371,0.4128113879003559,0.4915254237288136,0.8275862068965517,0.1724137931034483,0.664804469273743,0.6201987973984537,0.26541873275243316,10,4,10,5,0.5,0.4,0.4444444444444445,2.0,8.0,14.204545454545453,352,"Sampled-label overlap, no point adjustment; delays among detected events only; no original-FPS seconds.",0.2818181818181818,0.3896052631578948,,716,281,True
S01,0,reference_dino_frame_denoising_ae,0.995,0.22042778134346008,0.04589371980676329,0.005825242718446602,0.5471837035219045,0.4263360139957576,0.4244676804183553,0.4844701642435946,0.0,0.0035587188612099642,0.8482758620689655,355,80,170,111,0.581151832460733,0.39501779359430605,0.4703389830508475,0.8160919540229885,0.1839080459770115,0.6508379888268156,0.6055548738086473,0.23308253866518763,366,69,178,103,0.5988372093023255,0.3665480427046263,0.4547461368653421,0.8413793103448276,0.15862068965517243,0.6550279329608939,0.6039636765247269,0.2376543347340761,10,4,12,5,0.5833333333333334,0.4,0.4745762711864407,2.0,8.0,14.204545454545453,352,"Sampled-label overlap, no point adjustment; delays among detected events only; no original-FPS seconds.",0.2818181818181818,0.3896052631578948,,716,281,True
S01,0,reference_dino_frame_denoising_ae,0.999,0.26600000262260437,0.03140096618357488,0.001941747572815534,0.5471837035219045,0.4263360139957576,0.4244676804183553,0.4844701642435946,0.0,0.0035587188612099642,0.8482758620689655,362,73,201,80,0.5228758169934641,0.2846975088967972,0.3686635944700461,0.832183908045977,0.167816091954023,0.61731843575419,0.558440708471387,0.13923337274124503,373,62,209,72,0.5373134328358209,0.25622775800711745,0.3469879518072289,0.8574712643678161,0.1425287356321839,0.6215083798882681,0.5568495111874667,0.14234447907369926,10,4,10,5,0.5,0.4,0.4444444444444445,8.0,32.0,14.204545454545453,352,"Sampled-label overlap, no point adjustment; delays among detected events only; no original-FPS seconds.",0.2818181818181818,0.3896052631578948,,716,281,True
S01,0,reference_dino_full_ema,0.95,1.3988452822298993,0.11835748792270531,0.05048543689320388,0.671215282038696,0.49128113091866954,0.48936285946615643,0.48806548214935425,0.0,0.0035587188612099642,0.7793103448275862,310,125,140,141,0.5300751879699248,0.501779359430605,0.5155393053016454,0.7126436781609196,0.28735632183908044,0.6298882681564246,0.6072115187957623,0.21668166162250757,325,110,155,126,0.5338983050847458,0.4483985765124555,0.4874274661508704,0.7471264367816092,0.25287356321839083,0.6298882681564246,0.5977625066470323,0.20310634568249825,10,6,12,6,0.5,0.6,0.5454545454545454,2.0,8.0,17.045454545454543,352,"Sampled-label overlap, no point adjustment; delays among detected events only; no original-FPS seconds.",0.45454545454545453,0.45300209078846854,,716,281,True
S01,0,reference_dino_full_ema,0.975,2.352650793543996,0.0821256038647343,0.02524271844660194,0.671215282038696,0.49128113091866954,0.48936285946615643,0.48806548214935425,0.0,0.0035587188612099642,0.7793103448275862,335,100,153,128,0.5614035087719298,0.4555160142348754,0.5029469548133595,0.7701149425287356,0.22988505747126436,0.6466480446927374,0.6128154783818055,0.23649346199641816,345,90,161,120,0.5714285714285714,0.42704626334519574,0.4887983706720978,0.7931034482758621,0.20689655172413793,0.6494413407821229,0.6100748558105289,0.23611903713220989,10,4,9,5,0.4444444444444444,0.4,0.4210526315789474,2.0,8.0,14.204545454545453,352,"Sampled-label overlap, no point adjustment; delays among detected events only; no original-FPS seconds.",0.45454545454545453,0.45300209078846854,,716,281,True
S01,0,reference_dino_full_ema,0.99,3.6555739742464564,0.05314009661835749,0.011650485436893204,0.671215282038696,0.49128113091866954,0.48936285946615643,0.48806548214935425,0.0,0.0035587188612099642,0.7793103448275862,353,82,155,126,0.6057692307692307,0.4483985765124555,0.5153374233128833,0.8114942528735632,0.18850574712643678,0.6689944134078212,0.6299464146930094,0.2795300884938882,363,72,164,117,0.6190476190476191,0.41637010676156583,0.4978723404255319,0.8344827586206897,0.16551724137931034,0.6703910614525139,0.6254264326911277,0.2778949437164003,10,4,10,5,0.5,0.4,0.4444444444444445,2.0,8.0,14.204545454545453,352,"Sampled-label overlap, no point adjustment; delays among detected events only; no original-FPS seconds.",0.45454545454545453,0.45300209078846854,,716,281,True
S01,0,reference_dino_full_ema,0.995,4.010609229955035,0.04830917874396135,0.005825242718446602,0.671215282038696,0.49128113091866954,0.48936285946615643,0.48806548214935425,0.0,0.0035587188612099642,0.7793103448275862,356,79,158,123,0.6089108910891089,0.4377224199288256,0.5093167701863354,0.8183908045977012,0.18160919540229886,0.6689944134078212,0.6280566122632634,0.2778897629201538,366,69,167,114,0.6229508196721312,0.40569395017793597,0.4913793103448276,0.8413793103448276,0.15862068965517243,0.6703910614525139,0.6235366302613818,0.27658866970975604,10,4,10,5,0.5,0.4,0.4444444444444445,2.0,8.0,14.204545454545453,352,"Sampled-label overlap, no point adjustment; delays among detected events only; no original-FPS seconds.",0.45454545454545453,0.45300209078846854,,716,281,True
S01,0,reference_dino_full_ema,0.999,4.994079175172268,0.043478260869565216,0.001941747572815534,0.671215282038696,0.49128113091866954,0.48936285946615643,0.48806548214935425,0.0,0.0035587188612099642,0.7793103448275862,361,74,167,114,0.6063829787234043,0.40569395017793597,0.48614072494669514,0.8298850574712644,0.17011494252873563,0.6634078212290503,0.6177895038246002,0.2614198075255712,371,64,177,104,0.6190476190476191,0.3701067615658363,0.4632516703786192,0.8528735632183908,0.1471264367816092,0.6634078212290503,0.6114901623921135,0.25693271850904237,10,4,9,4,0.5555555555555556,0.4,0.46511627906976744,2.0,8.0,11.363636363636363,352,"Sampled-label overlap, no point adjustment; delays among detected events only; no original-FPS seconds.",0.45454545454545453,0.45300209078846854,,716,281,True
S02,0,prototype64,0.95,0.07109961658716202,0.021164021164021163,0.050505050505050504,0.5235583284408655,0.2204960928232752,0.2187549877984422,0.5183667012713653,0.0,0.07563025210084033,0.9165797705943691,864,95,195,43,0.3115942028985507,0.18067226890756302,0.22872340425531915,0.9009384775808134,0.09906152241918666,0.7577276524644946,0.5408053732441882,0.10199000408938609,894,65,198,40,0.38095238095238093,0.16806722689075632,0.23323615160349853,0.9322210636079249,0.06777893639207508,0.7802840434419381,0.5501441452493406,0.14149530897591955,8,1,8,7,0.125,0.125,0.125,8.0,32.0,10.101010101010102,693,"Sampled-label overlap, no point adjustment; delays among detected events only; no original-FPS seconds.",0.20454545454545453,0.3194121533566193,,1197,238,True
S02,0,prototype64,0.975,0.09365028142929077,0.003527336860670194,0.025974025974025976,0.5235583284408655,0.2204960928232752,0.2187549877984422,0.5183667012713653,0.0,0.07563025210084033,0.9165797705943691,909,50,216,22,0.3055555555555556,0.09243697478991597,0.14193548387096774,0.9478623566214807,0.05213764337851929,0.7777777777777778,0.5201496657056983,0.06764771220772067,927,32,228,10,0.23809523809523808,0.04201680672268908,0.07142857142857142,0.9666319082377477,0.03336809176225235,0.7827903091060986,0.5043243574802184,0.01876003865502729,8,1,6,4,0.3333333333333333,0.125,0.18181818181818182,19.0,76.0,5.772005772005772,693,"Sampled-label overlap, no point adjustment; delays among detected events only; no original-FPS seconds.",0.20454545454545453,0.3194121533566193,,1197,238,True
S02,0,prototype64,0.99,0.10848589241504669,0.001763668430335097,0.010101010101010102,0.5235583284408655,0.2204960928232752,0.2187549877984422,0.5183667012713653,0.0,0.07563025210084033,0.9165797705943691,925,34,229,9,0.20930232558139536,0.037815126050420166,0.06405693950177935,0.9645464025026069,0.035453597497393116,0.7802840434419381,0.5011807642765136,0.005064701460134306,934,25,235,3,0.10714285714285714,0.012605042016806723,0.022556390977443608,0.9739311783107404,0.026068821689259645,0.7827903091060986,0.49326811016377353,-0.03555318452542345,8,1,3,2,0.3333333333333333,0.125,0.18181818181818182,22.0,88.0,2.886002886002886,693,"Sampled-label overlap, no point adjustment; delays among detected events only; no original-FPS seconds.",0.20454545454545453,0.3194121533566193,,1197,238,True
S02,0,prototype64,0.995,0.11170261353254318,0.001763668430335097,0.005772005772005772,0.5235583284408655,0.2204960928232752,0.2187549877984422,0.5183667012713653,0.0,0.07563025210084033,0.9165797705943691,926,33,234,4,0.10810810810810811,0.01680672268907563,0.02909090909090909,0.9655891553701773,0.03441084462982273,0.7769423558897243,0.4911979390296265,-0.040595911180947936,934,25,238,0,0.0,0.0,0.0,0.9739311783107404,0.026068821689259645,0.7802840434419381,0.4869655891553702,-0.07275877415652987,8,0,2,2,0.0,0.0,0.0,,,2.886002886002886,693,"Sampled-label overlap, no point adjustment; delays among detected events only; no original-FPS seconds.",0.20454545454545453,0.3194121533566193,,1197,238,True
S02,0,prototype64,0.999,0.15206913650035858,0.0,0.001443001443001443,0.5235583284408655,0.2204960928232752,0.2187549877984422,0.5183667012713653,0.0,0.07563025210084033,0.9165797705943691,936,23,238,0,0.0,0.0,0.0,0.9760166840458812,0.023983315954118872,0.7819548872180451,0.4880083420229406,-0.06972829476768946,942,17,238,0,0.0,0.0,0.0,0.9822732012513035,0.017726798748696558,0.7869674185463659,0.49113660062565173,-0.05979469183253035,8,0,2,2,0.0,0.0,0.0,,,2.886002886002886,693,"Sampled-label overlap, no point adjustment; delays among detected events only; no original-FPS seconds.",0.20454545454545453,0.3194121533566193,,1197,238,True
S02,0,prototype256,0.95,0.06437018513679504,0.01763668430335097,0.050505050505050504,0.5878322131772418,0.2443748266704277,0.24256276235231003,0.5185765431796998,0.0,0.1092436974789916,0.9228362877997914,854,105,193,45,0.3,0.18907563025210083,0.23195876288659792,0.8905109489051095,0.10948905109489052,0.7510442773600668,0.5397932895786052,0.09594418315220178,870,89,197,41,0.3153846153846154,0.1722689075630252,0.22282608695652173,0.9071949947862357,0.09280500521376434,0.7610693400167085,0.5397319511746305,0.1019327603285943,8,1,9,8,0.1111111111111111,0.125,0.11764705882352941,7.0,28.0,11.544011544011545,693,"Sampled-label overlap, no point adjustment; delays among detected events only; no original-FPS seconds.",0.25,0.33198551749248345,,1197,238,True
S02,0,prototype256,0.975,0.0873287245631218,0.0,0.025974025974025976,0.5878322131772418,0.2443748266704277,0.24256276235231003,0.5185765431796998,0.0,0.1092436974789916,0.9228362877997914,913,46,214,24,0.34285714285714286,0.10084033613445378,0.15584415584415587,0.9520333680917622,0.047966631908237745,0.7827903091060986,0.526436852113108,0.08993454490838886,927,32,220,18,0.36,0.07563025210084033,0.12499999999999999,0.9666319082377477,0.03336809176225235,0.7894736842105263,0.521131080169294,0.08431071344437734,8,1,8,4,0.5,0.125,0.2,8.0,32.0,5.772005772005772,693,"Sampled-label overlap, no point adjustment; delays among detected events only; no original-FPS seconds.",0.25,0.33198551749248345,,1197,238,True
S02,0,prototype256,0.99,0.09976905584335327,0.0,0.010101010101010102,0.5878322131772418,0.2443748266704277,0.24256276235231003,0.5185765431796998,0.0,0.1092436974789916,0.9228362877997914,921,38,226,12,0.24,0.05042016806722689,0.08333333333333334,0.9603753910323254,0.03962460896767466,0.7794486215538847,0.5053977795497762,0.021536553797112352,930,29,233,5,0.14705882352941177,0.02100840336134454,0.03676470588235294,0.9697601668404588,0.03023983315954119,0.7811194653299917,0.4953842851009017,-0.02217876900022843,8,1,5,3,0.4,0.125,0.19047619047619047,22.0,88.0,4.329004329004329,693,"Sampled-label overlap, no point adjustment; delays among detected events only; no original-FPS seconds.",0.25,0.33198551749248345,,1197,238,True
S02,0,prototype256,0.995,0.11015444248914719,0.0,0.005772005772005772,0.5878322131772418,0.2443748266704277,0.24256276235231003,0.5185765431796998,0.0,0.1092436974789916,0.9228362877997914,927,32,234,4,0.1111111111111111,0.01680672268907563,0.029197080291970802,0.9666319082377477,0.03336809176225235,0.7777777777777778,0.4917193154634117,-0.03870139838031966,934,25,236,2,0.07407407407407407,0.008403361344537815,0.015094339622641508,0.9739311783107404,0.026068821689259645,0.7819548872180451,0.4911672698276391,-0.0474840691066747,8,1,3,2,0.3333333333333333,0.125,0.18181818181818182,22.0,88.0,2.886002886002886,693,"Sampled-label overlap, no point adjustment; delays among detected events only; no original-FPS seconds.",0.25,0.33198551749248345,,1197,238,True
S02,0,prototype256,0.999,0.16006731986999512,0.0,0.001443001443001443,0.5878322131772418,0.2443748266704277,0.24256276235231003,0.5185765431796998,0.0,0.1092436974789916,0.9228362877997914,938,21,238,0,0.0,0.0,0.0,0.9781021897810219,0.021897810218978103,0.783625730994152,0.48905109489051096,-0.0665710123640473,943,16,238,0,0.0,0.0,0.0,0.9833159541188738,0.016684045881126174,0.7878028404344194,0.4916579770594369,-0.05798480719954019,8,0,2,2,0.0,0.0,0.0,,,2.886002886002886,693,"Sampled-label overlap, no point adjustment; delays among detected events only; no original-FPS seconds.",0.25,0.33198551749248345,,1197,238,True
S02,0,prototype_motion,0.95,1.6981579065322876,0.037037037037037035,0.050505050505050504,0.5414340918849292,0.21997738904562852,0.21830592169691787,0.5075679138347617,0.0,0.029411764705882353,0.9457768508863399,828,131,189,49,0.2722222222222222,0.20588235294117646,0.23444976076555024,0.8633993743482794,0.13660062565172054,0.7326649958228906,0.534640863644728,0.0773605875988976,854,105,191,47,0.3092105263157895,0.19747899159663865,0.24102564102564103,0.8905109489051095,0.10948905109489052,0.7527151211361738,0.5439949702508741,0.10547532371470128,8,1,10,9,0.1,0.125,0.11111111111111112,2.0,8.0,12.987012987012989,693,"Sampled-label overlap, no point adjustment; delays among detected events only; no original-FPS seconds.",0.25,0.3316698609268269,,1197,238,True
S02,0,prototype_motion,0.975,2.4056711196899414,0.01763668430335097,0.025974025974025976,0.5414340918849292,0.21997738904562852,0.21830592169691787,0.5075679138347617,0.0,0.029411764705882353,0.9457768508863399,893,66,208,30,0.3125,0.12605042016806722,0.17964071856287425,0.9311783107403545,0.06882168925964546,0.77109440267335,0.5286143654542108,0.08409741010411091,909,50,214,24,0.32432432432432434,0.10084033613445378,0.15384615384615385,0.9478623566214807,0.05213764337851929,0.7794486215538847,0.5243513463779672,0.08071328401623323,8,1,10,6,0.4,0.125,0.19047619047619047,8.0,32.0,8.658008658008658,693,"Sampled-label overlap, no point adjustment; delays among detected events only; no original-FPS seconds.",0.25,0.3316698609268269,,1197,238,True
S02,0,prototype_motion,0.99,2.9965524673461914,0.012345679012345678,0.010101010101010102,0.5414340918849292,0.21997738904562852,0.21830592169691787,0.5075679138347617,0.0,0.029411764705882353,0.9457768508863399,911,48,231,7,0.12727272727272726,0.029411764705882353,0.0477815699658703,0.9499478623566214,0.05005213764337852,0.7669172932330827,0.4896798135312519,-0.039346030604370794,923,36,232,6,0.14285714285714285,0.025210084033613446,0.04285714285714286,0.9624608967674662,0.03753910323253389,0.7761069340016709,0.4938354904005398,-0.026743033827379324,8,1,6,5,0.16666666666666666,0.125,0.14285714285714288,9.0,36.0,7.215007215007215,693,"Sampled-label overlap, no point adjustment; delays among detected events only; no original-FPS seconds.",0.25,0.3316698609268269,,1197,238,True
S02,0,prototype_motion,0.995,3.1803739070892334,0.007054673721340388,0.005772005772005772,0.5414340918849292,0.21997738904562852,0.21830592169691787,0.5075679138347617,0.0,0.029411764705882353,0.9457768508863399,920,39,231,7,0.15217391304347827,0.029411764705882353,0.04929577464788732,0.959332638164755,0.040667361835245046,0.7744360902255639,0.4943722014353187,-0.023369517429867072,933,26,232,6,0.1875,0.025210084033613446,0.04444444444444445,0.97288842544317,0.027111574556830033,0.7844611528822055,0.49904925473839173,-0.004704938982981995,8,1,4,3,0.25,0.125,0.16666666666666666,9.0,36.0,4.329004329004329,693,"Sampled-label overlap, no point adjustment; delays among detected events only; no original-FPS seconds.",0.25,0.3316698609268269,,1197,238,True
S02,0,prototype_motion,0.999,4.641861438751221,0.003527336860670194,0.001443001443001443,0.5414340918849292,0.21997738904562852,0.21830592169691787,0.5075679138347617,0.0,0.029411764705882353,0.9457768508863399,935,24,238,0,0.0,0.0,0.0,0.9749739311783108,0.02502606882168926,0.7811194653299917,0.4874869655891554,-0.0712583545575941,942,17,238,0,0.0,0.0,0.0,0.9822732012513035,0.017726798748696558,0.7869674185463659,0.49113660062565173,-0.05979469183253035,8,0,2,2,0.0,0.0,0.0,,,2.886002886002886,693,"Sampled-label overlap, no point adjustment; delays among detected events only; no original-FPS seconds.",0.25,0.3316698609268269,,1197,238,True
S02,0,prototype_motion_ema,0.95,1.5987428204773015,0.031746031746031744,0.050505050505050504,0.5476117454280982,0.23034524548181395,0.22857454868131952,0.5203152332773293,0.0,0.058823529411764705,0.959332638164755,826,133,189,49,0.2692307692307692,0.20588235294117646,0.23333333333333334,0.8613138686131386,0.1386861313868613,0.7309941520467836,0.5335981107771576,0.07469197107345854,842,117,190,48,0.2909090909090909,0.20168067226890757,0.23821339950372208,0.8779979144942649,0.12200208550573514,0.7435254803675856,0.5398392933815862,0.09224813270351852,8,1,10,9,0.1,0.125,0.11111111111111112,2.0,8.0,12.987012987012989,693,"Sampled-label overlap, no point adjustment; delays among detected events only; no original-FPS seconds.",0.2727272727272727,0.3382150926558821,,1197,238,True
S02,0,prototype_motion_ema,0.975,2.180512879843401,0.014109347442680775,0.025974025974025976,0.5476117454280982,0.23034524548181395,0.22857454868131952,0.5203152332773293,0.0,0.058823529411764705,0.959332638164755,889,70,196,42,0.375,0.17647058823529413,0.24,0.927007299270073,0.072992700729927,0.7777777777777778,0.5517389437526835,0.1418147669889274,900,59,200,38,0.3917525773195876,0.15966386554621848,0.22686567164179103,0.9384775808133472,0.061522419186652764,0.783625730994152,0.5490707231797829,0.14353837540925796,8,1,8,6,0.25,0.125,0.16666666666666666,8.0,32.0,8.658008658008658,693,"Sampled-label overlap, no point adjustment; delays among detected events only; no original-FPS seconds.",0.2727272727272727,0.3382150926558821,,1197,238,True
S02,0,prototype_motion_ema,0.99,2.728075554188124,0.012345679012345678,0.010101010101010102,0.5476117454280982,0.23034524548181395,0.22857454868131952,0.5203152332773293,0.0,0.058823529411764705,0.959332638164755,911,48,224,14,0.22580645161290322,0.058823529411764705,0.09333333333333334,0.9499478623566214,0.05005213764337852,0.772765246449457,0.504385695884193,0.01579692351920851,922,37,227,11,0.22916666666666666,0.046218487394957986,0.07692307692307693,0.9614181438998958,0.03858185610010428,0.7794486215538847,0.5038183156474269,0.015535275950677094,8,1,8,5,0.375,0.125,0.1875,9.0,36.0,7.215007215007215,693,"Sampled-label overlap, no point adjustment; delays among detected events only; no original-FPS seconds.",0.2727272727272727,0.3382150926558821,,1197,238,True
S02,0,prototype_motion_ema,0.995,2.9654306704515143,0.010582010582010581,0.005772005772005772,0.5476117454280982,0.23034524548181395,0.22857454868131952,0.5203152332773293,0.0,0.058823529411764705,0.959332638164755,920,39,231,7,0.15217391304347827,0.029411764705882353,0.04929577464788732,0.959332638164755,0.040667361835245046,0.7744360902255639,0.4943722014353187,-0.023369517429867072,929,30,232,6,0.16666666666666666,0.025210084033613446,0.043795620437956206,0.9687174139728885,0.03128258602711158,0.7811194653299917,0.49696374900325097,-0.014190512739450543,8,1,5,4,0.2,0.125,0.15384615384615385,9.0,36.0,5.772005772005772,693,"Sampled-label overlap, no point adjustment; delays among detected events only; no original-FPS seconds.",0.2727272727272727,0.3382150926558821,,1197,238,True
S02,0,prototype_motion_ema,0.999,3.946826114271946,0.003527336860670194,0.001443001443001443,0.5476117454280982,0.23034524548181395,0.22857454868131952,0.5203152332773293,0.0,0.058823529411764705,0.959332638164755,934,25,238,0,0.0,0.0,0.0,0.9739311783107404,0.026068821689259645,0.7802840434419381,0.4869655891553702,-0.07275877415652987,940,19,238,0,0.0,0.0,0.0,0.9801876955161627,0.01981230448383733,0.7852965747702589,0.49009384775808135,-0.0632678869877857,8,0,2,2,0.0,0.0,0.0,,,2.886002886002886,693,"Sampled-label overlap, no point adjustment; delays among detected events only; no original-FPS seconds.",0.2727272727272727,0.3382150926558821,,1197,238,True
S02,0,prototype_fewshot3,0.95,0.14099599421024323,0.03880070546737213,0.050505050505050504,0.3053929601037495,0.1364093372513492,0.13570244428495812,0.47478876298886824,0.0,0.0,0.8779979144942649,901,58,237,1,0.01694915254237288,0.004201680672268907,0.006734006734006734,0.9395203336809176,0.06047966631908238,0.7535505430242272,0.47186100717659324,-0.10376220439885515,915,44,238,0,0.0,0.0,0.0,0.954118873826903,0.045881126173096975,0.7644110275689223,0.4770594369134515,-0.09731748112681626,8,0,6,6,0.0,0.0,0.0,,,8.658008658008658,693,"Sampled-label overlap, no point adjustment; delays among detected events only; no original-FPS seconds.",0.0,0.27418932063378654,,1197,238,True
S02,0,prototype_fewshot3,0.975,0.15380389988422394,0.02292768959435626,0.025974025974025976,0.3053929601037495,0.1364093372513492,0.13570244428495812,0.47478876298886824,0.0,0.0,0.8779979144942649,914,45,238,0,0.0,0.0,0.0,0.9530761209593326,0.04692387904066736,0.7635756056808688,0.4765380604796663,-0.09845985509685372,925,34,238,0,0.0,0.0,0.0,0.9645464025026069,0.035453597497393116,0.772765246449457,0.48227320125130346,-0.08517826233974772,8,0,5,5,0.0,0.0,0.0,,,7.215007215007215,693,"Sampled-label overlap, no point adjustment; delays among detected events only; no original-FPS seconds.",0.0,0.27418932063378654,,1197,238,True
S02,0,prototype_fewshot3,0.99,0.16136203706264496,0.019400352733686066,0.010101010101010102,0.3053929601037495,0.1364093372513492,0.13570244428495812,0.47478876298886824,0.0,0.0,0.8779979144942649,917,42,238,0,0.0,0.0,0.0,0.9562043795620438,0.043795620437956206,0.7660818713450293,0.4781021897810219,-0.09499764255098925,927,32,238,0,0.0,0.0,0.0,0.9666319082377477,0.03336809176225235,0.7744360902255639,0.48331595411887385,-0.08256409054007113,8,0,5,5,0.0,0.0,0.0,,,7.215007215007215,693,"Sampled-label overlap, no point adjustment; delays among detected events only; no original-FPS seconds.",0.0,0.27418932063378654,,1197,238,True
S02,0,prototype_fewshot3,0.995,0.17811229825019836,0.019400352733686066,0.005772005772005772,0.3053929601037495,0.1364093372513492,0.13570244428495812,0.47478876298886824,0.0,0.0,0.8779979144942649,927,32,238,0,0.0,0.0,0.0,0.9666319082377477,0.03336809176225235,0.7744360902255639,0.48331595411887385,-0.08256409054007113,936,23,238,0,0.0,0.0,0.0,0.9760166840458812,0.023983315954118872,0.7819548872180451,0.4880083420229406,-0.06972829476768946,8,0,3,3,0.0,0.0,0.0,,,4.329004329004329,693,"Sampled-label overlap, no point adjustment; delays among detected events only; no original-FPS seconds.",0.0,0.27418932063378654,,1197,238,True
S02,0,prototype_fewshot3,0.999,0.22546014189720154,0.008818342151675485,0.001443001443001443,0.3053929601037495,0.1364093372513492,0.13570244428495812,0.47478876298886824,0.0,0.0,0.8779979144942649,941,18,238,0,0.0,0.0,0.0,0.9812304483837331,0.018769551616266946,0.7861319966583125,0.49061522419186654,-0.06155431815633139,946,13,238,0,0.0,0.0,0.0,0.986444212721585,0.013555787278415016,0.7903091060985797,0.4932221063607925,-0.052200540507508074,8,0,3,3,0.0,0.0,0.0,,,4.329004329004329,693,"Sampled-label overlap, no point adjustment; delays among detected events only; no original-FPS seconds.",0.0,0.27418932063378654,,1197,238,True
S02,0,prototype_neural,0.95,2.1757845878601074,0.01763668430335097,0.050505050505050504,0.6152504797539454,0.26627396545332194,0.2642925112855854,0.5337912345114765,0.0,0.15126050420168066,0.8508863399374348,856,103,194,44,0.29931972789115646,0.18487394957983194,0.2285714285714286,0.8925964546402503,0.10740354535974973,0.7518796992481203,0.5387352021100411,0.09420637379920645,873,86,198,40,0.31746031746031744,0.16806722689075632,0.21978021978021978,0.9103232533889468,0.08967674661105318,0.7627401837928154,0.5391952401398515,0.10194856083678996,8,1,9,8,0.1111111111111111,0.125,0.11764705882352941,8.0,32.0,11.544011544011545,693,"Sampled-label overlap, no point adjustment; delays among detected events only; no original-FPS seconds.",0.3068181818181818,0.3557250132908028,,1197,238,True
S02,0,prototype_neural,0.975,3.0789425373077393,0.008818342151675485,0.025974025974025976,0.6152504797539454,0.26627396545332194,0.2642925112855854,0.5337912345114765,0.0,0.15126050420168066,0.8508863399374348,911,48,202,36,0.42857142857142855,0.15126050420168066,0.2236024844720497,0.9499478623566214,0.05005213764337852,0.7911445279866333,0.5506041832791511,0.15813462483563662,924,35,204,34,0.4927536231884058,0.14285714285714285,0.2214983713355049,0.9635036496350365,0.0364963503649635,0.8003341687552213,0.5531803962460897,0.18213786919177924,8,1,6,4,0.3333333333333333,0.125,0.18181818181818182,8.0,32.0,5.772005772005772,693,"Sampled-label overlap, no point adjustment; delays among detected events only; no original-FPS seconds.",0.3068181818181818,0.3557250132908028,,1197,238,True
S02,0,prototype_neural,0.99,3.5681135654449463,0.005291005291005291,0.010101010101010102,0.6152504797539454,0.26627396545332194,0.2642925112855854,0.5337912345114765,0.0,0.15126050420168066,0.8508863399374348,924,35,208,30,0.46153846153846156,0.12605042016806722,0.19801980198019803,0.9635036496350365,0.0364963503649635,0.7969924812030075,0.5447770349015519,0.15772597386593495,932,27,210,28,0.509090909090909,0.11764705882352941,0.1911262798634812,0.9718456725755996,0.028154327424400417,0.8020050125313283,0.5447463656995645,0.17059690535446356,8,1,6,3,0.5,0.125,0.2,8.0,32.0,4.329004329004329,693,"Sampled-label overlap, no point adjustment; delays among detected events only; no original-FPS seconds.",0.3068181818181818,0.3557250132908028,,1197,238,True
S02,0,prototype_neural,0.995,4.237744331359863,0.0,0.005772005772005772,0.6152504797539454,0.26627396545332194,0.2642925112855854,0.5337912345114765,0.0,0.15126050420168066,0.8508863399374348,929,30,220,18,0.375,0.07563025210084033,0.12587412587412586,0.9687174139728885,0.03128258602711158,0.7911445279866333,0.5221738330368644,0.09021690371357059,935,24,225,13,0.35135135135135137,0.0546218487394958,0.09454545454545456,0.9749739311783108,0.02502606882168926,0.7919799498746867,0.5147978899589033,0.068249223501071,8,1,5,2,0.6,0.125,0.20689655172413793,9.0,36.0,2.886002886002886,693,"Sampled-label overlap, no point adjustment; delays among detected events only; no original-FPS seconds.",0.3068181818181818,0.3557250132908028,,1197,238,True
S02,0,prototype_neural,0.999,6.464028835296631,0.0,0.001443001443001443,0.6152504797539454,0.26627396545332194,0.2642925112855854,0.5337912345114765,0.0,0.15126050420168066,0.8508863399374348,938,21,238,0,0.0,0.0,0.0,0.9781021897810219,0.021897810218978103,0.783625730994152,0.48905109489051096,-0.0665710123640473,943,16,238,0,0.0,0.0,0.0,0.9833159541188738,0.016684045881126174,0.7878028404344194,0.4916579770594369,-0.05798480719954019,8,0,2,2,0.0,0.0,0.0,,,2.886002886002886,693,"Sampled-label overlap, no point adjustment; delays among detected events only; no original-FPS seconds.",0.3068181818181818,0.3557250132908028,,1197,238,True
S02,0,prototype_neural_ema,0.95,1.9735853428984478,0.019400352733686066,0.050505050505050504,0.6309443485423367,0.28122616670912226,0.27916092911630486,0.5422241120804834,0.0,0.1722689075630252,0.8592283628779979,845,114,189,49,0.3006134969325153,0.20588235294117646,0.24438902743142144,0.881126173096976,0.11887382690302398,0.7468671679197995,0.5435042630190763,0.10125244568730586,861,98,190,48,0.3287671232876712,0.20168067226890757,0.25,0.8978102189781022,0.10218978102189781,0.7593984962406015,0.5497454456235049,0.12133981194601855,8,1,10,9,0.1,0.125,0.11111111111111112,2.0,8.0,12.987012987012989,693,"Sampled-label overlap, no point adjustment; delays among detected events only; no original-FPS seconds.",0.32954545454545453,0.36341732098311047,,1197,238,True
S02,0,prototype_neural_ema,0.975,2.7422066692043994,0.008818342151675485,0.025974025974025976,0.6309443485423367,0.28122616670912226,0.27916092911630486,0.5422241120804834,0.0,0.1722689075630252,0.8592283628779979,907,52,196,42,0.44680851063829785,0.17647058823529413,0.25301204819277107,0.9457768508863399,0.054223149113660066,0.7928153717627402,0.561123719560817,0.18137852642980362,920,39,198,40,0.5063291139240507,0.16806722689075632,0.25236593059936907,0.959332638164755,0.040667361835245046,0.8020050125313283,0.5636999325277556,0.20480110836824275,8,1,5,4,0.2,0.125,0.15384615384615385,9.0,36.0,5.772005772005772,693,"Sampled-label overlap, no point adjustment; delays among detected events only; no original-FPS seconds.",0.32954545454545453,0.36341732098311047,,1197,238,True
S02,0,prototype_neural_ema,0.99,3.351559008184813,0.003527336860670194,0.010101010101010102,0.6309443485423367,0.28122616670912226,0.27916092911630486,0.5422241120804834,0.0,0.1722689075630252,0.8592283628779979,925,34,202,36,0.5142857142857142,0.15126050420168066,0.23376623376623373,0.9645464025026069,0.035453597497393116,0.8028404344193818,0.5579034533521438,0.19697960648148277,934,25,204,34,0.576271186440678,0.14285714285714285,0.22895622895622897,0.9739311783107404,0.026068821689259645,0.808688387635756,0.5583941605839416,0.2153277789377877,8,1,4,2,0.5,0.125,0.2,9.0,36.0,2.886002886002886,693,"Sampled-label overlap, no point adjustment; delays among detected events only; no original-FPS seconds.",0.32954545454545453,0.36341732098311047,,1197,238,True
S02,0,prototype_neural_ema,0.995,3.7541159563314723,0.0,0.005772005772005772,0.6309443485423367,0.28122616670912226,0.27916092911630486,0.5422241120804834,0.0,0.1722689075630252,0.8592283628779979,929,30,208,30,0.5,0.12605042016806722,0.20134228187919462,0.9687174139728885,0.03128258602711158,0.8011695906432749,0.5473839170704778,0.17334163147669715,935,24,212,26,0.52,0.1092436974789916,0.18055555555555555,0.9749739311783108,0.02502606882168926,0.8028404344193818,0.5421088143286512,0.16800959297406398,8,1,4,2,0.5,0.125,0.2,9.0,36.0,2.886002886002886,693,"Sampled-label overlap, no point adjustment; delays among detected events only; no original-FPS seconds.",0.32954545454545453,0.36341732098311047,,1197,238,True
S02,0,prototype_neural_ema,0.999,5.371792783767053,0.0,0.001443001443001443,0.6309443485423367,0.28122616670912226,0.27916092911630486,0.5422241120804834,0.0,0.1722689075630252,0.8592283628779979,937,22,236,2,0.08333333333333333,0.008403361344537815,0.015267175572519083,0.9770594369134515,0.022940563086548488,0.7844611528822055,0.49273139912899466,-0.041392720662131864,942,17,238,0,0.0,0.0,0.0,0.9822732012513035,0.017726798748696558,0.7869674185463659,0.49113660062565173,-0.05979469183253035,8,0,2,2,0.0,0.0,0.0,,,2.886002886002886,693,"Sampled-label overlap, no point adjustment; delays among detected events only; no original-FPS seconds.",0.32954545454545453,0.36341732098311047,,1197,238,True
S02,0,reference_dino_global_pca,0.95,0.015872787684202194,0.021164021164021163,0.050505050505050504,0.5769972222465629,0.2598385601775081,0.2578107355158994,0.54257000533598,0.0,0.18067226890756302,0.9635036496350365,877,82,191,47,0.3643410852713178,0.19747899159663865,0.2561307901907357,0.9144942648592284,0.08550573514077164,0.7719298245614035,0.5559866282279335,0.14412244106684005,903,56,192,46,0.45098039215686275,0.19327731092436976,0.27058823529411763,0.9416058394160584,0.058394160583941604,0.7928153717627402,0.5674415751702141,0.19281833903080592,8,1,8,7,0.125,0.125,0.125,2.0,8.0,10.101010101010102,693,"Sampled-label overlap, no point adjustment; delays among detected events only; no original-FPS seconds.",0.2727272727272727,0.34583625009321606,,1197,238,True
S02,0,reference_dino_global_pca,0.975,0.023852895945310593,0.008818342151675485,0.025974025974025976,0.5769972222465629,0.2598385601775081,0.2578107355158994,0.54257000533598,0.0,0.18067226890756302,0.9635036496350365,919,40,196,42,0.5121951219512195,0.17647058823529413,0.2625,0.9582898852971846,0.04171011470281543,0.8028404344193818,0.5673802367662394,0.21291975148434053,929,30,199,39,0.5652173913043478,0.1638655462184874,0.254071661237785,0.9687174139728885,0.03128258602711158,0.808688387635756,0.566291480095688,0.22704210164823002,8,1,7,4,0.42857142857142855,0.125,0.19354838709677416,2.0,8.0,5.772005772005772,693,"Sampled-label overlap, no point adjustment; delays among detected events only; no original-FPS seconds.",0.2727272727272727,0.34583625009321606,,1197,238,True
S02,0,reference_dino_global_pca,0.99,0.027876120060682297,0.007054673721340388,0.010101010101010102,0.5769972222465629,0.2598385601775081,0.2578107355158994,0.54257000533598,0.0,0.18067226890756302,0.9635036496350365,925,34,206,32,0.48484848484848486,0.13445378151260504,0.21052631578947367,0.9645464025026069,0.035453597497393116,0.7994987468671679,0.549500092007606,0.17311333127259299,933,26,213,25,0.49019607843137253,0.10504201680672269,0.17301038062283736,0.97288842544317,0.027111574556830033,0.8003341687552213,0.5389652211249464,0.15400241314762816,8,1,5,2,0.6,0.125,0.20689655172413793,8.0,32.0,2.886002886002886,693,"Sampled-label overlap, no point adjustment; delays among detected events only; no original-FPS seconds.",0.2727272727272727,0.34583625009321606,,1197,238,True
S02,0,reference_dino_global_pca,0.995,0.03368851915001869,0.005291005291005291,0.005772005772005772,0.5769972222465629,0.2598385601775081,0.2578107355158994,0.54257000533598,0.0,0.18067226890756302,0.9635036496350365,931,28,220,18,0.391304347826087,0.07563025210084033,0.1267605633802817,0.9708029197080292,0.029197080291970802,0.7928153717627402,0.5232165859044348,0.09640721904310286,939,20,225,13,0.3939393939393939,0.0546218487394958,0.09594095940959409,0.9791449426485923,0.020855057351407715,0.7953216374269005,0.5168833956940441,0.08231028714874637,8,1,4,2,0.5,0.125,0.2,9.0,36.0,2.886002886002886,693,"Sampled-label overlap, no point adjustment; delays among detected events only; no original-FPS seconds.",0.2727272727272727,0.34583625009321606,,1197,238,True
S02,0,reference_dino_global_pca,0.999,0.05428999289870262,0.0,0.001443001443001443,0.5769972222465629,0.2598385601775081,0.2578107355158994,0.54257000533598,0.0,0.18067226890756302,0.9635036496350365,940,19,237,1,0.05,0.004201680672268907,0.007751937984496124,0.9801876955161627,0.01981230448383733,0.7861319966583125,0.4921946880942158,-0.048608790056063486,945,14,238,0,0.0,0.0,0.0,0.9854014598540146,0.014598540145985401,0.7894736842105263,0.4927007299270073,-0.05419395176648469,8,0,2,2,0.0,0.0,0.0,,,2.886002886002886,693,"Sampled-label overlap, no point adjustment; delays among detected events only; no original-FPS seconds.",0.2727272727272727,0.34583625009321606,,1197,238,True
S02,0,reference_dino_frame_denoising_ae,0.95,0.45034492015838623,0.021164021164021163,0.050505050505050504,0.6017428869357963,0.27058228059927925,0.26849532844767887,0.5439512724029296,0.0,0.18067226890756302,0.9499478623566214,860,99,190,48,0.32653061224489793,0.20168067226890757,0.24935064935064938,0.8967674661105318,0.1032325338894682,0.758563074352548,0.5492240691897197,0.1197159382008918,884,75,191,47,0.38524590163934425,0.19747899159663865,0.2611111111111111,0.921793534932221,0.07820646506777894,0.7777777777777778,0.5596362632644298,0.15734540100330288,8,1,9,8,0.1111111111111111,0.125,0.11764705882352941,2.0,8.0,11.544011544011545,693,"Sampled-label overlap, no point adjustment; delays among detected events only; no original-FPS seconds.",0.2840909090909091,0.3498426603496263,,1197,238,True
S02,0,reference_dino_frame_denoising_ae,0.975,0.6089692115783691,0.008818342151675485,0.025974025974025976,0.6017428869357963,0.27058228059927925,0.26849532844767887,0.5439512724029296,0.0,0.18067226890756302,0.9499478623566214,905,54,192,46,0.46,0.19327731092436976,0.27218934911242604,0.9436913451511991,0.056308654848800835,0.7944862155388471,0.5684843280377845,0.1975675720975621,921,38,192,46,0.5476190476190477,0.19327731092436976,0.28571428571428575,0.9603753910323254,0.03962460896767466,0.8078529657477026,0.5768263509783476,0.24007711225046652,8,1,7,6,0.14285714285714285,0.125,0.13333333333333333,2.0,8.0,8.658008658008658,693,"Sampled-label overlap, no point adjustment; delays among detected events only; no original-FPS seconds.",0.2840909090909091,0.3498426603496263,,1197,238,True
S02,0,reference_dino_frame_denoising_ae,0.99,0.8239970207214355,0.007054673721340388,0.010101010101010102,0.6017428869357963,0.27058228059927925,0.26849532844767887,0.5439512724029296,0.0,0.18067226890756302,0.9499478623566214,925,34,204,34,0.5,0.14285714285714285,0.22222222222222224,0.9645464025026069,0.035453597497393116,0.8011695906432749,0.5537017726798749,0.18518890865428445,932,27,210,28,0.509090909090909,0.11764705882352941,0.1911262798634812,0.9718456725755996,0.028154327424400417,0.8020050125313283,0.5447463656995645,0.17059690535446356,8,1,6,3,0.5,0.125,0.2,8.0,32.0,4.329004329004329,693,"Sampled-label overlap, no point adjustment; delays among detected events only; no original-FPS seconds.",0.2840909090909091,0.3498426603496263,,1197,238,True
S02,0,reference_dino_frame_denoising_ae,0.995,0.9570103287696838,0.001763668430335097,0.005772005772005772,0.6017428869357963,0.27058228059927925,0.26849532844767887,0.5439512724029296,0.0,0.18067226890756302,0.9499478623566214,930,29,215,23,0.4423076923076923,0.09663865546218488,0.15862068965517243,0.9697601668404588,0.03023983315954119,0.7961570593149541,0.5331994111513219,0.13000311047650653,938,21,221,17,0.4473684210526316,0.07142857142857142,0.12318840579710144,0.9781021897810219,0.021897810218978103,0.797827903091061,0.5247653806047967,0.11275589805048652,8,1,5,2,0.6,0.125,0.20689655172413793,8.0,32.0,2.886002886002886,693,"Sampled-label overlap, no point adjustment; delays among detected events only; no original-FPS seconds.",0.2840909090909091,0.3498426603496263,,1197,238,True
S02,0,reference_dino_frame_denoising_ae,0.999,1.4432224035263062,0.0,0.001443001443001443,0.6017428869357963,0.27058228059927925,0.26849532844767887,0.5439512724029296,0.0,0.18067226890756302,0.9499478623566214,939,20,237,1,0.047619047619047616,0.004201680672268907,0.007722007722007722,0.9791449426485923,0.020855057351407715,0.7852965747702589,0.4916733116604306,-0.05062753461299396,945,14,238,0,0.0,0.0,0.0,0.9854014598540146,0.014598540145985401,0.7894736842105263,0.4927007299270073,-0.05419395176648469,8,0,2,2,0.0,0.0,0.0,,,2.886002886002886,693,"Sampled-label overlap, no point adjustment; delays among detected events only; no original-FPS seconds.",0.2840909090909091,0.3498426603496263,,1197,238,True
S02,0,reference_dino_full_ema,0.95,1.755067202620672,0.029982363315696647,0.050505050505050504,0.6507654156553132,0.29640431319191485,0.29424374495148925,0.5494809525808018,0.0,0.18907563025210083,0.8029197080291971,841,118,186,52,0.3058823529411765,0.2184873949579832,0.2549019607843137,0.8769551616266945,0.12304483837330553,0.746031746031746,0.5477212782923389,0.10912648426386204,856,103,189,49,0.3223684210526316,0.20588235294117646,0.2512820512820513,0.8925964546402503,0.10740354535974973,0.7560568086883876,0.5492394037907133,0.11804854111115573,8,1,10,9,0.1,0.125,0.11111111111111112,2.0,8.0,12.987012987012989,693,"Sampled-label overlap, no point adjustment; delays among detected events only; no original-FPS seconds.",0.34090909090909094,0.36627679810729347,,1197,238,True
S02,0,reference_dino_full_ema,0.975,2.5089558754579544,0.012345679012345678,0.025974025974025976,0.6507654156553132,0.29640431319191485,0.29424374495148925,0.5494809525808018,0.0,0.18907563025210083,0.8029197080291971,906,53,191,47,0.47,0.19747899159663865,0.2781065088757397,0.9447340980187695,0.05526590198123045,0.7961570593149541,0.5711065448077041,0.20513229552539083,917,42,193,45,0.5172413793103449,0.18907563025210083,0.27692307692307694,0.9562043795620438,0.043795620437956206,0.8036758563074352,0.5726400049070723,0.22334823607915258,8,1,8,6,0.25,0.125,0.16666666666666666,2.0,8.0,8.658008658008658,693,"Sampled-label overlap, no point adjustment; delays among detected events only; no original-FPS seconds.",0.34090909090909094,0.36627679810729347,,1197,238,True
S02,0,reference_dino_full_ema,0.99,3.269606288902764,0.007054673721340388,0.010101010101010102,0.6507654156553132,0.29640431319191485,0.29424374495148925,0.5494809525808018,0.0,0.18907563025210083,0.8029197080291971,927,32,197,41,0.5616438356164384,0.1722689075630252,0.26366559485530544,0.9666319082377477,0.03336809176225235,0.808688387635756,0.5694504079003865,0.23166370242225287,934,25,198,40,0.6153846153846154,0.16806722689075632,0.264026402640264,0.9739311783107404,0.026068821689259645,0.8137009189640768,0.5709992026007483,0.25009289691756126,8,1,3,2,0.3333333333333333,0.125,0.18181818181818182,9.0,36.0,2.886002886002886,693,"Sampled-label overlap, no point adjustment; delays among detected events only; no original-FPS seconds.",0.34090909090909094,0.36627679810729347,,1197,238,True
S02,0,reference_dino_full_ema,0.995,3.7126227377138696,0.003527336860670194,0.005772005772005772,0.6507654156553132,0.29640431319191485,0.29424374495148925,0.5494809525808018,0.0,0.18907563025210083,0.8029197080291971,930,29,204,34,0.5396825396825397,0.14285714285714285,0.22591362126245845,0.9697601668404588,0.03023983315954119,0.8053467000835421,0.5563086548488009,0.20129182084694314,936,23,208,30,0.5660377358490566,0.12605042016806722,0.20618556701030927,0.9760166840458812,0.023983315954118872,0.8070175438596491,0.5510335521069742,0.19803074827487285,8,1,5,2,0.6,0.125,0.20689655172413793,9.0,36.0,2.886002886002886,693,"Sampled-label overlap, no point adjustment; delays among detected events only; no original-FPS seconds.",0.34090909090909094,0.36627679810729347,,1197,238,True
S02,0,reference_dino_full_ema,0.999,5.649155070944685,0.0,0.001443001443001443,0.6507654156553132,0.29640431319191485,0.29424374495148925,0.5494809525808018,0.0,0.18907563025210083,0.8029197080291971,938,21,234,4,0.16,0.01680672268907563,0.030418250950570342,0.9781021897810219,0.021897810218978103,0.7869674185463659,0.4974544562350488,-0.014209360599981126,943,16,235,3,0.15789473684210525,0.012605042016806723,0.023346303501945526,0.9833159541188738,0.016684045881126174,0.7903091060985797,0.49796049806784026,-0.01302574143866176,8,1,3,2,0.3333333333333333,0.125,0.18181818181818182,23.0,92.0,2.886002886002886,693,"Sampled-label overlap, no point adjustment; delays among detected events only; no original-FPS seconds.",0.34090909090909094,0.36627679810729347,,1197,238,True
S03,0,prototype64,0.95,0.07139915972948074,0.0042941492216854536,0.05006587615283267,0.7445251555603731,0.4037148112630373,0.40298848304936197,0.5044527446424532,0.01287128712871287,0.054455445544554455,0.6637016763599042,2692,231,913,97,0.29573170731707316,0.09603960396039604,0.14499252615844543,0.9209716045159083,0.07902839548409168,0.7091278921942538,0.5085056042381522,0.026879470246147123,2730,193,942,68,0.26053639846743293,0.06732673267326733,0.1070023603461841,0.9339719466301745,0.06602805336982552,0.7114162217137046,0.5006493396517209,0.002279320644397288,10,5,24,14,0.4166666666666667,0.5,0.45454545454545453,20.0,80.0,6.977992485238862,1863,"Sampled-label overlap, no point adjustment; delays among detected events only; no original-FPS seconds.",0.47777777777777775,0.5186361299519194,,3933,1010,True
S03,0,prototype64,0.975,0.08019185811281204,0.0,0.025032938076416336,0.7445251555603731,0.4037148112630373,0.40298848304936197,0.5044527446424532,0.01287128712871287,0.054455445544554455,0.6637016763599042,2790,133,959,51,0.27717391304347827,0.0504950495049505,0.08542713567839197,0.9544988026000685,0.045501197399931574,0.7223493516399695,0.5024969260525095,0.010331042288164354,2813,110,974,36,0.2465753424657534,0.03564356435643564,0.06228373702422145,0.9623674307218612,0.0376325692781389,0.7243834223239257,0.4990054975391484,-0.004596072511717497,10,2,17,12,0.29411764705882354,0.2,0.2380952380952381,32.0,128.0,6.4412238325281805,1863,"Sampled-label overlap, no point adjustment; delays among detected events only; no original-FPS seconds.",0.47777777777777775,0.5186361299519194,,3933,1010,True
S03,0,prototype64,0.99,0.09206708520650864,0.0,0.010101010101010102,0.7445251555603731,0.4037148112630373,0.40298848304936197,0.5044527446424532,0.01287128712871287,0.054455445544554455,0.6637016763599042,2853,70,990,20,0.2222222222222222,0.019801980198019802,0.03636363636363636,0.976052001368457,0.023947998631542934,0.7304856343757946,0.49792699078323843,-0.012112948654227837,2873,50,991,19,0.2753623188405797,0.01881188118811881,0.03521779425393883,0.982894286691755,0.017105713308244955,0.7353165522501907,0.5008530839399369,0.005677455671911457,10,1,6,5,0.16666666666666666,0.1,0.125,8.0,32.0,2.683843263553409,1863,"Sampled-label overlap, no point adjustment; delays among detected events only; no original-FPS seconds.",0.47777777777777775,0.5186361299519194,,3933,1010,True
S03,0,prototype64,0.995,0.09984023869037628,0.0,0.005270092226613966,0.7445251555603731,0.4037148112630373,0.40298848304936197,0.5044527446424532,0.01287128712871287,0.054455445544554455,0.6637016763599042,2883,40,994,16,0.2857142857142857,0.015841584158415842,0.0300187617260788,0.986315429353404,0.013684570646595963,0.7370963640986524,0.5010785067559099,0.007954008415690743,2899,24,996,14,0.3684210526315789,0.013861386138613862,0.026717557251908396,0.9917892576120424,0.008210742387957578,0.7406559877955758,0.5028253218753281,0.025236405262783517,10,1,5,3,0.4,0.1,0.16000000000000003,8.0,32.0,1.6103059581320451,1863,"Sampled-label overlap, no point adjustment; delays among detected events only; no original-FPS seconds.",0.47777777777777775,0.5186361299519194,,3933,1010,True
S03,0,prototype64,0.999,0.11362957209348679,0.0,0.0013175230566534915,0.7445251555603731,0.4037148112630373,0.40298848304936197,0.5044527446424532,0.01287128712871287,0.054455445544554455,0.6637016763599042,2902,21,1000,10,0.3225806451612903,0.009900990099009901,0.01921229586935639,0.9928156004105371,0.007184399589462881,0.7404017289600814,0.5013582952547735,0.013420688436707308,2907,16,1003,7,0.30434782608695654,0.006930693069306931,0.013552758954501452,0.9945261717413616,0.005473828258638385,0.7409102466310704,0.5007284324053343,0.008347223677303157,10,1,6,3,0.5,0.1,0.16666666666666669,9.0,36.0,1.6103059581320451,1863,"Sampled-label overlap, no point adjustment; delays among detected events only; no original-FPS seconds.",0.47777777777777775,0.5186361299519194,,3933,1010,True
S03,0,prototype256,0.95,0.04560155048966408,0.03435319377348363,0.05006587615283267,0.7801734620947556,0.44966372860478704,0.44886077059337054,0.5266356190690463,0.01485148514851485,0.07425742574257425,0.5778309955525145,2416,507,487,523,0.5077669902912622,0.5178217821782178,0.5127450980392158,0.8265480670543962,0.17345193294560382,0.7472667175184338,0.672184924616307,0.34218272834603125,2453,470,512,498,0.5144628099173554,0.49306930693069306,0.5035389282103134,0.8392062949024974,0.16079370509750257,0.7503178235443682,0.6661378009165952,0.3369950489411398,10,9,38,19,0.5,0.9,0.6428571428571429,9.0,36.0,9.66183574879227,1863,"Sampled-label overlap, no point adjustment; delays among detected events only; no original-FPS seconds.",0.4888888888888889,0.524191685507475,,3933,1010,True
S03,0,prototype256,0.975,0.05779525265097618,0.017713365539452495,0.025032938076416336,0.7801734620947556,0.44966372860478704,0.44886077059337054,0.5266356190690463,0.01485148514851485,0.07425742574257425,0.5778309955525145,2613,310,704,306,0.4967532467532468,0.30297029702970296,0.3763837638376384,0.8939445774888812,0.10605542251111871,0.7421815408085431,0.5984574372592921,0.2366957858359941,2655,268,736,274,0.5055350553505535,0.2712871287128713,0.35309278350515466,0.9083133766678071,0.09168662333219295,0.7447241291634884,0.5898002526903392,0.22762455554682423,10,8,29,15,0.4827586206896552,0.8,0.6021505376344086,15.0,60.0,7.514761137949544,1863,"Sampled-label overlap, no point adjustment; delays among detected events only; no original-FPS seconds.",0.4888888888888889,0.524191685507475,,3933,1010,True
S03,0,prototype256,0.99,0.0706426352262497,0.00322061191626409,0.010101010101010102,0.7801734620947556,0.44966372860478704,0.44886077059337054,0.5266356190690463,0.01485148514851485,0.07425742574257425,0.5778309955525145,2753,170,920,90,0.34615384615384615,0.0891089108910891,0.14173228346456693,0.9418405747519671,0.058159425248032845,0.7228578693109585,0.5154747428215282,0.054416598623864304,2784,139,946,64,0.31527093596059114,0.06336633663366337,0.1055234954657873,0.952446117003079,0.047553882996920975,0.7241291634884313,0.5079062268183712,0.031222805585409307,10,5,22,12,0.45454545454545453,0.5,0.47619047619047616,20.0,80.0,5.904455179817499,1863,"Sampled-label overlap, no point adjustment; delays among detected events only; no original-FPS seconds.",0.4888888888888889,0.524191685507475,,3933,1010,True
S03,0,prototype256,0.995,0.07721885293722153,0.0005367686527106817,0.005270092226613966,0.7801734620947556,0.44966372860478704,0.44886077059337054,0.5266356190690463,0.01485148514851485,0.07425742574257425,0.5778309955525145,2803,120,954,56,0.3181818181818182,0.055445544554455446,0.09443507588532885,0.9589462880602121,0.041053711939787886,0.7269260106788711,0.5071959163073337,0.030409848911810686,2825,98,968,42,0.3,0.041584158415841586,0.07304347826086957,0.9664728019158398,0.03352719808416011,0.7289600813628273,0.5040284801658407,0.01899725624625889,10,2,17,10,0.4117647058823529,0.2,0.2692307692307692,31.5,126.0,4.830917874396135,1863,"Sampled-label overlap, no point adjustment; delays among detected events only; no original-FPS seconds.",0.4888888888888889,0.524191685507475,,3933,1010,True
S03,0,prototype256,0.999,0.09781135618686676,0.0,0.0013175230566534915,0.7801734620947556,0.44966372860478704,0.44886077059337054,0.5266356190690463,0.01485148514851485,0.07425742574257425,0.5778309955525145,2900,23,995,15,0.39473684210526316,0.01485148514851485,0.028625954198473278,0.9921313718782073,0.00786862812179268,0.741164505466565,0.503491428513361,0.03118621834865617,2906,17,997,13,0.43333333333333335,0.01287128712871287,0.024999999999999994,0.9941840574751967,0.005815942524803284,0.7421815408085431,0.5035276723019547,0.03542692210396345,10,1,6,4,0.3333333333333333,0.1,0.15384615384615383,8.0,32.0,2.147074610842727,1863,"Sampled-label overlap, no point adjustment; delays among detected events only; no original-FPS seconds.",0.4888888888888889,0.524191685507475,,3933,1010,True
S03,0,prototype_motion,0.95,1.4804410934448242,0.04777241009125067,0.05006587615283267,0.6816567476111277,0.367588853090502,0.3668920893313809,0.5136974957556616,0.01485148514851485,0.0702970297029703,0.8039685254875129,2404,519,654,356,0.40685714285714286,0.35247524752475246,0.37771883289124664,0.8224426958604174,0.17755730413958262,0.7017543859649122,0.5874589716925849,0.1837327984927436,2524,399,692,318,0.4435146443514644,0.31485148514851485,0.3682686740011581,0.8634964078002053,0.13650359219979474,0.7226036104754641,0.58917394647436,0.20180200624562694,10,8,44,24,0.45454545454545453,0.8,0.5797101449275363,12.5,50.0,12.345679012345679,1863,"Sampled-label overlap, no point adjustment; delays among detected events only; no original-FPS seconds.",0.4,0.4943776106934002,,3933,1010,True
S03,0,prototype_motion,0.975,1.8967305421829224,0.01288244766505636,0.025032938076416336,0.6816567476111277,0.367588853090502,0.3668920893313809,0.5136974957556616,0.01485148514851485,0.0702970297029703,0.8039685254875129,2615,308,831,179,0.3675564681724846,0.17722772277227722,0.23914495657982632,0.8946288060212111,0.10537119397878891,0.7103991863717264,0.5359282643967441,0.095305773650766,2686,237,863,147,0.3828125,0.14554455445544554,0.21090387374461977,0.918918918918919,0.08108108108108109,0.7203152809560133,0.5322317366871823,0.09487901882482801,10,6,34,19,0.4411764705882353,0.6,0.5084745762711865,14.0,56.0,9.12506709608159,1863,"Sampled-label overlap, no point adjustment; delays among detected events only; no original-FPS seconds.",0.4,0.4943776106934002,,3933,1010,True
S03,0,prototype_motion,0.99,2.492158889770508,0.0021470746108427268,0.010101010101010102,0.6816567476111277,0.367588853090502,0.3668920893313809,0.5136974957556616,0.01485148514851485,0.0702970297029703,0.8039685254875129,2820,103,959,51,0.33116883116883117,0.0504950495049505,0.08762886597938145,0.9647622305850154,0.035237769414984604,0.7299771167048055,0.507628640044983,0.034363976010737825,2854,69,975,35,0.33653846153846156,0.034653465346534656,0.06283662477558348,0.976394115634622,0.023605884365378037,0.7345537757437071,0.5055237904905783,0.03008035348262735,10,3,15,9,0.4,0.3,0.34285714285714286,15.0,60.0,4.830917874396135,1863,"Sampled-label overlap, no point adjustment; delays among detected events only; no original-FPS seconds.",0.4,0.4943776106934002,,3933,1010,True
S03,0,prototype_motion,0.995,2.8880813121795654,0.001610305958132045,0.005270092226613966,0.6816567476111277,0.367588853090502,0.3668920893313809,0.5136974957556616,0.01485148514851485,0.0702970297029703,0.8039685254875129,2872,51,986,24,0.32,0.023762376237623763,0.04423963133640553,0.9825521724255901,0.017447827574409852,0.7363335875921688,0.503157274331607,0.020169989202252596,2887,36,996,14,0.28,0.013861386138613862,0.02641509433962264,0.9876838864180636,0.012316113581936367,0.7376048817696415,0.5007726362783387,0.006025755265398618,10,1,6,4,0.3333333333333333,0.1,0.15384615384615383,8.0,32.0,2.147074610842727,1863,"Sampled-label overlap, no point adjustment; delays among detected events only; no original-FPS seconds.",0.4,0.4943776106934002,,3933,1010,True
S03,0,prototype_motion,0.999,3.6185593605041504,0.0005367686527106817,0.0013175230566534915,0.6816567476111277,0.367588853090502,0.3668920893313809,0.5136974957556616,0.01485148514851485,0.0702970297029703,0.8039685254875129,2910,13,1007,3,0.1875,0.0029702970297029703,0.0058479532163742695,0.9955525145398563,0.004447485460143688,0.7406559877955758,0.4992614057847796,-0.010138511894215762,2913,10,1010,0,0.0,0.0,0.0,0.996578857338351,0.0034211426616489907,0.7406559877955758,0.4982894286691755,-0.029678170475446877,10,0,2,2,0.0,0.0,0.0,,,1.0735373054213635,1863,"Sampled-label overlap, no point adjustment; delays among detected events only; no original-FPS seconds.",0.4,0.4943776106934002,,3933,1010,True
S03,0,prototype_motion_ema,0.95,1.4222018250727604,0.04186795491143317,0.05006587615283267,0.6893775213990779,0.37787975980718047,0.3771427099512764,0.5131954666918157,0.013861386138613862,0.06336633663366337,0.7813889839206295,2420,503,606,404,0.4454244762954796,0.4,0.4214919144496609,0.8279165241190558,0.17208347588094425,0.7180269514365624,0.6139582620595279,0.23638112878525663,2461,462,628,382,0.45260663507109006,0.3782178217821782,0.41208198489751885,0.8419432090318166,0.15805679096818337,0.7228578693109585,0.6100805154069975,0.23428008184372398,10,8,39,23,0.41025641025641024,0.8,0.5423728813559321,12.0,48.0,12.345679012345679,1863,"Sampled-label overlap, no point adjustment; delays among detected events only; no original-FPS seconds.",0.4777777777777778,0.5255455603907616,,3933,1010,True
S03,0,prototype_motion_ema,0.975,1.8473137804380866,0.00966183574879227,0.025032938076416336,0.6893775213990779,0.37787975980718047,0.3771427099512764,0.5131954666918157,0.013861386138613862,0.06336633663366337,0.7813889839206295,2629,294,813,197,0.40122199592668023,0.19504950495049506,0.262491672218521,0.8994184057475196,0.10058159425248032,0.7185354691075515,0.5472339553490073,0.12485709492322754,2658,265,829,181,0.40582959641255606,0.1792079207920792,0.2486263736263736,0.9093397194663018,0.09066028053369826,0.7218408339689805,0.5442738201291905,0.12199967774652327,10,7,28,13,0.5357142857142857,0.7,0.606936416184971,16.0,64.0,6.4412238325281805,1863,"Sampled-label overlap, no point adjustment; delays among detected events only; no original-FPS seconds.",0.4777777777777778,0.5255455603907616,,3933,1010,True
S03,0,prototype_motion_ema,0.99,2.3702201736352335,0.0,0.010101010101010102,0.6893775213990779,0.37787975980718047,0.3771427099512764,0.5131954666918157,0.013861386138613862,0.06336633663366337,0.7813889839206295,2802,121,960,50,0.29239766081871343,0.04950495049504951,0.0846740050804403,0.9586041737940472,0.041395826205952786,0.7251461988304093,0.5040545621445484,0.01737167119921012,2813,110,970,40,0.26666666666666666,0.039603960396039604,0.06896551724137932,0.9623674307218612,0.0376325692781389,0.7254004576659039,0.5009856955589503,0.004496598278813983,10,4,15,8,0.4666666666666667,0.4,0.4307692307692308,47.5,190.0,4.294149221685454,1863,"Sampled-label overlap, no point adjustment; delays among detected events only; no original-FPS seconds.",0.4777777777777778,0.5255455603907616,,3933,1010,True
S03,0,prototype_motion_ema,0.995,2.8267636836110017,0.0,0.005270092226613966,0.6893775213990779,0.37787975980718047,0.3771427099512764,0.5131954666918157,0.013861386138613862,0.06336633663366337,0.7813889839206295,2883,40,993,17,0.2982456140350877,0.016831683168316833,0.031865042174320526,0.986315429353404,0.013684570646595963,0.737350622934147,0.5015735562608604,0.011504243182737392,2889,34,995,15,0.30612244897959184,0.01485148514851485,0.028328611898016994,0.9883681149503935,0.011631885049606569,0.738367658276125,0.5016098000494541,0.012680587524437402,10,1,6,4,0.3333333333333333,0.1,0.15384615384615383,8.0,32.0,2.147074610842727,1863,"Sampled-label overlap, no point adjustment; delays among detected events only; no original-FPS seconds.",0.4777777777777778,0.5255455603907616,,3933,1010,True
S03,0,prototype_motion_ema,0.999,3.38267584972475,0.0,0.0013175230566534915,0.6893775213990779,0.37787975980718047,0.3771427099512764,0.5131954666918157,0.013861386138613862,0.06336633663366337,0.7813889839206295,2910,13,1004,6,0.3157894736842105,0.005940594059405941,0.011661807580174927,0.9955525145398563,0.004447485460143688,0.7414187643020596,0.5007465542996311,0.00940760945967381,2912,11,1004,6,0.35294117647058826,0.005940594059405941,0.011684518013631939,0.9962367430721861,0.00376325692781389,0.7419272819730486,0.501088668565796,0.01449956493528027,10,1,3,2,0.3333333333333333,0.1,0.15384615384615383,9.0,36.0,1.0735373054213635,1863,"Sampled-label overlap, no point adjustment; delays among detected events only; no original-FPS seconds.",0.4777777777777778,0.5255455603907616,,3933,1010,True
S03,0,prototype_fewshot3,0.95,0.16478580236434937,0.10681696188942566,0.05006587615283267,0.43060787946738566,0.21094873999457903,0.21073810906574214,0.47368421052631576,0.0,0.0,0.7612042422169004,2530,393,1010,0,0.0,0.0,0.0,0.8655490933971947,0.13445090660280534,0.6432748538011696,0.43277454669859733,-0.19585782320882622,2565,358,1010,0,0.0,0.0,0.0,0.8775230927129661,0.12247690728703386,0.6521739130434783,0.43876154635648307,-0.18601577221639007,10,0,20,20,0.0,0.0,0.0,,,10.735373054213635,1863,"Sampled-label overlap, no point adjustment; delays among detected events only; no original-FPS seconds.",0.044444444444444446,0.3597724038087815,,3933,1010,True
S03,0,prototype_fewshot3,0.975,0.18702170252799988,0.04186795491143317,0.025032938076416336,0.43060787946738566,0.21094873999457903,0.21073810906574214,0.47368421052631576,0.0,0.0,0.7612042422169004,2740,183,1010,0,0.0,0.0,0.0,0.9373930892918235,0.06260691070817653,0.6966692092550216,0.46869654464591176,-0.12985425657534505,2796,127,1010,0,0.0,0.0,0.0,0.9565514881970578,0.04344851180294218,0.7109077040427155,0.4782757440985289,-0.10737761357592192,10,0,21,21,0.0,0.0,0.0,,,11.272141706924316,1863,"Sampled-label overlap, no point adjustment; delays among detected events only; no original-FPS seconds.",0.044444444444444446,0.3597724038087815,,3933,1010,True
S03,0,prototype_fewshot3,0.99,0.20601655542850494,0.013419216317767043,0.010101010101010102,0.43060787946738566,0.21094873999457903,0.21073810906574214,0.47368421052631576,0.0,0.0,0.7612042422169004,2863,60,1010,0,0.0,0.0,0.0,0.9794731440301061,0.020526855969893943,0.7279430460208492,0.48973657201505305,-0.0731641204268843,2904,19,1010,0,0.0,0.0,0.0,0.9934998289428669,0.006500171057133082,0.738367658276125,0.49674991447143346,-0.04095554118220064,10,0,5,5,0.0,0.0,0.0,,,2.683843263553409,1863,"Sampled-label overlap, no point adjustment; delays among detected events only; no original-FPS seconds.",0.044444444444444446,0.3597724038087815,,3933,1010,True
S03,0,prototype_fewshot3,0.995,0.21389178931713104,0.008588298443370907,0.005270092226613966,0.43060787946738566,0.21094873999457903,0.21073810906574214,0.47368421052631576,0.0,0.0,0.7612042422169004,2885,38,1010,0,0.0,0.0,0.0,0.9869996578857338,0.013000342114266164,0.733536740401729,0.4934998289428669,-0.05806097793943361,2919,4,1010,0,0.0,0.0,0.0,0.9986315429353404,0.0013684570646595963,0.7421815408085431,0.4993157714676702,-0.018755785636979293,10,0,2,2,0.0,0.0,0.0,,,1.0735373054213635,1863,"Sampled-label overlap, no point adjustment; delays among detected events only; no original-FPS seconds.",0.044444444444444446,0.3597724038087815,,3933,1010,True
S03,0,prototype_fewshot3,0.999,0.22915852069854736,0.001610305958132045,0.0013175230566534915,0.43060787946738566,0.21094873999457903,0.21073810906574214,0.47368421052631576,0.0,0.0,0.7612042422169004,2914,9,1010,0,0.0,0.0,0.0,0.9969209716045159,0.003079028395484092,0.7409102466310704,0.49846048580225794,-0.02815159685640367,2923,0,1010,0,0.0,0.0,0.0,1.0,0.0,0.7431985761505212,0.5,0.0,10,0,0,0,0.0,0.0,0.0,,,0.0,1863,"Sampled-label overlap, no point adjustment; delays among detected events only; no original-FPS seconds.",0.044444444444444446,0.3597724038087815,,3933,1010,True
S03,0,prototype_neural,0.95,1.8580996990203857,0.033816425120772944,0.05006587615283267,0.8247995582999968,0.4988057867120235,0.49798382504791827,0.5368304102679206,0.01782178217821782,0.07425742574257425,0.4546698597331509,2462,461,398,612,0.570363466915191,0.6059405940594059,0.5876140182429188,0.8422853232979816,0.15771467670201847,0.7815916603101958,0.7241129586786937,0.439631883957602,2483,440,436,574,0.5660749506903353,0.5683168316831683,0.567193675889328,0.8494697228874444,0.1505302771125556,0.7772692601067888,0.7088932772853063,0.41724729394912186,10,9,30,10,0.6666666666666666,0.9,0.7659574468085106,9.0,36.0,5.367686527106818,1863,"Sampled-label overlap, no point adjustment; delays among detected events only; no original-FPS seconds.",0.5444444444444445,0.5527758790916686,,3933,1010,True
S03,0,prototype_neural,0.975,2.5579354763031006,0.017176596886741814,0.025032938076416336,0.8247995582999968,0.4988057867120235,0.49798382504791827,0.5368304102679206,0.01782178217821782,0.07425742574257425,0.4546698597331509,2632,291,687,323,0.5260586319218241,0.3198019801980198,0.3977832512315271,0.9004447485460144,0.09955525145398564,0.7513348588863463,0.6101233643720171,0.265092077998074,2656,267,716,294,0.5240641711229946,0.29108910891089107,0.3742838956078931,0.9086554909339719,0.09134450906602805,0.7500635647088736,0.5998722999224315,0.24953124176889135,10,8,25,9,0.64,0.8,0.7111111111111111,14.0,56.0,4.830917874396135,1863,"Sampled-label overlap, no point adjustment; delays among detected events only; no original-FPS seconds.",0.5444444444444445,0.5527758790916686,,3933,1010,True
S03,0,prototype_neural,0.99,3.299861431121826,0.004830917874396135,0.010101010101010102,0.8247995582999968,0.4988057867120235,0.49798382504791827,0.5368304102679206,0.01782178217821782,0.07425742574257425,0.4546698597331509,2759,164,921,89,0.35177865612648224,0.08811881188118811,0.14093428345209816,0.9438932603489566,0.05610673965104345,0.7241291634884313,0.5160060361150723,0.057003918801576875,2784,139,944,66,0.32195121951219513,0.06534653465346535,0.10864197530864197,0.952446117003079,0.047553882996920975,0.7246376811594203,0.5088963258282722,0.03497042323408525,10,4,25,14,0.44,0.4,0.41904761904761906,16.5,66.0,6.4412238325281805,1863,"Sampled-label overlap, no point adjustment; delays among detected events only; no original-FPS seconds.",0.5444444444444445,0.5527758790916686,,3933,1010,True
S03,0,prototype_neural,0.995,3.7926416397094727,0.001610305958132045,0.005270092226613966,0.8247995582999968,0.4988057867120235,0.49798382504791827,0.5368304102679206,0.01782178217821782,0.07425742574257425,0.4546698597331509,2848,75,977,33,0.3055555555555556,0.032673267326732675,0.059033989266547404,0.9743414300376325,0.02565856996236743,0.7325197050597508,0.5035073486821826,0.018752381771980343,2871,52,985,25,0.3246753246753247,0.024752475247524754,0.045998160073597055,0.9822100581594253,0.017789941840574752,0.7363335875921688,0.503481266703475,0.02195475076902524,10,2,8,5,0.375,0.2,0.26086956521739135,32.0,128.0,2.147074610842727,1863,"Sampled-label overlap, no point adjustment; delays among detected events only; no original-FPS seconds.",0.5444444444444445,0.5527758790916686,,3933,1010,True
S03,0,prototype_neural,0.999,4.418365001678467,0.0,0.0013175230566534915,0.8247995582999968,0.4988057867120235,0.49798382504791827,0.5368304102679206,0.01782178217821782,0.07425742574257425,0.4546698597331509,2881,42,991,19,0.3114754098360656,0.01881188118811881,0.035480859010270774,0.9856312008210742,0.014368799178925761,0.737350622934147,0.5022215410045965,0.015708214829156287,2891,32,991,19,0.37254901960784315,0.01881188118811881,0.03581526861451461,0.9890523434827232,0.01094765651727677,0.7398932112890922,0.503932112335421,0.030368137227024146,10,1,4,3,0.25,0.1,0.14285714285714288,7.0,28.0,1.6103059581320451,1863,"Sampled-label overlap, no point adjustment; delays among detected events only; no original-FPS seconds.",0.5444444444444445,0.5527758790916686,,3933,1010,True
S03,0,prototype_neural_ema,0.95,1.811688217847774,0.03327965646806227,0.05006587615283267,0.8276357194392034,0.4991018073929799,0.49830084705662553,0.5319998067473348,0.01881188118811881,0.06633663366336634,0.42216900444748545,2461,462,385,625,0.5749770009199632,0.6188118811881188,0.5960896518836433,0.8419432090318166,0.15805679096818337,0.7846427663361302,0.7303775451099677,0.4501041492483209,2476,447,409,601,0.5734732824427481,0.595049504950495,0.5840621963070943,0.8470749230242901,0.1529250769757099,0.7823544368166794,0.7210622139873926,0.436883915088738,10,9,26,9,0.6538461538461539,0.9,0.7574257425742574,9.0,36.0,4.830917874396135,1863,"Sampled-label overlap, no point adjustment; delays among detected events only; no original-FPS seconds.",0.5444444444444445,0.5527758790916686,,3933,1010,True
S03,0,prototype_neural_ema,0.975,2.4614986739221023,0.01825013419216318,0.025032938076416336,0.8276357194392034,0.4991018073929799,0.49830084705662553,0.5319998067473348,0.01881188118811881,0.06633663366336634,0.42216900444748545,2626,297,661,349,0.5402476780185759,0.3455445544554455,0.4214975845410628,0.898392062949025,0.10160793705097503,0.7564200355962369,0.6219683087022352,0.287631191829576,2642,281,686,324,0.5355371900826447,0.3207920792079208,0.40123839009287926,0.9038658912076634,0.09613410879233664,0.7541317060767861,0.6123289852077921,0.27203675113433357,10,8,23,8,0.6521739130434783,0.8,0.718562874251497,13.5,54.0,4.294149221685454,1863,"Sampled-label overlap, no point adjustment; delays among detected events only; no original-FPS seconds.",0.5444444444444445,0.5527758790916686,,3933,1010,True
S03,0,prototype_neural_ema,0.99,3.2318584470306564,0.005904455179817499,0.010101010101010102,0.8276357194392034,0.4991018073929799,0.49830084705662553,0.5319998067473348,0.01881188118811881,0.06633663366336634,0.42216900444748545,2746,177,917,93,0.34444444444444444,0.09207920792079208,0.1453125,0.9394457748888129,0.06055422511118714,0.7218408339689805,0.5157624914048025,0.054466517939300206,2761,162,928,82,0.3360655737704918,0.08118811881188119,0.13078149920255183,0.9445774888812863,0.05542251111871365,0.7228578693109585,0.5128828038465838,0.046662310983890586,10,4,19,11,0.42105263157894735,0.4,0.41025641025641024,17.0,68.0,4.294149221685454,1863,"Sampled-label overlap, no point adjustment; delays among detected events only; no original-FPS seconds.",0.5444444444444445,0.5527758790916686,,3933,1010,True
S03,0,prototype_neural_ema,0.995,3.615642425471229,0.0021470746108427268,0.005270092226613966,0.8276357194392034,0.4991018073929799,0.49830084705662553,0.5319998067473348,0.01881188118811881,0.06633663366336634,0.42216900444748545,2835,88,974,36,0.2903225806451613,0.03564356435643564,0.06349206349206349,0.9698939445774889,0.03010605542251112,0.7299771167048055,0.5027687544669622,0.013844370254121656,2859,64,980,30,0.3191489361702128,0.0297029702970297,0.05434782608695652,0.9781046869654465,0.02189531303455354,0.7345537757437071,0.5039038286312381,0.022331754881966585,10,2,10,6,0.4,0.2,0.26666666666666666,33.5,134.0,3.2206119162640903,1863,"Sampled-label overlap, no point adjustment; delays among detected events only; no original-FPS seconds.",0.5444444444444445,0.5527758790916686,,3933,1010,True
S03,0,prototype_neural_ema,0.999,4.161608242991063,0.0,0.0013175230566534915,0.8276357194392034,0.4991018073929799,0.49830084705662553,0.5319998067473348,0.01881188118811881,0.06633663366336634,0.42216900444748545,2876,47,989,21,0.3088235294117647,0.020792079207920793,0.03896103896103896,0.9839206294902497,0.016079370509750255,0.7365878464276634,0.5023563543490852,0.015794885612990636,2879,44,990,20,0.3125,0.019801980198019802,0.037243947858473,0.9849469722887444,0.01505302771125556,0.7370963640986524,0.502374476243382,0.01639772380906335,10,1,4,3,0.25,0.1,0.14285714285714288,8.0,32.0,1.6103059581320451,1863,"Sampled-label overlap, no point adjustment; delays among detected events only; no original-FPS seconds.",0.5444444444444445,0.5527758790916686,,3933,1010,True
S03,0,reference_dino_global_pca,0.95,0.009561893530189991,0.01878690284487386,0.05006587615283267,0.827414530710683,0.4868425414491976,0.48582021542395215,0.5156064897953144,0.015841584158415842,0.03861386138613861,0.3568251796099897,2579,344,688,322,0.48348348348348347,0.3188118811881188,0.3842482100238664,0.8823126924392747,0.11768730756072528,0.7376048817696415,0.6005622868136967,0.23427640395912874,2626,297,742,268,0.4743362831858407,0.26534653465346536,0.34031746031746035,0.898392062949025,0.10160793705097503,0.7358250699211798,0.5818692988012452,0.20394633047984248,10,9,35,14,0.6,0.9,0.7200000000000001,13.0,52.0,6.977992485238862,1863,"Sampled-label overlap, no point adjustment; delays among detected events only; no original-FPS seconds.",0.5666666666666667,0.6077209340367234,,3933,1010,True
S03,0,reference_dino_global_pca,0.975,0.012157413177192211,0.00644122383252818,0.025032938076416336,0.827414530710683,0.4868425414491976,0.48582021542395215,0.5156064897953144,0.015841584158415842,0.03861386138613861,0.3568251796099897,2707,216,881,129,0.3739130434782609,0.12772277227722773,0.1904059040590406,0.9261033185083818,0.0738966814916182,0.7210780574624969,0.5269130453928048,0.08312509782536175,2725,198,896,114,0.36538461538461536,0.11287128712871287,0.1724659606656581,0.9322613752993499,0.06773862470065002,0.7218408339689805,0.5225663312140314,0.07295826354767816,10,4,15,8,0.4666666666666667,0.4,0.4307692307692308,13.5,54.0,3.757380568974772,1863,"Sampled-label overlap, no point adjustment; delays among detected events only; no original-FPS seconds.",0.5666666666666667,0.6077209340367234,,3933,1010,True
S03,0,reference_dino_global_pca,0.99,0.014585241675376892,0.001610305958132045,0.010101010101010102,0.827414530710683,0.4868425414491976,0.48582021542395215,0.5156064897953144,0.015841584158415842,0.03861386138613861,0.3568251796099897,2776,147,971,39,0.20967741935483872,0.03861386138613861,0.06521739130434782,0.9497092028737598,0.05029079712624016,0.7157386219171116,0.49416153212994923,-0.02403287159875496,2798,125,984,26,0.17218543046357615,0.02574257425742574,0.044788975021533166,0.9572357167293876,0.04276428327061239,0.7180269514365624,0.49148914549340667,-0.038701608969721704,10,3,7,4,0.42857142857142855,0.3,0.3529411764705882,22.0,88.0,2.147074610842727,1863,"Sampled-label overlap, no point adjustment; delays among detected events only; no original-FPS seconds.",0.5666666666666667,0.6077209340367234,,3933,1010,True
S03,0,reference_dino_global_pca,0.995,0.015902429819107056,0.0005367686527106817,0.005270092226613966,0.827414530710683,0.4868425414491976,0.48582021542395215,0.5156064897953144,0.015841584158415842,0.03861386138613861,0.3568251796099897,2797,126,986,24,0.16,0.023762376237623763,0.04137931034482759,0.9568936024632227,0.04310639753677729,0.7172641749300788,0.49032798935042327,-0.04412229115232112,2806,117,990,20,0.145985401459854,0.019801980198019802,0.03487358326068003,0.9599726308587068,0.04002736914129319,0.7185354691075515,0.4898873055283633,-0.04818907512801978,10,1,6,5,0.16666666666666666,0.1,0.125,7.0,28.0,2.683843263553409,1863,"Sampled-label overlap, no point adjustment; delays among detected events only; no original-FPS seconds.",0.5666666666666667,0.6077209340367234,,3933,1010,True
S03,0,reference_dino_global_pca,0.999,0.019688986241817474,0.0,0.0013175230566534915,0.827414530710683,0.4868425414491976,0.48582021542395215,0.5156064897953144,0.015841584158415842,0.03861386138613861,0.3568251796099897,2866,57,991,19,0.25,0.01881188118811881,0.03499079189686924,0.9804994868286008,0.019500513171399246,0.733536740401729,0.4996556840083598,-0.002185398640103412,2882,41,992,18,0.3050847457627119,0.01782178217821782,0.03367633302151543,0.9859733150872392,0.014026684912760863,0.737350622934147,0.5018975486327285,0.013639303443953778,10,1,4,3,0.25,0.1,0.14285714285714288,8.0,32.0,1.6103059581320451,1863,"Sampled-label overlap, no point adjustment; delays among detected events only; no original-FPS seconds.",0.5666666666666667,0.6077209340367234,,3933,1010,True
S03,0,reference_dino_frame_denoising_ae,0.95,0.24998269975185394,0.029522275899087493,0.05006587615283267,0.8527130338760869,0.5349724792324859,0.5340991560400572,0.5406048986698191,0.015841584158415842,0.08316831683168317,0.4125898049948683,2527,396,343,667,0.6274694261523989,0.6603960396039604,0.643511818620357,0.8645227505987,0.13547724940130004,0.8121027205695398,0.7624593951013302,0.5163683715984122,2554,369,392,618,0.6261398176291794,0.6118811881188119,0.6189283925888833,0.8737598357851523,0.12624016421484777,0.80650902618866,0.7428205119519821,0.4893454032668547,10,9,30,7,0.7666666666666667,0.9,0.8280000000000001,9.0,36.0,3.757380568974772,1863,"Sampled-label overlap, no point adjustment; delays among detected events only; no original-FPS seconds.",0.5555555555555556,0.5577209340367235,,3933,1010,True
S03,0,reference_dino_frame_denoising_ae,0.975,0.3179783821105957,0.020397208803005905,0.025032938076416336,0.8527130338760869,0.5349724792324859,0.5340991560400572,0.5406048986698191,0.015841584158415842,0.08316831683168317,0.4125898049948683,2635,288,645,365,0.55895865237366,0.3613861386138614,0.43896572459410704,0.9014710913445091,0.09852890865549094,0.7627765064836003,0.6314286149791852,0.3086039702040189,2646,277,700,310,0.5281090289608177,0.3069306930693069,0.38822792736380707,0.905234348272323,0.09476565172767705,0.7515891177218408,0.6060825206708149,0.260115901186154,10,9,32,7,0.78125,0.9,0.8364312267657993,13.0,52.0,3.757380568974772,1863,"Sampled-label overlap, no point adjustment; delays among detected events only; no original-FPS seconds.",0.5555555555555556,0.5577209340367235,,3933,1010,True
S03,0,reference_dino_frame_denoising_ae,0.99,0.3992694914340973,0.007514761137949544,0.010101010101010102,0.8527130338760869,0.5349724792324859,0.5340991560400572,0.5406048986698191,0.015841584158415842,0.08316831683168317,0.4125898049948683,2765,158,911,99,0.3852140077821012,0.09801980198019802,0.15627466456195738,0.9459459459459459,0.05405405405405406,0.7281973048563437,0.521982873963072,0.0777204393771568,2793,130,926,84,0.3925233644859813,0.08316831683168317,0.1372549019607843,0.9555251453985631,0.04447485460143688,0.7315026697177727,0.5193467311151232,0.07452340850442218,10,4,20,12,0.4,0.4,0.4000000000000001,19.0,76.0,4.294149221685454,1863,"Sampled-label overlap, no point adjustment; delays among detected events only; no original-FPS seconds.",0.5555555555555556,0.5577209340367235,,3933,1010,True
S03,0,reference_dino_frame_denoising_ae,0.995,0.4809892475605011,0.0026838432635534087,0.005270092226613966,0.8527130338760869,0.5349724792324859,0.5340991560400572,0.5406048986698191,0.015841584158415842,0.08316831683168317,0.4125898049948683,2859,64,978,32,0.3333333333333333,0.031683168316831684,0.057866184448462935,0.9781046869654465,0.02189531303455354,0.7350622934146962,0.504893927641139,0.02770965495704237,2874,49,987,23,0.3194444444444444,0.02277227722772277,0.04251386321626617,0.98323640095792,0.016763599042080055,0.7365878464276634,0.5030043390928214,0.0195811362849483,10,1,5,3,0.4,0.1,0.16000000000000003,5.0,20.0,1.6103059581320451,1863,"Sampled-label overlap, no point adjustment; delays among detected events only; no original-FPS seconds.",0.5555555555555556,0.5577209340367235,,3933,1010,True
S03,0,reference_dino_frame_denoising_ae,0.999,0.5849593877792358,0.0,0.0013175230566534915,0.8527130338760869,0.5349724792324859,0.5340991560400572,0.5406048986698191,0.015841584158415842,0.08316831683168317,0.4125898049948683,2891,32,994,16,0.3333333333333333,0.015841584158415842,0.030245746691871456,0.9890523434827232,0.01094765651727677,0.7391304347826086,0.5024469638205695,0.019472266652671866,2902,21,996,14,0.4,0.013861386138613862,0.026794258373205742,0.9928156004105371,0.007184399589462881,0.7414187643020596,0.5033384932745755,0.031059943139848948,10,1,4,2,0.5,0.1,0.16666666666666669,7.0,28.0,1.0735373054213635,1863,"Sampled-label overlap, no point adjustment; delays among detected events only; no original-FPS seconds.",0.5555555555555556,0.5577209340367235,,3933,1010,True
S03,0,reference_dino_full_ema,0.95,1.9999016658167434,0.028985507246376812,0.05006587615283267,0.853135426440352,0.5345344144265953,0.5336844155849214,0.5389134030172018,0.01881188118811881,0.08613861386138613,0.3667464933287718,2525,398,348,662,0.6245283018867924,0.6554455445544555,0.6396135265700483,0.8638385220663701,0.13616147793362984,0.810322908721078,0.7596420333104128,0.5112806375926613,2540,383,375,635,0.6237721021611002,0.6287128712871287,0.626232741617357,0.8689702360588436,0.13102976394115634,0.8072718026951436,0.7488415536729862,0.49640348972665643,10,9,24,7,0.7083333333333334,0.9,0.7927461139896373,9.0,36.0,3.757380568974772,1863,"Sampled-label overlap, no point adjustment; delays among detected events only; no original-FPS seconds.",0.5555555555555556,0.5577209340367235,,3933,1010,True
S03,0,reference_dino_full_ema,0.975,2.574491167963307,0.02576489533011272,0.025032938076416336,0.853135426440352,0.5345344144265953,0.5336844155849214,0.5389134030172018,0.01881188118811881,0.08613861386138613,0.3667464933287718,2623,300,614,396,0.5689655172413793,0.3920792079207921,0.4642438452520516,0.8973657201505303,0.10263427984946973,0.7676074243579964,0.6447224640356612,0.33133328697454817,2636,287,633,377,0.5677710843373494,0.37326732673267327,0.45041816009557945,0.901813205610674,0.09818679438932604,0.7660818713450293,0.6375402661716736,0.3208067153963743,10,9,25,7,0.72,0.9,0.7999999999999999,13.0,52.0,3.757380568974772,1863,"Sampled-label overlap, no point adjustment; delays among detected events only; no original-FPS seconds.",0.5555555555555556,0.5577209340367235,,3933,1010,True
S03,0,reference_dino_full_ema,0.99,3.4905566608239376,0.005367686527106817,0.010101010101010102,0.853135426440352,0.5345344144265953,0.5336844155849214,0.5389134030172018,0.01881188118811881,0.08613861386138613,0.3667464933287718,2774,149,923,87,0.3686440677966102,0.08613861386138613,0.13964686998394865,0.9490249743414301,0.05097502565856996,0.7274345283498601,0.5175817941014081,0.06468261260364105,2795,128,932,78,0.3786407766990291,0.07722772277227723,0.1282894736842105,0.9562093739308929,0.04379062606910708,0.7304856343757946,0.516718548351585,0.06556776032659689,10,4,16,10,0.375,0.4,0.38709677419354843,17.5,70.0,3.757380568974772,1863,"Sampled-label overlap, no point adjustment; delays among detected events only; no original-FPS seconds.",0.5555555555555556,0.5577209340367235,,3933,1010,True
S03,0,reference_dino_full_ema,0.995,4.086340740220743,0.0026838432635534087,0.005270092226613966,0.853135426440352,0.5345344144265953,0.5336844155849214,0.5389134030172018,0.01881188118811881,0.08613861386138613,0.3667464933287718,2866,57,985,25,0.3048780487804878,0.024752475247524754,0.045787545787545784,0.9804994868286008,0.019500513171399246,0.7350622934146962,0.5026259810380628,0.016058426582282397,2872,51,989,21,0.2916666666666667,0.020792079207920793,0.03881700554528651,0.9825521724255901,0.017447827574409852,0.7355708110856852,0.5016721258167555,0.010898278287462346,10,1,4,3,0.25,0.1,0.14285714285714288,7.0,28.0,1.6103059581320451,1863,"Sampled-label overlap, no point adjustment; delays among detected events only; no original-FPS seconds.",0.5555555555555556,0.5577209340367235,,3933,1010,True
S03,0,reference_dino_full_ema,0.999,4.879473378768422,0.0,0.0013175230566534915,0.853135426440352,0.5345344144265953,0.5336844155849214,0.5389134030172018,0.01881188118811881,0.08613861386138613,0.3667464933287718,2882,41,990,20,0.32786885245901637,0.019801980198019802,0.03734827264239029,0.9859733150872392,0.014026684912760863,0.737859140605136,0.5028876476426295,0.02041816443067124,2885,38,991,19,0.3333333333333333,0.01881188118811881,0.035613870665417054,0.9869996578857338,0.013000342114266164,0.738367658276125,0.5029057695369263,0.021244031889594815,10,1,4,3,0.25,0.1,0.14285714285714288,8.0,32.0,1.6103059581320451,1863,"Sampled-label overlap, no point adjustment; delays among detected events only; no original-FPS seconds.",0.5555555555555556,0.5577209340367235,,3933,1010,True
S04,0,prototype64,0.95,0.058531709015369415,0.03309692671394799,0.05029013539651837,0.47654826092096403,0.3100375315968015,0.3097849563798708,0.47368421052631576,0.0,0.0,0.8404854789770264,1814,493,1261,4,0.008048289738430584,0.0031620553359683794,0.004540295119182747,0.7863025574338969,0.21369744256610315,0.5089585666293394,0.3947323063849326,-0.2909332838742987,1827,480,1265,0,0.0,0.0,0.0,0.7919375812743823,0.20806241872561768,0.511478163493841,0.39596879063719115,-0.2917577100060332,12,0,9,9,0.0,0.0,0.0,,,5.319148936170213,1692,"Sampled-label overlap, no point adjustment; delays among detected events only; no original-FPS seconds.",0.15555555555555556,0.38670880074517844,,3572,1265,True
S04,0,prototype64,0.975,0.07301976531744003,0.018912529550827423,0.025145067698259187,0.47654826092096403,0.3100375315968015,0.3097849563798708,0.47368421052631576,0.0,0.0,0.8404854789770264,1921,386,1265,0,0.0,0.0,0.0,0.8326831382748158,0.16731686172518423,0.5377939529675252,0.4163415691374079,-0.25774617684230156,1944,363,1265,0,0.0,0.0,0.0,0.8426527958387516,0.15734720416124837,0.5442329227323628,0.4213263979193758,-0.2490519345119244,12,0,14,14,0.0,0.0,0.0,,,8.274231678486997,1692,"Sampled-label overlap, no point adjustment; delays among detected events only; no original-FPS seconds.",0.15555555555555556,0.38670880074517844,,3572,1265,True
S04,0,prototype64,0.99,0.08326409757137299,0.01182033096926714,0.010154738878143133,0.47654826092096403,0.3100375315968015,0.3097849563798708,0.47368421052631576,0.0,0.0,0.8404854789770264,2017,290,1265,0,0.0,0.0,0.0,0.8742956220199393,0.12570437798006068,0.5646696528555432,0.43714781100996963,-0.22011577900829102,2038,269,1265,0,0.0,0.0,0.0,0.8833983528391851,0.1166016471608149,0.5705487122060471,0.44169917641959255,-0.211321321871062,12,0,10,10,0.0,0.0,0.0,,,5.91016548463357,1692,"Sampled-label overlap, no point adjustment; delays among detected events only; no original-FPS seconds.",0.15555555555555556,0.38670880074517844,,3572,1265,True
S04,0,prototype64,0.995,0.08812278509140015,0.009456264775413711,0.005319148936170213,0.47654826092096403,0.3100375315968015,0.3097849563798708,0.47368421052631576,0.0,0.0,0.8404854789770264,2037,270,1265,0,0.0,0.0,0.0,0.88296488946684,0.11703511053315994,0.5702687569988801,0.44148244473342,-0.21174580404657062,2055,252,1265,0,0.0,0.0,0.0,0.8907672301690507,0.10923276983094929,0.5753079507278835,0.44538361508452534,-0.20401058163861835,12,0,8,8,0.0,0.0,0.0,,,4.7281323877068555,1692,"Sampled-label overlap, no point adjustment; delays among detected events only; no original-FPS seconds.",0.15555555555555556,0.38670880074517844,,3572,1265,True
S04,0,prototype64,0.999,0.09380374103784561,0.0076832151300236405,0.0014506769825918763,0.47654826092096403,0.3100375315968015,0.3097849563798708,0.47368421052631576,0.0,0.0,0.8404854789770264,2058,249,1265,0,0.0,0.0,0.0,0.8920676202860858,0.10793237971391417,0.5761478163493841,0.4460338101430429,-0.2027010360171797,2076,231,1265,0,0.0,0.0,0.0,0.8998699609882965,0.10013003901170352,0.5811870100783875,0.44993498049414826,-0.1947104307829281,12,0,5,5,0.0,0.0,0.0,,,2.955082742316785,1692,"Sampled-label overlap, no point adjustment; delays among detected events only; no original-FPS seconds.",0.15555555555555556,0.38670880074517844,,3572,1265,True
S04,0,prototype256,0.95,0.05077691003680229,0.03309692671394799,0.05029013539651837,0.5627027897565581,0.35322000386882,0.3529511725160228,0.47368421052631576,0.0,0.0,0.8279150411790204,1797,510,1257,8,0.015444015444015444,0.006324110671936759,0.0089736399326977,0.7789336801040312,0.22106631989596878,0.5053191489361702,0.39262889538798396,-0.2916668561958171,1809,498,1265,0,0.0,0.0,0.0,0.7841352405721717,0.21586475942782835,0.5064389697648376,0.3920676202860858,-0.2980466228960071,12,0,8,8,0.0,0.0,0.0,,,4.7281323877068555,1692,"Sampled-label overlap, no point adjustment; delays among detected events only; no original-FPS seconds.",0.39999999999999997,0.4685170823328718,,3572,1265,True
S04,0,prototype256,0.975,0.06633744388818741,0.017139479905437353,0.025145067698259187,0.5627027897565581,0.35322000386882,0.3529511725160228,0.47368421052631576,0.0,0.0,0.8279150411790204,1897,410,1265,0,0.0,0.0,0.0,0.8222800173385348,0.1777199826614651,0.5310750279955208,0.4111400086692674,-0.26664439624752406,1917,390,1265,0,0.0,0.0,0.0,0.8309492847854356,0.16905071521456436,0.5366741321388577,0.4154746423927178,-0.25924099600965006,12,0,13,13,0.0,0.0,0.0,,,7.68321513002364,1692,"Sampled-label overlap, no point adjustment; delays among detected events only; no original-FPS seconds.",0.39999999999999997,0.4685170823328718,,3572,1265,True
S04,0,prototype256,0.99,0.08108092844486237,0.01004728132387707,0.010154738878143133,0.5627027897565581,0.35322000386882,0.3529511725160228,0.47368421052631576,0.0,0.0,0.8279150411790204,2018,289,1265,0,0.0,0.0,0.0,0.8747290853922843,0.12527091460771564,0.56494960806271,0.43736454269614217,-0.21970247304300514,2037,270,1265,0,0.0,0.0,0.0,0.88296488946684,0.11703511053315994,0.5702687569988801,0.44148244473342,-0.21174580404657062,12,0,9,9,0.0,0.0,0.0,,,5.319148936170213,1692,"Sampled-label overlap, no point adjustment; delays among detected events only; no original-FPS seconds.",0.39999999999999997,0.4685170823328718,,3572,1265,True
S04,0,prototype256,0.995,0.08346575498580933,0.0076832151300236405,0.005319148936170213,0.5627027897565581,0.35322000386882,0.3529511725160228,0.47368421052631576,0.0,0.0,0.8279150411790204,2032,275,1265,0,0.0,0.0,0.0,0.8807975726051148,0.11920242739488514,0.568868980963046,0.4403987863025574,-0.2138593974385323,2046,261,1265,0,0.0,0.0,0.0,0.8868660598179454,0.11313394018205461,0.5727883538633819,0.4434330299089727,-0.20790365709707898,12,0,8,8,0.0,0.0,0.0,,,4.7281323877068555,1692,"Sampled-label overlap, no point adjustment; delays among detected events only; no original-FPS seconds.",0.39999999999999997,0.4685170823328718,,3572,1265,True
S04,0,prototype256,0.999,0.09202040731906891,0.00591016548463357,0.0014506769825918763,0.5627027897565581,0.35322000386882,0.3529511725160228,0.47368421052631576,0.0,0.0,0.8279150411790204,2068,239,1265,0,0.0,0.0,0.0,0.8964022540095362,0.1035977459904638,0.5789473684210527,0.4482011270047681,-0.1982908886737717,2080,227,1265,0,0.0,0.0,0.0,0.9016038144776767,0.09839618552232336,0.5823068309070548,0.45080190723883834,-0.19290182349693372,12,0,4,4,0.0,0.0,0.0,,,2.3640661938534278,1692,"Sampled-label overlap, no point adjustment; delays among detected events only; no original-FPS seconds.",0.39999999999999997,0.4685170823328718,,3572,1265,True
S04,0,prototype_motion,0.95,2.1175365447998047,0.0384160756501182,0.05029013539651837,0.4231185034034584,0.28913843853399146,0.2889110111586921,0.47368421052631576,0.0,0.0,0.9102730819245773,1744,563,1265,0,0.0,0.0,0.0,0.7559601213697442,0.24403987863025575,0.48824188129899215,0.3779800606848721,-0.3203056275973718,1817,490,1265,0,0.0,0.0,0.0,0.787602947550932,0.21239705244906806,0.5086786114221724,0.393801473775466,-0.29525902977204765,12,0,12,12,0.0,0.0,0.0,,,7.092198581560283,1692,"Sampled-label overlap, no point adjustment; delays among detected events only; no original-FPS seconds.",0.0,0.35310573714211485,,3572,1265,True
S04,0,prototype_motion,0.975,2.865199089050293,0.014184397163120567,0.025145067698259187,0.4231185034034584,0.28913843853399146,0.2889110111586921,0.47368421052631576,0.0,0.0,0.9102730819245773,1923,384,1265,0,0.0,0.0,0.0,0.8335500650195059,0.16644993498049415,0.5383538633818589,0.41677503250975295,-0.25699692165178933,1961,346,1265,0,0.0,0.0,0.0,0.8500216731686172,0.14997832683138274,0.5489921612541994,0.4250108365843086,-0.2425087054903234,12,0,12,12,0.0,0.0,0.0,,,7.092198581560283,1692,"Sampled-label overlap, no point adjustment; delays among detected events only; no original-FPS seconds.",0.0,0.35310573714211485,,3572,1265,True
S04,0,prototype_motion,0.99,3.2110114097595215,0.01182033096926714,0.010154738878143133,0.4231185034034584,0.28913843853399146,0.2889110111586921,0.47368421052631576,0.0,0.0,0.9102730819245773,1987,320,1265,0,0.0,0.0,0.0,0.8612917208495882,0.13870827915041178,0.5562709966405375,0.4306458604247941,-0.23228501092253842,2016,291,1265,0,0.0,0.0,0.0,0.8738621586475943,0.12613784135240572,0.5643896976483762,0.43693107932379716,-0.22052856160375556,12,0,12,12,0.0,0.0,0.0,,,7.092198581560283,1692,"Sampled-label overlap, no point adjustment; delays among detected events only; no original-FPS seconds.",0.0,0.35310573714211485,,3572,1265,True
S04,0,prototype_motion,0.995,3.4567723274230957,0.008865248226950355,0.005319148936170213,0.4231185034034584,0.28913843853399146,0.2889110111586921,0.47368421052631576,0.0,0.0,0.9102730819245773,2017,290,1265,0,0.0,0.0,0.0,0.8742956220199393,0.12570437798006068,0.5646696528555432,0.43714781100996963,-0.22011577900829102,2042,265,1265,0,0.0,0.0,0.0,0.8851322063285653,0.11486779367143476,0.5716685330347144,0.44256610316428263,-0.2096173879909774,12,0,10,10,0.0,0.0,0.0,,,5.91016548463357,1692,"Sampled-label overlap, no point adjustment; delays among detected events only; no original-FPS seconds.",0.0,0.35310573714211485,,3572,1265,True
S04,0,prototype_motion,0.999,4.023471355438232,0.004728132387706856,0.0014506769825918763,0.4231185034034584,0.28913843853399146,0.2889110111586921,0.47368421052631576,0.0,0.0,0.9102730819245773,2082,225,1265,0,0.0,0.0,0.0,0.9024707412223667,0.09752925877763328,0.5828667413213886,0.45123537061118335,-0.19199276729364118,2102,205,1265,0,0.0,0.0,0.0,0.9111400086692675,0.08885999133073255,0.5884658454647257,0.45557000433463374,-0.18271610883578193,12,0,8,8,0.0,0.0,0.0,,,4.7281323877068555,1692,"Sampled-label overlap, no point adjustment; delays among detected events only; no original-FPS seconds.",0.0,0.35310573714211485,,3572,1265,True
S04,0,prototype_motion_ema,0.95,2.0321552748111724,0.03309692671394799,0.05029013539651837,0.4074785281434232,0.2833980929635418,0.2831723937384386,0.47368421052631576,0.0,0.0,0.9029042045947118,1774,533,1265,0,0.0,0.0,0.0,0.7689640225400953,0.23103597745990465,0.4966405375139978,0.38448201127004766,-0.3101128197971826,1809,498,1265,0,0.0,0.0,0.0,0.7841352405721717,0.21586475942782835,0.5064389697648376,0.3920676202860858,-0.2980466228960071,12,0,10,10,0.0,0.0,0.0,,,5.91016548463357,1692,"Sampled-label overlap, no point adjustment; delays among detected events only; no original-FPS seconds.",0.0,0.35310573714211485,,3572,1265,True
S04,0,prototype_motion_ema,0.975,2.742255508940495,0.014184397163120567,0.025145067698259187,0.4074785281434232,0.2833980929635418,0.2831723937384386,0.47368421052631576,0.0,0.0,0.9029042045947118,1915,392,1265,0,0.0,0.0,0.0,0.8300823580407456,0.16991764195925443,0.536114221724524,0.4150411790203728,-0.25998658472795944,1933,374,1265,0,0.0,0.0,0.0,0.8378846987429562,0.1621153012570438,0.5411534154535275,0.4189423493714781,-0.25323168039494465,12,0,10,10,0.0,0.0,0.0,,,5.91016548463357,1692,"Sampled-label overlap, no point adjustment; delays among detected events only; no original-FPS seconds.",0.0,0.35310573714211485,,3572,1265,True
S04,0,prototype_motion_ema,0.99,3.0795287743922826,0.012411347517730497,0.010154738878143133,0.4074785281434232,0.2833980929635418,0.2831723937384386,0.47368421052631576,0.0,0.0,0.9029042045947118,1977,330,1265,0,0.0,0.0,0.0,0.8569570871261378,0.14304291287386217,0.553471444568869,0.4284785435630689,-0.23625006146863645,1994,313,1265,0,0.0,0.0,0.0,0.8643259644560035,0.13567403554399654,0.5582306830907054,0.43216298222800176,-0.22948349422532385,12,0,11,11,0.0,0.0,0.0,,,6.501182033096927,1692,"Sampled-label overlap, no point adjustment; delays among detected events only; no original-FPS seconds.",0.0,0.35310573714211485,,3572,1265,True
S04,0,prototype_motion_ema,0.995,3.274796767071893,0.010638297872340425,0.005319148936170213,0.4074785281434232,0.2833980929635418,0.2831723937384386,0.47368421052631576,0.0,0.0,0.9029042045947118,2010,297,1265,0,0.0,0.0,0.0,0.871261378413524,0.12873862158647595,0.5627099664053752,0.435630689206762,-0.22299444165659832,2027,280,1265,0,0.0,0.0,0.0,0.8786302557433897,0.12136974425661032,0.5674692049272116,0.43931512787169485,-0.21595863207311972,12,0,9,9,0.0,0.0,0.0,,,5.319148936170213,1692,"Sampled-label overlap, no point adjustment; delays among detected events only; no original-FPS seconds.",0.0,0.35310573714211485,,3572,1265,True
S04,0,prototype_motion_ema,0.999,3.8162191528805485,0.004728132387706856,0.0014506769825918763,0.4074785281434232,0.2833980929635418,0.2831723937384386,0.47368421052631576,0.0,0.0,0.9029042045947118,2069,238,1265,0,0.0,0.0,0.0,0.8968357173818813,0.10316428261811877,0.5792273236282195,0.44841785869094064,-0.19784594170779957,2077,230,1265,0,0.0,0.0,0.0,0.9003034243606415,0.09969657563935848,0.5814669652855543,0.45015171218032074,-0.19425945265103936,12,0,5,5,0.0,0.0,0.0,,,2.955082742316785,1692,"Sampled-label overlap, no point adjustment; delays among detected events only; no original-FPS seconds.",0.0,0.35310573714211485,,3572,1265,True
S04,0,prototype_fewshot3,0.95,0.25054681301116943,0.10638297872340426,0.05029013539651837,0.30668630101546934,0.26030712595892525,0.2601278550293666,0.47368421052631576,0.0,0.0,0.7594278283485045,1894,413,1265,0,0.0,0.0,0.0,0.8209796272214998,0.17902037277850022,0.5302351623740201,0.4104898136107499,-0.267745190510909,1981,326,1265,0,0.0,0.0,0.0,0.858690940615518,0.14130905938448202,0.5545912653975364,0.429345470307759,-0.2346691540602111,12,0,32,32,0.0,0.0,0.0,,,18.912529550827422,1692,"Sampled-label overlap, no point adjustment; delays among detected events only; no original-FPS seconds.",0.0,0.35310573714211485,,3572,1265,True
S04,0,prototype_fewshot3,0.975,0.2727162837982178,0.026595744680851064,0.025145067698259187,0.30668630101546934,0.26030712595892525,0.2601278550293666,0.47368421052631576,0.0,0.0,0.7594278283485045,2177,130,1265,0,0.0,0.0,0.0,0.9436497615951452,0.05635023840485479,0.6094624860022396,0.4718248807975726,-0.14390891825217278,2255,52,1265,0,0.0,0.0,0.0,0.9774599046380581,0.022540095361941917,0.6312989921612542,0.48872995231902905,-0.09000192648325854,12,0,13,13,0.0,0.0,0.0,,,7.68321513002364,1692,"Sampled-label overlap, no point adjustment; delays among detected events only; no original-FPS seconds.",0.0,0.35310573714211485,,3572,1265,True
S04,0,prototype_fewshot3,0.99,0.2910270392894745,0.0076832151300236405,0.010154738878143133,0.30668630101546934,0.26030712595892525,0.2601278550293666,0.47368421052631576,0.0,0.0,0.7594278283485045,2266,41,1265,0,0.0,0.0,0.0,0.9822280017338535,0.017771998266146512,0.6343784994400896,0.49111400086692675,-0.07979295248759756,2288,19,1265,0,0.0,0.0,0.0,0.9917641959254443,0.0082358040745557,0.6405375139977604,0.49588209796272215,-0.05415027446548183,12,0,5,5,0.0,0.0,0.0,,,2.955082742316785,1692,"Sampled-label overlap, no point adjustment; delays among detected events only; no original-FPS seconds.",0.0,0.35310573714211485,,3572,1265,True
S04,0,prototype_fewshot3,0.995,0.3048306107521057,0.0035460992907801418,0.005319148936170213,0.30668630101546934,0.26030712595892525,0.2601278550293666,0.47368421052631576,0.0,0.0,0.7594278283485045,2291,16,1265,0,0.0,0.0,0.0,0.9930645860424794,0.006935413957520589,0.6413773796192609,0.4965322930212397,-0.04967073433464573,2302,5,1265,0,0.0,0.0,0.0,0.9978326831382748,0.002167316861725184,0.6444568868980963,0.4989163415691374,-0.027723937619904018,12,0,2,2,0.0,0.0,0.0,,,1.1820330969267139,1692,"Sampled-label overlap, no point adjustment; delays among detected events only; no original-FPS seconds.",0.0,0.35310573714211485,,3572,1265,True
S04,0,prototype_fewshot3,0.999,0.3385961949825287,0.0,0.0014506769825918763,0.30668630101546934,0.26030712595892525,0.2601278550293666,0.47368421052631576,0.0,0.0,0.7594278283485045,2303,4,1265,0,0.0,0.0,0.0,0.9982661465106198,0.0017338534893801473,0.6447368421052632,0.4991330732553099,-0.024793568483279245,2307,0,1265,0,0.0,0.0,0.0,1.0,0.0,0.6458566629339306,0.5,0.0,12,0,0,0,0.0,0.0,0.0,,,0.0,1692,"Sampled-label overlap, no point adjustment; delays among detected events only; no original-FPS seconds.",0.0,0.35310573714211485,,3572,1265,True
S04,0,prototype_neural,0.95,2.7093772888183594,0.031323877068557916,0.05029013539651837,0.5823376525474111,0.3635659405724425,0.363295892117428,0.47368421052631576,0.0,0.0,0.7455570004334634,1821,486,1265,0,0.0,0.0,0.0,0.7893368010403121,0.2106631989596879,0.5097984322508399,0.39466840052015606,-0.2938607882854924,1840,467,1265,0,0.0,0.0,0.0,0.7975726051148678,0.2024273948851322,0.5151175811870101,0.3987863025574339,-0.28717663578081554,12,0,8,8,0.0,0.0,0.0,,,4.7281323877068555,1692,"Sampled-label overlap, no point adjustment; delays among detected events only; no original-FPS seconds.",0.39999999999999997,0.4685170823328718,,3572,1265,True
S04,0,prototype_neural,0.975,3.6327929496765137,0.022458628841607566,0.025145067698259187,0.5823376525474111,0.3635659405724425,0.363295892117428,0.47368421052631576,0.0,0.0,0.7455570004334634,1916,391,1265,0,0.0,0.0,0.0,0.8305158214130905,0.1694841785869094,0.5363941769316909,0.4152579107065453,-0.25961394083310474,1931,376,1265,0,0.0,0.0,0.0,0.8370177719982661,0.16298222800173384,0.5405935050391937,0.41850888599913305,-0.2539873007516602,12,0,10,10,0.0,0.0,0.0,,,5.91016548463357,1692,"Sampled-label overlap, no point adjustment; delays among detected events only; no original-FPS seconds.",0.39999999999999997,0.4685170823328718,,3572,1265,True
S04,0,prototype_neural,0.99,4.322901725769043,0.013002364066193853,0.010154738878143133,0.5823376525474111,0.3635659405724425,0.363295892117428,0.47368421052631576,0.0,0.0,0.7455570004334634,2000,307,1265,0,0.0,0.0,0.0,0.8669267446900737,0.1330732553099263,0.5599104143337066,0.43346337234503685,-0.22706440584187487,2021,286,1265,0,0.0,0.0,0.0,0.8760294755093194,0.12397052449068054,0.5657894736842105,0.4380147377546597,-0.2184593828889452,12,0,10,10,0.0,0.0,0.0,,,5.91016548463357,1692,"Sampled-label overlap, no point adjustment; delays among detected events only; no original-FPS seconds.",0.39999999999999997,0.4685170823328718,,3572,1265,True
S04,0,prototype_neural,0.995,4.89439582824707,0.010638297872340425,0.005319148936170213,0.5823376525474111,0.3635659405724425,0.363295892117428,0.47368421052631576,0.0,0.0,0.7455570004334634,2063,244,1265,0,0.0,0.0,0.0,0.894234937147811,0.10576506285218899,0.5775475923852184,0.4471174685739055,-0.20050477504566194,2080,227,1265,0,0.0,0.0,0.0,0.9016038144776767,0.09839618552232336,0.5823068309070548,0.45080190723883834,-0.19290182349693372,12,0,7,7,0.0,0.0,0.0,,,4.137115839243498,1692,"Sampled-label overlap, no point adjustment; delays among detected events only; no original-FPS seconds.",0.39999999999999997,0.4685170823328718,,3572,1265,True
S04,0,prototype_neural,0.999,5.891587734222412,0.00591016548463357,0.0014506769825918763,0.5823376525474111,0.3635659405724425,0.363295892117428,0.47368421052631576,0.0,0.0,0.7455570004334634,2119,188,1265,0,0.0,0.0,0.0,0.918508885999133,0.08149111400086692,0.5932250839865622,0.4592544429995665,-0.1745360780941025,2131,176,1265,0,0.0,0.0,0.0,0.9237104464672735,0.07628955353272648,0.5965845464725644,0.46185522323363676,-0.16857530674927507,12,0,6,6,0.0,0.0,0.0,,,3.5460992907801416,1692,"Sampled-label overlap, no point adjustment; delays among detected events only; no original-FPS seconds.",0.39999999999999997,0.4685170823328718,,3572,1265,True
S04,0,prototype_neural_ema,0.95,2.6475734917064373,0.031914893617021274,0.05029013539651837,0.5867325942183181,0.36735682604932896,0.3670860869807965,0.47368421052631576,0.0,0.0,0.7342869527524925,1816,491,1265,0,0.0,0.0,0.0,0.7871694841785869,0.2128305158214131,0.5083986562150056,0.39358474208929345,-0.2956081220174606,1828,479,1265,0,0.0,0.0,0.0,0.7923710446467274,0.20762895535327264,0.5117581187010078,0.3961855223233637,-0.2914065184222021,12,0,8,8,0.0,0.0,0.0,,,4.7281323877068555,1692,"Sampled-label overlap, no point adjustment; delays among detected events only; no original-FPS seconds.",0.39999999999999997,0.4685170823328718,,3572,1265,True
S04,0,prototype_neural_ema,0.975,3.503941739927691,0.02304964539007092,0.025145067698259187,0.5867325942183181,0.36735682604932896,0.3670860869807965,0.47368421052631576,0.0,0.0,0.7342869527524925,1903,404,1265,0,0.0,0.0,0.0,0.8248807975726051,0.1751192024273949,0.5327547592385219,0.41244039878630256,-0.26443538041214665,1915,392,1265,0,0.0,0.0,0.0,0.8300823580407456,0.16991764195925443,0.536114221724524,0.4150411790203728,-0.25998658472795944,12,0,7,7,0.0,0.0,0.0,,,4.137115839243498,1692,"Sampled-label overlap, no point adjustment; delays among detected events only; no original-FPS seconds.",0.39999999999999997,0.4685170823328718,,3572,1265,True
S04,0,prototype_neural_ema,0.99,4.235229280663051,0.013002364066193853,0.010154738878143133,0.5867325942183181,0.36735682604932896,0.3670860869807965,0.47368421052631576,0.0,0.0,0.7342869527524925,1997,310,1265,0,0.0,0.0,0.0,0.8656263545730386,0.13437364542696142,0.5590705487122061,0.4328131772865193,-0.22827604210578198,2012,295,1265,0,0.0,0.0,0.0,0.8721283051582142,0.12787169484178587,0.5632698768197089,0.4360641525791071,-0.22217452114052527,12,0,10,10,0.0,0.0,0.0,,,5.91016548463357,1692,"Sampled-label overlap, no point adjustment; delays among detected events only; no original-FPS seconds.",0.39999999999999997,0.4685170823328718,,3572,1265,True
S04,0,prototype_neural_ema,0.995,4.59440571324131,0.010638297872340425,0.005319148936170213,0.5867325942183181,0.36735682604932896,0.3670860869807965,0.47368421052631576,0.0,0.0,0.7342869527524925,2037,270,1265,0,0.0,0.0,0.0,0.88296488946684,0.11703511053315994,0.5702687569988801,0.44148244473342,-0.21174580404657062,2050,257,1265,0,0.0,0.0,0.0,0.8885999133073256,0.11140008669267447,0.5739081746920492,0.4442999566536628,-0.20617986968303617,12,0,7,7,0.0,0.0,0.0,,,4.137115839243498,1692,"Sampled-label overlap, no point adjustment; delays among detected events only; no original-FPS seconds.",0.39999999999999997,0.4685170823328718,,3572,1265,True
S04,0,prototype_neural_ema,0.999,5.742282683145389,0.004137115839243499,0.0014506769825918763,0.5867325942183181,0.36735682604932896,0.3670860869807965,0.47368421052631576,0.0,0.0,0.7342869527524925,2111,196,1265,0,0.0,0.0,0.0,0.9150411790203727,0.08495882097962722,0.5909854423292273,0.45752058951018637,-0.1784219502746757,2121,186,1265,0,0.0,0.0,0.0,0.9193758127438232,0.08062418725617686,0.5937849944008958,0.4596879063719116,-0.17355393332594676,12,0,6,6,0.0,0.0,0.0,,,3.5460992907801416,1692,"Sampled-label overlap, no point adjustment; delays among detected events only; no original-FPS seconds.",0.39999999999999997,0.4685170823328718,,3572,1265,True
S04,0,reference_dino_global_pca,0.95,0.020756684243679047,0.030141843971631204,0.05029013539651837,0.5398135250851935,0.3434261646192813,0.34316163035770714,0.47368421052631576,0.0,0.0,0.8885999133073256,1869,438,1265,0,0.0,0.0,0.0,0.8101430429128739,0.18985695708712613,0.5232362821948489,0.40507152145643693,-0.2768273686970575,1885,422,1265,0,0.0,0.0,0.0,0.8170784568703945,0.18292154312960554,0.5277155655095185,0.40853922843519724,-0.27103315093841107,12,0,8,8,0.0,0.0,0.0,,,4.7281323877068555,1692,"Sampled-label overlap, no point adjustment; delays among detected events only; no original-FPS seconds.",0.3333333333333333,0.4460262398420293,,3572,1265,True
S04,0,reference_dino_global_pca,0.975,0.025509007275104523,0.024231678486997636,0.025145067698259187,0.5398135250851935,0.3434261646192813,0.34316163035770714,0.47368421052631576,0.0,0.0,0.8885999133073256,1932,375,1265,0,0.0,0.0,0.0,0.8374512353706112,0.1625487646293888,0.5408734602463606,0.4187256176853056,-0.2536096538147386,1954,353,1265,0,0.0,0.0,0.0,0.846987429562202,0.153012570437798,0.5470324748040314,0.423493714781101,-0.24521573234818686,12,0,10,10,0.0,0.0,0.0,,,5.91016548463357,1692,"Sampled-label overlap, no point adjustment; delays among detected events only; no original-FPS seconds.",0.3333333333333333,0.4460262398420293,,3572,1265,True
S04,0,reference_dino_global_pca,0.99,0.033132292330265045,0.014775413711583925,0.010154738878143133,0.5398135250851935,0.3434261646192813,0.34316163035770714,0.47368421052631576,0.0,0.0,0.8885999133073256,2071,236,1265,0,0.0,0.0,0.0,0.8977026441265713,0.1022973558734287,0.5797872340425532,0.44885132206328565,-0.19695383698431446,2085,222,1265,0,0.0,0.0,0.0,0.9037711313394018,0.09622886866059818,0.5837066069428891,0.4518855656697009,-0.19062310932218768,12,0,10,10,0.0,0.0,0.0,,,5.91016548463357,1692,"Sampled-label overlap, no point adjustment; delays among detected events only; no original-FPS seconds.",0.3333333333333333,0.4460262398420293,,3572,1265,True
S04,0,reference_dino_global_pca,0.995,0.04137028381228447,0.008274231678486997,0.005319148936170213,0.5398135250851935,0.3434261646192813,0.34316163035770714,0.47368421052631576,0.0,0.0,0.8885999133073256,2129,178,1265,0,0.0,0.0,0.0,0.9228435197225835,0.07715648027741656,0.5960246360582306,0.46142175986129175,-0.1695803579581801,2139,168,1265,0,0.0,0.0,0.0,0.9271781534460338,0.07282184655396619,0.5988241881298992,0.4635890767230169,-0.16450584398697152,12,0,5,5,0.0,0.0,0.0,,,2.955082742316785,1692,"Sampled-label overlap, no point adjustment; delays among detected events only; no original-FPS seconds.",0.3333333333333333,0.4460262398420293,,3572,1265,True
S04,0,reference_dino_global_pca,0.999,0.048592645674943924,0.0035460992907801418,0.0014506769825918763,0.5398135250851935,0.3434261646192813,0.34316163035770714,0.47368421052631576,0.0,0.0,0.8885999133073256,2156,151,1265,0,0.0,0.0,0.0,0.9345470307758994,0.06545296922410056,0.6035834266517357,0.4672735153879497,-0.1555727046539626,2165,142,1265,0,0.0,0.0,0.0,0.9384482011270048,0.06155179887299523,0.6061030235162373,0.4692241005635024,-0.15066715151768983,12,0,4,4,0.0,0.0,0.0,,,2.3640661938534278,1692,"Sampled-label overlap, no point adjustment; delays among detected events only; no original-FPS seconds.",0.3333333333333333,0.4460262398420293,,3572,1265,True
S04,0,reference_dino_frame_denoising_ae,0.95,0.48975086212158203,0.027777777777777776,0.05029013539651837,0.601035514870535,0.378253786052708,0.37798400478562566,0.47368421052631576,0.0,0.0,0.7984395318595578,1842,465,1265,0,0.0,0.0,0.0,0.7984395318595578,0.20156046814044212,0.5156774916013438,0.3992197659297789,-0.28646879108282325,1858,449,1265,0,0.0,0.0,0.0,0.8053749458170785,0.19462505418292153,0.5201567749160134,0.40268747290853923,-0.28077513445098246,12,0,8,8,0.0,0.0,0.0,,,4.7281323877068555,1692,"Sampled-label overlap, no point adjustment; delays among detected events only; no original-FPS seconds.",0.39999999999999997,0.4685170823328718,,3572,1265,True
S04,0,reference_dino_frame_denoising_ae,0.975,0.6925145387649536,0.020685579196217493,0.025145067698259187,0.601035514870535,0.378253786052708,0.37798400478562566,0.47368421052631576,0.0,0.0,0.7984395318595578,1935,372,1265,0,0.0,0.0,0.0,0.8387516254876463,0.16124837451235371,0.5417133258678611,0.41937581274382313,-0.2524747473499376,1951,356,1265,0,0.0,0.0,0.0,0.8456870394451669,0.15431296055483312,0.5461926091825308,0.42284351972258344,-0.2463703522483935,12,0,11,11,0.0,0.0,0.0,,,6.501182033096927,1692,"Sampled-label overlap, no point adjustment; delays among detected events only; no original-FPS seconds.",0.39999999999999997,0.4685170823328718,,3572,1265,True
S04,0,reference_dino_frame_denoising_ae,0.99,0.8134485483169556,0.014184397163120567,0.010154738878143133,0.601035514870535,0.378253786052708,0.37798400478562566,0.47368421052631576,0.0,0.0,0.7984395318595578,2025,282,1265,0,0.0,0.0,0.0,0.8777633289986996,0.1222366710013004,0.566909294512878,0.4388816644993498,-0.21679440543976977,2048,259,1265,0,0.0,0.0,0.0,0.8877329865626354,0.11226701343736455,0.5733482642777156,0.4438664932813177,-0.20704303706374425,12,0,9,9,0.0,0.0,0.0,,,5.319148936170213,1692,"Sampled-label overlap, no point adjustment; delays among detected events only; no original-FPS seconds.",0.39999999999999997,0.4685170823328718,,3572,1265,True
S04,0,reference_dino_frame_denoising_ae,0.995,0.9670987725257874,0.010638297872340425,0.005319148936170213,0.601035514870535,0.378253786052708,0.37798400478562566,0.47368421052631576,0.0,0.0,0.7984395318595578,2098,209,1265,0,0.0,0.0,0.0,0.9094061551798873,0.0905938448201127,0.5873460246360582,0.45470307758994366,-0.18459977820684945,2110,197,1265,0,0.0,0.0,0.0,0.9146077156480278,0.08539228435197226,0.5907054871220605,0.4573038578240139,-0.1789030274925455,12,0,6,6,0.0,0.0,0.0,,,3.5460992907801416,1692,"Sampled-label overlap, no point adjustment; delays among detected events only; no original-FPS seconds.",0.39999999999999997,0.4685170823328718,,3572,1265,True
S04,0,reference_dino_frame_denoising_ae,0.999,1.2237626314163208,0.004137115839243499,0.0014506769825918763,0.601035514870535,0.378253786052708,0.37798400478562566,0.47368421052631576,0.0,0.0,0.7984395318595578,2149,158,1265,0,0.0,0.0,0.0,0.9315127871694842,0.06848721283051581,0.6016237402015677,0.4657563935847421,-0.15930090775712624,2158,149,1265,0,0.0,0.0,0.0,0.9354139575205895,0.0645860424794105,0.6041433370660694,0.46770697876029477,-0.15449383369524874,12,0,5,5,0.0,0.0,0.0,,,2.955082742316785,1692,"Sampled-label overlap, no point adjustment; delays among detected events only; no original-FPS seconds.",0.39999999999999997,0.4685170823328718,,3572,1265,True
S04,0,reference_dino_full_ema,0.95,2.3880221277766287,0.030141843971631204,0.05029013539651837,0.6032696501967718,0.37725483242042435,0.37698370980020685,0.47368421052631576,0.0,0.0,0.7459904638058084,1833,474,1265,0,0.0,0.0,0.0,0.7945383615084526,0.20546163849154747,0.5131578947368421,0.3972691807542263,-0.2896475968686616,1843,464,1265,0,0.0,0.0,0.0,0.7988729952319029,0.20112700476809708,0.5159574468085106,0.39943649761595146,-0.2861145545030336,12,0,7,7,0.0,0.0,0.0,,,4.137115839243498,1692,"Sampled-label overlap, no point adjustment; delays among detected events only; no original-FPS seconds.",0.39999999999999997,0.4685170823328718,,3572,1265,True
S04,0,reference_dino_full_ema,0.975,3.232511473183958,0.022458628841607566,0.025145067698259187,0.6032696501967718,0.37725483242042435,0.37698370980020685,0.47368421052631576,0.0,0.0,0.7459904638058084,1913,394,1265,0,0.0,0.0,0.0,0.8292154312960555,0.1707845687039445,0.5355543113101904,0.41460771564802773,-0.2607309757732205,1926,381,1265,0,0.0,0.0,0.0,0.834850455136541,0.16514954486345904,0.5391937290033595,0.4174252275682705,-0.25587069645380056,12,0,7,7,0.0,0.0,0.0,,,4.137115839243498,1692,"Sampled-label overlap, no point adjustment; delays among detected events only; no original-FPS seconds.",0.39999999999999997,0.4685170823328718,,3572,1265,True
S04,0,reference_dino_full_ema,0.99,3.764404495579201,0.018912529550827423,0.010154738878143133,0.6032696501967718,0.37725483242042435,0.37698370980020685,0.47368421052631576,0.0,0.0,0.7459904638058084,1976,331,1265,0,0.0,0.0,0.0,0.8565236237537928,0.14347637624620718,0.5531914893617021,0.4282618118768964,-0.23664424479915067,1993,314,1265,0,0.0,0.0,0.0,0.8638925010836584,0.13610749891634158,0.5579507278835386,0.4319462505418292,-0.22988506091210523,12,0,9,9,0.0,0.0,0.0,,,5.319148936170213,1692,"Sampled-label overlap, no point adjustment; delays among detected events only; no original-FPS seconds.",0.39999999999999997,0.4685170823328718,,3572,1265,True
S04,0,reference_dino_full_ema,0.995,4.683541818887778,0.010638297872340425,0.005319148936170213,0.6032696501967718,0.37725483242042435,0.37698370980020685,0.47368421052631576,0.0,0.0,0.7459904638058084,2095,212,1265,0,0.0,0.0,0.0,0.9081057650628522,0.09189423493714781,0.5865061590145577,0.4540528825314261,-0.18600291792025417,2105,202,1265,0,0.0,0.0,0.0,0.9124403987863026,0.08755960121369745,0.5893057110862262,0.4562201993931513,-0.18129348596137118,12,0,6,6,0.0,0.0,0.0,,,3.5460992907801416,1692,"Sampled-label overlap, no point adjustment; delays among detected events only; no original-FPS seconds.",0.39999999999999997,0.4685170823328718,,3572,1265,True
S04,0,reference_dino_full_ema,0.999,5.822304448094807,0.005319148936170213,0.0014506769825918763,0.6032696501967718,0.37725483242042435,0.37698370980020685,0.47368421052631576,0.0,0.0,0.7459904638058084,2136,171,1265,0,0.0,0.0,0.0,0.9258777633289987,0.0741222366710013,0.5979843225083986,0.46293888166449937,-0.16604133049032033,2144,163,1265,0,0.0,0.0,0.0,0.929345470307759,0.07065452969224101,0.6002239641657335,0.4646727351538795,-0.16192047421764422,12,0,4,4,0.0,0.0,0.0,,,2.3640661938534278,1692,"Sampled-label overlap, no point adjustment; delays among detected events only; no original-FPS seconds.",0.39999999999999997,0.4685170823328718,,3572,1265,True
S05,0,prototype64,0.95,0.008072718977928162,0.020018198362147407,0.05015923566878981,0.2721576433121019,0.025568371997450032,0.024254617350856596,0.47368421052631576,0.0,0.0,0.9657643312101911,1178,78,50,0,0.0,0.0,0.0,0.9378980891719745,0.06210191082802548,0.9019908116385911,0.46894904458598724,-0.050284982162754406,1218,38,50,0,0.0,0.0,0.0,0.9697452229299363,0.030254777070063694,0.9326186830015314,0.48487261146496813,-0.03454000165198651,4,0,5,5,0.0,0.0,0.0,,,6.369426751592357,785,"Sampled-label overlap, no point adjustment; delays among detected events only; no original-FPS seconds.",0.4,0.38333333333333336,,1306,50,True
S05,0,prototype64,0.975,0.01018136739730835,0.00272975432211101,0.025477707006369428,0.2721576433121019,0.025568371997450032,0.024254617350856596,0.47368421052631576,0.0,0.0,0.9657643312101911,1220,36,50,0,0.0,0.0,0.0,0.9713375796178344,0.028662420382165606,0.9341500765696784,0.4856687898089172,-0.033592287021418386,1235,21,50,0,0.0,0.0,0.0,0.98328025477707,0.016719745222929936,0.945635528330781,0.491640127388535,-0.025506347133270123,4,0,3,3,0.0,0.0,0.0,,,3.821656050955414,785,"Sampled-label overlap, no point adjustment; delays among detected events only; no original-FPS seconds.",0.4,0.38333333333333336,,1306,50,True
S05,0,prototype64,0.99,0.01285279169678688,0.0,0.010350318471337579,0.2721576433121019,0.025568371997450032,0.024254617350856596,0.47368421052631576,0.0,0.0,0.9657643312101911,1243,13,50,0,0.0,0.0,0.0,0.9896496815286624,0.010350318471337579,0.9517611026033691,0.4948248407643312,-0.020006107411781902,1246,10,50,0,0.0,0.0,0.0,0.9920382165605095,0.007961783439490446,0.9540581929555896,0.49601910828025475,-0.017526196705731554,4,0,1,1,0.0,0.0,0.0,,,1.2738853503184713,785,"Sampled-label overlap, no point adjustment; delays among detected events only; no original-FPS seconds.",0.4,0.38333333333333336,,1306,50,True
S05,0,prototype64,0.995,0.01509913895279169,0.0,0.005573248407643312,0.2721576433121019,0.025568371997450032,0.024254617350856596,0.47368421052631576,0.0,0.0,0.9657643312101911,1249,7,50,0,0.0,0.0,0.0,0.9944267515923567,0.005573248407643312,0.9563552833078101,0.49721337579617836,-0.014646526002017136,1254,2,50,0,0.0,0.0,0.0,0.9984076433121019,0.0015923566878980893,0.9601837672281777,0.49920382165605093,-0.007813873653219958,4,0,1,1,0.0,0.0,0.0,,,1.2738853503184713,785,"Sampled-label overlap, no point adjustment; delays among detected events only; no original-FPS seconds.",0.4,0.38333333333333336,,1306,50,True
S05,0,prototype64,0.999,0.01825859397649765,0.0,0.0015923566878980893,0.2721576433121019,0.025568371997450032,0.024254617350856596,0.47368421052631576,0.0,0.0,0.9657643312101911,1254,2,50,0,0.0,0.0,0.0,0.9984076433121019,0.0015923566878980893,0.9601837672281777,0.49920382165605093,-0.007813873653219958,1256,0,50,0,0.0,0.0,0.0,1.0,0.0,0.9617151607963247,0.5,0.0,4,0,0,0,0.0,0.0,0.0,,,0.0,785,"Sampled-label overlap, no point adjustment; delays among detected events only; no original-FPS seconds.",0.4,0.38333333333333336,,1306,50,True
S05,0,prototype256,0.95,0.004083186388015747,0.05368516833484986,0.05015923566878981,0.5033200636942675,0.03650537247137464,0.03479416493476488,0.47368421052631576,0.0,0.0,0.6393312101910829,1174,82,50,0,0.0,0.0,0.0,0.9347133757961783,0.06528662420382166,0.8989280245022971,0.46735668789808915,-0.051642397922908354,1220,36,50,0,0.0,0.0,0.0,0.9713375796178344,0.028662420382165606,0.9341500765696784,0.4856687898089172,-0.033592287021418386,4,0,5,5,0.0,0.0,0.0,,,5.095541401273885,785,"Sampled-label overlap, no point adjustment; delays among detected events only; no original-FPS seconds.",0.4666666666666667,0.41111111111111115,,1306,50,True
S05,0,prototype256,0.975,0.0048252493143081665,0.03366696997270246,0.025477707006369428,0.5033200636942675,0.03650537247137464,0.03479416493476488,0.47368421052631576,0.0,0.0,0.6393312101910829,1213,43,50,0,0.0,0.0,0.0,0.9657643312101911,0.03423566878980892,0.9287901990811639,0.48288216560509556,-0.03681482454134277,1235,21,50,0,0.0,0.0,0.0,0.98328025477707,0.016719745222929936,0.945635528330781,0.491640127388535,-0.025506347133270123,4,0,4,4,0.0,0.0,0.0,,,5.095541401273885,785,"Sampled-label overlap, no point adjustment; delays among detected events only; no original-FPS seconds.",0.4666666666666667,0.41111111111111115,,1306,50,True
S05,0,prototype256,0.99,0.00571042113006115,0.014558689717925387,0.010350318471337579,0.5033200636942675,0.03650537247137464,0.03479416493476488,0.47368421052631576,0.0,0.0,0.6393312101910829,1232,24,50,0,0.0,0.0,0.0,0.9808917197452229,0.01910828025477707,0.9433384379785605,0.49044585987261147,-0.027299317574728997,1250,6,50,0,0.0,0.0,0.0,0.9952229299363057,0.004777070063694267,0.9571209800918836,0.49761146496815284,-0.013554831758020497,4,0,3,3,0.0,0.0,0.0,,,3.821656050955414,785,"Sampled-label overlap, no point adjustment; delays among detected events only; no original-FPS seconds.",0.4666666666666667,0.41111111111111115,,1306,50,True
S05,0,prototype256,0.995,0.006112312898039818,0.006369426751592357,0.005573248407643312,0.5033200636942675,0.03650537247137464,0.03479416493476488,0.47368421052631576,0.0,0.0,0.6393312101910829,1242,14,50,0,0.0,0.0,0.0,0.9888535031847133,0.011146496815286623,0.9509954058192955,0.49442675159235666,-0.02076935183927957,1256,0,50,0,0.0,0.0,0.0,1.0,0.0,0.9617151607963247,0.5,0.0,4,0,0,0,0.0,0.0,0.0,,,0.0,785,"Sampled-label overlap, no point adjustment; delays among detected events only; no original-FPS seconds.",0.4666666666666667,0.41111111111111115,,1306,50,True
S05,0,prototype256,0.999,0.0073850625194609165,0.0018198362147406734,0.0015923566878980893,0.5033200636942675,0.03650537247137464,0.03479416493476488,0.47368421052631576,0.0,0.0,0.6393312101910829,1253,3,50,0,0.0,0.0,0.0,0.9976114649681529,0.0023885350318471337,0.9594180704441041,0.49880573248407645,-0.009573673273518712,1256,0,50,0,0.0,0.0,0.0,1.0,0.0,0.9617151607963247,0.5,0.0,4,0,0,0,0.0,0.0,0.0,,,0.0,785,"Sampled-label overlap, no point adjustment; delays among detected events only; no original-FPS seconds.",0.4666666666666667,0.41111111111111115,,1306,50,True
S05,0,prototype_motion,0.95,1.8226810693740845,0.048225659690627844,0.05015923566878981,0.3811624203821656,0.029619094344884467,0.028461014149911888,0.47368421052631576,0.0,0.0,0.7523885350318471,1167,89,50,0,0.0,0.0,0.0,0.929140127388535,0.07085987261146497,0.8935681470137825,0.4645700636942675,-0.05395601871987618,1223,33,50,0,0.0,0.0,0.0,0.9737261146496815,0.026273885350318472,0.9364471669218989,0.48686305732484075,-0.03212424656261941,4,0,6,6,0.0,0.0,0.0,,,5.095541401273885,785,"Sampled-label overlap, no point adjustment; delays among detected events only; no original-FPS seconds.",0.6,0.6333333333333333,,1306,50,True
S05,0,prototype_motion,0.975,2.2790212631225586,0.029117379435850774,0.024681528662420384,0.3811624203821656,0.029619094344884467,0.028461014149911888,0.47368421052631576,0.0,0.0,0.7523885350318471,1202,54,50,0,0.0,0.0,0.0,0.9570063694267515,0.042993630573248405,0.9203675344563553,0.4785031847133758,-0.04143667489179356,1238,18,50,0,0.0,0.0,0.0,0.9856687898089171,0.014331210191082803,0.9479326186830015,0.4928343949044586,-0.023586771702445348,4,0,4,4,0.0,0.0,0.0,,,3.821656050955414,785,"Sampled-label overlap, no point adjustment; delays among detected events only; no original-FPS seconds.",0.6,0.6333333333333333,,1306,50,True
S05,0,prototype_motion,0.99,2.729081630706787,0.01364877161055505,0.010350318471337579,0.3811624203821656,0.029619094344884467,0.028461014149911888,0.47368421052631576,0.0,0.0,0.7523885350318471,1229,27,50,0,0.0,0.0,0.0,0.9785031847133758,0.021496815286624203,0.94104134762634,0.4892515923566879,-0.02898923749943148,1250,6,50,0,0.0,0.0,0.0,0.9952229299363057,0.004777070063694267,0.9571209800918836,0.49761146496815284,-0.013554831758020497,4,0,3,3,0.0,0.0,0.0,,,2.5477707006369426,785,"Sampled-label overlap, no point adjustment; delays among detected events only; no original-FPS seconds.",0.6,0.6333333333333333,,1306,50,True
S05,0,prototype_motion,0.995,3.2426037788391113,0.00545950864422202,0.005573248407643312,0.3811624203821656,0.029619094344884467,0.028461014149911888,0.47368421052631576,0.0,0.0,0.7523885350318471,1245,11,50,0,0.0,0.0,0.0,0.9912420382165605,0.00875796178343949,0.9532924961715161,0.49562101910828027,-0.018388725964673065,1256,0,50,0,0.0,0.0,0.0,1.0,0.0,0.9617151607963247,0.5,0.0,4,0,0,0,0.0,0.0,0.0,,,0.0,785,"Sampled-label overlap, no point adjustment; delays among detected events only; no original-FPS seconds.",0.6,0.6333333333333333,,1306,50,True
S05,0,prototype_motion,0.999,4.488490104675293,0.0009099181073703367,0.0015923566878980893,0.3811624203821656,0.029619094344884467,0.028461014149911888,0.47368421052631576,0.0,0.0,0.7523885350318471,1252,4,50,0,0.0,0.0,0.0,0.9968152866242038,0.0031847133757961785,0.9586523736600306,0.4984076433121019,-0.01105897015472552,1256,0,50,0,0.0,0.0,0.0,1.0,0.0,0.9617151607963247,0.5,0.0,4,0,0,0,0.0,0.0,0.0,,,0.0,785,"Sampled-label overlap, no point adjustment; delays among detected events only; no original-FPS seconds.",0.6,0.6333333333333333,,1306,50,True
S05,0,prototype_motion_ema,0.95,1.7291257527670878,0.04549590536851683,0.05015923566878981,0.37453821656050956,0.02877116839341292,0.028109639995395543,0.47368421052631576,0.0,0.0,0.7555732484076433,1184,72,50,0,0.0,0.0,0.0,0.9426751592356688,0.05732484076433121,0.9065849923430321,0.4713375796178344,-0.04819465223681315,1205,51,50,0,0.0,0.0,0.0,0.9593949044585988,0.04060509554140127,0.9226646248085758,0.4796974522292994,-0.04022105033556021,4,0,6,6,0.0,0.0,0.0,,,6.369426751592357,785,"Sampled-label overlap, no point adjustment; delays among detected events only; no original-FPS seconds.",0.6,0.6333333333333333,,1306,50,True
S05,0,prototype_motion_ema,0.975,2.0299175273647396,0.03275705186533212,0.025477707006369428,0.37453821656050956,0.02877116839341292,0.028109639995395543,0.47368421052631576,0.0,0.0,0.7555732484076433,1212,44,50,0,0.0,0.0,0.0,0.964968152866242,0.03503184713375796,0.9280245022970903,0.482484076433121,-0.03725519520125051,1232,24,50,0,0.0,0.0,0.0,0.9808917197452229,0.01910828025477707,0.9433384379785605,0.49044585987261147,-0.027299317574728997,4,0,5,5,0.0,0.0,0.0,,,5.095541401273885,785,"Sampled-label overlap, no point adjustment; delays among detected events only; no original-FPS seconds.",0.6,0.6333333333333333,,1306,50,True
S05,0,prototype_motion_ema,0.99,2.443126966623286,0.01364877161055505,0.010350318471337579,0.37453821656050956,0.02877116839341292,0.028109639995395543,0.47368421052631576,0.0,0.0,0.7555732484076433,1236,20,50,0,0.0,0.0,0.0,0.9840764331210191,0.01592356687898089,0.9464012251148545,0.49203821656050956,-0.02488196621196021,1246,10,50,0,0.0,0.0,0.0,0.9920382165605095,0.007961783439490446,0.9540581929555896,0.49601910828025475,-0.017526196705731554,4,0,3,3,0.0,0.0,0.0,,,2.5477707006369426,785,"Sampled-label overlap, no point adjustment; delays among detected events only; no original-FPS seconds.",0.6,0.6333333333333333,,1306,50,True
S05,0,prototype_motion_ema,0.995,2.7670895794213712,0.00545950864422202,0.005573248407643312,0.37453821656050956,0.02877116839341292,0.028109639995395543,0.47368421052631576,0.0,0.0,0.7555732484076433,1244,12,50,0,0.0,0.0,0.0,0.9904458598726115,0.009554140127388535,0.9525267993874426,0.49522292993630573,-0.019213817766798844,1252,4,50,0,0.0,0.0,0.0,0.9968152866242038,0.0031847133757961785,0.9586523736600306,0.4984076433121019,-0.01105897015472552,4,0,2,2,0.0,0.0,0.0,,,1.2738853503184713,785,"Sampled-label overlap, no point adjustment; delays among detected events only; no original-FPS seconds.",0.6,0.6333333333333333,,1306,50,True
S05,0,prototype_motion_ema,0.999,3.302573093563962,0.0018198362147406734,0.0015923566878980893,0.37453821656050956,0.02877116839341292,0.028109639995395543,0.47368421052631576,0.0,0.0,0.7555732484076433,1250,6,50,0,0.0,0.0,0.0,0.9952229299363057,0.004777070063694267,0.9571209800918836,0.49761146496815284,-0.013554831758020497,1255,1,50,0,0.0,0.0,0.0,0.9992038216560509,0.0007961783439490446,0.9609494640122511,0.49960191082802546,-0.005523125690465835,4,0,1,1,0.0,0.0,0.0,,,0.0,785,"Sampled-label overlap, no point adjustment; delays among detected events only; no original-FPS seconds.",0.6,0.6333333333333333,,1306,50,True
S05,0,prototype_fewshot3,0.95,0.010356754064559937,0.0,0.05015923566878981,0.3425875796178344,0.028032864580553853,0.026764146833019496,0.47368421052631576,0.0,0.0,0.8837579617834395,1190,66,50,0,0.0,0.0,0.0,0.947452229299363,0.052547770700636945,0.9111791730474732,0.4737261146496815,-0.04603109516185636,1196,60,50,0,0.0,0.0,0.0,0.9522292993630573,0.04777070063694268,0.9157733537519143,0.47611464968152867,-0.043783128084380146,4,0,1,1,0.0,0.0,0.0,,,1.2738853503184713,785,"Sampled-label overlap, no point adjustment; delays among detected events only; no original-FPS seconds.",0.4,0.38333333333333336,,1306,50,True
S05,0,prototype_fewshot3,0.975,0.02851945161819458,0.0,0.025477707006369428,0.3425875796178344,0.028032864580553853,0.026764146833019496,0.47368421052631576,0.0,0.0,0.8837579617834395,1224,32,50,0,0.0,0.0,0.0,0.9745222929936306,0.025477707006369428,0.9372128637059725,0.4872611464968153,-0.0316213536727837,1225,31,50,0,0.0,0.0,0.0,0.9753184713375797,0.024681528662420384,0.9379785604900459,0.4876592356687898,-0.031111140846982764,4,0,2,2,0.0,0.0,0.0,,,2.5477707006369426,785,"Sampled-label overlap, no point adjustment; delays among detected events only; no original-FPS seconds.",0.4,0.38333333333333336,,1306,50,True
S05,0,prototype_fewshot3,0.99,0.034397806972265244,0.0,0.010350318471337579,0.3425875796178344,0.028032864580553853,0.026764146833019496,0.47368421052631576,0.0,0.0,0.8837579617834395,1243,13,50,0,0.0,0.0,0.0,0.9896496815286624,0.010350318471337579,0.9517611026033691,0.4948248407643312,-0.020006107411781902,1249,7,50,0,0.0,0.0,0.0,0.9944267515923567,0.005573248407643312,0.9563552833078101,0.49721337579617836,-0.014646526002017136,4,0,1,1,0.0,0.0,0.0,,,1.2738853503184713,785,"Sampled-label overlap, no point adjustment; delays among detected events only; no original-FPS seconds.",0.4,0.38333333333333336,,1306,50,True
S05,0,prototype_fewshot3,0.995,0.040579747408628464,0.0,0.005573248407643312,0.3425875796178344,0.028032864580553853,0.026764146833019496,0.47368421052631576,0.0,0.0,0.8837579617834395,1249,7,50,0,0.0,0.0,0.0,0.9944267515923567,0.005573248407643312,0.9563552833078101,0.49721337579617836,-0.014646526002017136,1252,4,50,0,0.0,0.0,0.0,0.9968152866242038,0.0031847133757961785,0.9586523736600306,0.4984076433121019,-0.01105897015472552,4,0,2,2,0.0,0.0,0.0,,,2.5477707006369426,785,"Sampled-label overlap, no point adjustment; delays among detected events only; no original-FPS seconds.",0.4,0.38333333333333336,,1306,50,True
S05,0,prototype_fewshot3,0.999,0.05136232078075409,0.0,0.0015923566878980893,0.3425875796178344,0.028032864580553853,0.026764146833019496,0.47368421052631576,0.0,0.0,0.8837579617834395,1254,2,50,0,0.0,0.0,0.0,0.9984076433121019,0.0015923566878980893,0.9601837672281777,0.49920382165605093,-0.007813873653219958,1256,0,50,0,0.0,0.0,0.0,1.0,0.0,0.9617151607963247,0.5,0.0,4,0,0,0,0.0,0.0,0.0,,,0.0,785,"Sampled-label overlap, no point adjustment; delays among detected events only; no original-FPS seconds.",0.4,0.38333333333333336,,1306,50,True
S05,0,prototype_neural,0.95,2.0271286964416504,0.047315741583257506,0.05015923566878981,0.8099681528662421,0.10195087992272106,0.09855515627098747,0.5525310090512907,0.0,0.08,0.3718152866242038,1160,96,42,8,0.07692307692307693,0.16,0.1038961038961039,0.9235668789808917,0.07643312101910828,0.8943338437978561,0.5417834394904458,0.05923045938793082,1196,60,44,6,0.09090909090909091,0.12,0.10344827586206896,0.9522292993630573,0.04777070063694268,0.9203675344563553,0.5361146496815287,0.06327183262247893,4,1,8,7,0.125,0.25,0.16666666666666666,0.0,0.0,5.095541401273885,785,"Sampled-label overlap, no point adjustment; delays among detected events only; no original-FPS seconds.",0.8666666666666667,0.8055555555555556,,1306,50,True
S05,0,prototype_neural,0.975,2.597496747970581,0.025477707006369428,0.025477707006369428,0.8099681528662421,0.10195087992272106,0.09855515627098747,0.5525310090512907,0.0,0.08,0.3718152866242038,1198,58,46,4,0.06451612903225806,0.08,0.07142857142857142,0.9538216560509554,0.04617834394904458,0.9203675344563553,0.5169108280254777,0.03051888449996414,1232,24,48,2,0.07692307692307693,0.04,0.052631578947368425,0.9808917197452229,0.01910828025477707,0.9448698315467075,0.5104458598726115,0.028698708587169712,4,1,5,4,0.2,0.25,0.22222222222222224,4.0,16.0,2.5477707006369426,785,"Sampled-label overlap, no point adjustment; delays among detected events only; no original-FPS seconds.",0.8666666666666667,0.8055555555555556,,1306,50,True
S05,0,prototype_neural,0.99,3.0660364627838135,0.010009099181073703,0.010350318471337579,0.8099681528662421,0.10195087992272106,0.09855515627098747,0.5525310090512907,0.0,0.08,0.3718152866242038,1221,35,48,2,0.05405405405405406,0.04,0.045977011494252866,0.9721337579617835,0.02786624203821656,0.9364471669218989,0.5060668789808918,0.01403277223913426,1246,10,50,0,0.0,0.0,0.0,0.9920382165605095,0.007961783439490446,0.9540581929555896,0.49601910828025475,-0.017526196705731554,4,0,3,3,0.0,0.0,0.0,,,1.2738853503184713,785,"Sampled-label overlap, no point adjustment; delays among detected events only; no original-FPS seconds.",0.8666666666666667,0.8055555555555556,,1306,50,True
S05,0,prototype_neural,0.995,3.5489892959594727,0.00545950864422202,0.005573248407643312,0.8099681528662421,0.10195087992272106,0.09855515627098747,0.5525310090512907,0.0,0.08,0.3718152866242038,1234,22,50,0,0.0,0.0,0.0,0.982484076433121,0.01751592356687898,0.9448698315467075,0.4912420382165605,-0.026116742734244046,1256,0,50,0,0.0,0.0,0.0,1.0,0.0,0.9617151607963247,0.5,0.0,4,0,0,0,0.0,0.0,0.0,,,0.0,785,"Sampled-label overlap, no point adjustment; delays among detected events only; no original-FPS seconds.",0.8666666666666667,0.8055555555555556,,1306,50,True
S05,0,prototype_neural,0.999,3.867035388946533,0.0018198362147406734,0.0015923566878980893,0.8099681528662421,0.10195087992272106,0.09855515627098747,0.5525310090512907,0.0,0.08,0.3718152866242038,1244,12,50,0,0.0,0.0,0.0,0.9904458598726115,0.009554140127388535,0.9525267993874426,0.49522292993630573,-0.019213817766798844,1256,0,50,0,0.0,0.0,0.0,1.0,0.0,0.9617151607963247,0.5,0.0,4,0,0,0,0.0,0.0,0.0,,,0.0,785,"Sampled-label overlap, no point adjustment; delays among detected events only; no original-FPS seconds.",0.8666666666666667,0.8055555555555556,,1306,50,True
S05,0,prototype_neural_ema,0.95,2.0165854793466718,0.04640582347588717,0.04936305732484077,0.7976910828025477,0.09967739692996305,0.09592593217720431,0.5576768354006034,0.0,0.12,0.42436305732484075,1165,91,43,7,0.07142857142857142,0.14,0.09459459459459459,0.927547770700637,0.07245222929936306,0.8973966309341501,0.5337738853503184,0.04919764759748598,1186,70,45,5,0.06666666666666667,0.1,0.08,0.9442675159235668,0.05573248407643312,0.9119448698315467,0.5221337579617834,0.036509452131792075,4,1,8,7,0.125,0.25,0.16666666666666666,1.0,4.0,2.5477707006369426,785,"Sampled-label overlap, no point adjustment; delays among detected events only; no original-FPS seconds.",0.8666666666666667,0.8055555555555556,,1306,50,True
S05,0,prototype_neural_ema,0.975,2.392947286639199,0.023657870791628753,0.025477707006369428,0.7976910828025477,0.09967739692996305,0.09592593217720431,0.5576768354006034,0.0,0.12,0.42436305732484075,1200,56,44,6,0.0967741935483871,0.12,0.10714285714285714,0.9554140127388535,0.044585987261146494,0.9234303215926493,0.5377070063694267,0.06804964076828161,1216,40,45,5,0.1111111111111111,0.1,0.10526315789473685,0.9681528662420382,0.03184713375796178,0.9349157733537519,0.5340764331210192,0.0716968618210993,4,1,7,6,0.14285714285714285,0.25,0.18181818181818182,1.0,4.0,3.821656050955414,785,"Sampled-label overlap, no point adjustment; delays among detected events only; no original-FPS seconds.",0.8666666666666667,0.8055555555555556,,1306,50,True
S05,0,prototype_neural_ema,0.99,2.8239257445022043,0.011828935395814377,0.010350318471337579,0.7976910828025477,0.09967739692996305,0.09592593217720431,0.5576768354006034,0.0,0.12,0.42436305732484075,1227,29,48,2,0.06451612903225806,0.04,0.04938271604938271,0.9769108280254777,0.02308917197452229,0.94104134762634,0.5084554140127389,0.021316149406126254,1240,16,50,0,0.0,0.0,0.0,0.9872611464968153,0.012738853503184714,0.9494640122511485,0.49363057324840764,-0.022220576314563614,4,0,4,4,0.0,0.0,0.0,,,1.2738853503184713,785,"Sampled-label overlap, no point adjustment; delays among detected events only; no original-FPS seconds.",0.8666666666666667,0.8055555555555556,,1306,50,True
S05,0,prototype_neural_ema,0.995,3.0491741305994213,0.006369426751592357,0.005573248407643312,0.7976910828025477,0.09967739692996305,0.09592593217720431,0.5576768354006034,0.0,0.12,0.42436305732484075,1240,16,49,1,0.058823529411764705,0.02,0.02985074626865672,0.9872611464968153,0.012738853503184714,0.9502297090352221,0.5036305732484077,0.012292326903970877,1248,8,50,0,0.0,0.0,0.0,0.9936305732484076,0.006369426751592357,0.9555895865237366,0.4968152866242038,-0.01566382526281854,4,0,3,3,0.0,0.0,0.0,,,1.2738853503184713,785,"Sampled-label overlap, no point adjustment; delays among detected events only; no original-FPS seconds.",0.8666666666666667,0.8055555555555556,,1306,50,True
S05,0,prototype_neural_ema,0.999,3.468796621186696,0.0018198362147406734,0.0015923566878980893,0.7976910828025477,0.09967739692996305,0.09592593217720431,0.5576768354006034,0.0,0.12,0.42436305732484075,1250,6,50,0,0.0,0.0,0.0,0.9952229299363057,0.004777070063694267,0.9571209800918836,0.49761146496815284,-0.013554831758020497,1255,1,50,0,0.0,0.0,0.0,0.9992038216560509,0.0007961783439490446,0.9609494640122511,0.49960191082802546,-0.005523125690465835,4,0,1,1,0.0,0.0,0.0,,,0.0,785,"Sampled-label overlap, no point adjustment; delays among detected events only; no original-FPS seconds.",0.8666666666666667,0.8055555555555556,,1306,50,True
S05,0,reference_dino_global_pca,0.95,0.0011987537145614624,0.040036396724294813,0.04936305732484077,0.47141719745222926,0.04237390209036513,0.03936872938847841,0.5033188065705665,0.0,0.0,0.9267515923566879,1178,78,44,6,0.07142857142857142,0.12,0.08955223880597014,0.9378980891719745,0.06210191082802548,0.9065849923430321,0.5289490445859872,0.04528650515970637,1219,37,46,4,0.0975609756097561,0.08,0.08791208791208793,0.9705414012738853,0.02945859872611465,0.9364471669218989,0.5252707006369427,0.05561473977042624,4,1,10,9,0.1,0.25,0.14285714285714288,2.0,8.0,10.19108280254777,785,"Sampled-label overlap, no point adjustment; delays among detected events only; no original-FPS seconds.",0.6,0.4777777777777778,,1306,50,True
S05,0,reference_dino_global_pca,0.975,0.001377170905470848,0.014558689717925387,0.025477707006369428,0.47141719745222926,0.04237390209036513,0.03936872938847841,0.5033188065705665,0.0,0.0,0.9267515923566879,1215,41,50,0,0.0,0.0,0.0,0.9673566878980892,0.03264331210191083,0.9303215926493109,0.4836783439490446,-0.03592004301492558,1247,9,50,0,0.0,0.0,0.0,0.9928343949044586,0.007165605095541401,0.9548238897396631,0.4964171974522293,-0.016620399138492396,4,0,4,4,0.0,0.0,0.0,,,5.095541401273885,785,"Sampled-label overlap, no point adjustment; delays among detected events only; no original-FPS seconds.",0.6,0.4777777777777778,,1306,50,True
S05,0,reference_dino_global_pca,0.99,0.0015945655759423971,0.004549590536851683,0.010350318471337579,0.47141719745222926,0.04237390209036513,0.03936872938847841,0.5033188065705665,0.0,0.0,0.9267515923566879,1237,19,50,0,0.0,0.0,0.0,0.9848726114649682,0.015127388535031847,0.947166921898928,0.4924363057324841,-0.024242517036925426,1253,3,50,0,0.0,0.0,0.0,0.9976114649681529,0.0023885350318471337,0.9594180704441041,0.49880573248407645,-0.009573673273518712,4,0,1,1,0.0,0.0,0.0,,,1.2738853503184713,785,"Sampled-label overlap, no point adjustment; delays among detected events only; no original-FPS seconds.",0.6,0.4777777777777778,,1306,50,True
S05,0,reference_dino_global_pca,0.995,0.0017418338684365153,0.0018198362147406734,0.005573248407643312,0.47141719745222926,0.04237390209036513,0.03936872938847841,0.5033188065705665,0.0,0.0,0.9267515923566879,1245,11,50,0,0.0,0.0,0.0,0.9912420382165605,0.00875796178343949,0.9532924961715161,0.49562101910828027,-0.018388725964673065,1253,3,50,0,0.0,0.0,0.0,0.9976114649681529,0.0023885350318471337,0.9594180704441041,0.49880573248407645,-0.009573673273518712,4,0,1,1,0.0,0.0,0.0,,,1.2738853503184713,785,"Sampled-label overlap, no point adjustment; delays among detected events only; no original-FPS seconds.",0.6,0.4777777777777778,,1306,50,True
S05,0,reference_dino_global_pca,0.999,0.0022533738519996405,0.0,0.0015923566878980893,0.47141719745222926,0.04237390209036513,0.03936872938847841,0.5033188065705665,0.0,0.0,0.9267515923566879,1253,3,50,0,0.0,0.0,0.0,0.9976114649681529,0.0023885350318471337,0.9594180704441041,0.49880573248407645,-0.009573673273518712,1256,0,50,0,0.0,0.0,0.0,1.0,0.0,0.9617151607963247,0.5,0.0,4,0,0,0,0.0,0.0,0.0,,,0.0,785,"Sampled-label overlap, no point adjustment; delays among detected events only; no original-FPS seconds.",0.6,0.4777777777777778,,1306,50,True
S05,0,reference_dino_frame_denoising_ae,0.95,0.037065621465444565,0.0373066424021838,0.04936305732484077,0.5679299363057325,0.0468393649840389,0.043716237210370504,0.5066711364398256,0.0,0.12,0.6648089171974523,1177,79,44,6,0.07058823529411765,0.12,0.08888888888888888,0.9371019108280255,0.06289808917197452,0.9058192955589587,0.5285509554140128,0.04441842636729879,1223,33,46,4,0.10810810810810811,0.08,0.09195402298850573,0.9737261146496815,0.026273885350318472,0.9395099540581929,0.5268630573248407,0.06213461093810892,4,1,8,7,0.125,0.25,0.16666666666666666,2.0,8.0,3.821656050955414,785,"Sampled-label overlap, no point adjustment; delays among detected events only; no original-FPS seconds.",0.9333333333333333,0.9166666666666666,,1306,50,True
S05,0,reference_dino_frame_denoising_ae,0.975,0.03980232775211334,0.01910828025477707,0.025477707006369428,0.5679299363057325,0.0468393649840389,0.043716237210370504,0.5066711364398256,0.0,0.12,0.6648089171974523,1197,59,49,1,0.016666666666666666,0.02,0.01818181818181818,0.9530254777070064,0.046974522292993634,0.9173047473200613,0.4865127388535032,-0.024722872991646657,1237,19,50,0,0.0,0.0,0.0,0.9848726114649682,0.015127388535031847,0.947166921898928,0.4924363057324841,-0.024242517036925426,4,0,4,4,0.0,0.0,0.0,,,2.5477707006369426,785,"Sampled-label overlap, no point adjustment; delays among detected events only; no original-FPS seconds.",0.9333333333333333,0.9166666666666666,,1306,50,True
S05,0,reference_dino_frame_denoising_ae,0.99,0.044335585087537766,0.01364877161055505,0.010350318471337579,0.5679299363057325,0.0468393649840389,0.043716237210370504,0.5066711364398256,0.0,0.12,0.6648089171974523,1217,39,50,0,0.0,0.0,0.0,0.9689490445859873,0.03105095541401274,0.9318529862174579,0.48447452229299365,-0.03500533019172366,1239,17,50,0,0.0,0.0,0.0,0.9864649681528662,0.013535031847133758,0.9486983154670751,0.4932324840764331,-0.022913328658717643,4,0,3,3,0.0,0.0,0.0,,,2.5477707006369426,785,"Sampled-label overlap, no point adjustment; delays among detected events only; no original-FPS seconds.",0.9333333333333333,0.9166666666666666,,1306,50,True
S05,0,reference_dino_frame_denoising_ae,0.995,0.046660520136356354,0.006369426751592357,0.005573248407643312,0.5679299363057325,0.0468393649840389,0.043716237210370504,0.5066711364398256,0.0,0.12,0.6648089171974523,1229,27,50,0,0.0,0.0,0.0,0.9785031847133758,0.021496815286624203,0.94104134762634,0.4892515923566879,-0.02898923749943148,1250,6,50,0,0.0,0.0,0.0,0.9952229299363057,0.004777070063694267,0.9571209800918836,0.49761146496815284,-0.013554831758020497,4,0,2,2,0.0,0.0,0.0,,,1.2738853503184713,785,"Sampled-label overlap, no point adjustment; delays among detected events only; no original-FPS seconds.",0.9333333333333333,0.9166666666666666,,1306,50,True
S05,0,reference_dino_frame_denoising_ae,0.999,0.05817876383662224,0.0018198362147406734,0.0015923566878980893,0.5679299363057325,0.0468393649840389,0.043716237210370504,0.5066711364398256,0.0,0.12,0.6648089171974523,1242,14,50,0,0.0,0.0,0.0,0.9888535031847133,0.011146496815286623,0.9509954058192955,0.49442675159235666,-0.02076935183927957,1254,2,50,0,0.0,0.0,0.0,0.9984076433121019,0.0015923566878980893,0.9601837672281777,0.49920382165605093,-0.007813873653219958,4,0,1,1,0.0,0.0,0.0,,,0.0,785,"Sampled-label overlap, no point adjustment; delays among detected events only; no original-FPS seconds.",0.9333333333333333,0.9166666666666666,,1306,50,True
S05,0,reference_dino_full_ema,0.95,1.8572898023015971,0.04185623293903549,0.04936305732484077,0.8485987261146497,0.18216230050466847,0.17518357833397627,0.6620851491786792,0.06,0.44,0.3734076433121019,1132,124,26,24,0.16216216216216217,0.48,0.2424242424242424,0.9012738853503185,0.09872611464968153,0.885145482388974,0.6906369426751593,0.23079784242338064,1152,104,28,22,0.1746031746031746,0.44,0.25,0.9171974522292994,0.08280254777070063,0.8989280245022971,0.6785987261146497,0.23214637057595278,4,2,13,11,0.15384615384615385,0.5,0.23529411764705882,1.5,6.0,5.095541401273885,785,"Sampled-label overlap, no point adjustment; delays among detected events only; no original-FPS seconds.",0.9333333333333333,0.9166666666666666,,1306,50,True
S05,0,reference_dino_full_ema,0.975,2.1165731418875753,0.01910828025477707,0.024681528662420384,0.8485987261146497,0.18216230050466847,0.17518357833397627,0.6620851491786792,0.06,0.44,0.3734076433121019,1162,94,26,24,0.2033898305084746,0.48,0.2857142857142857,0.9251592356687898,0.07484076433121019,0.9081163859111792,0.7025796178343948,0.2711791786849935,1186,70,28,22,0.2391304347826087,0.44,0.3098591549295775,0.9442675159235668,0.05573248407643312,0.9249617151607963,0.6921337579617834,0.2881444359053813,4,2,9,7,0.2222222222222222,0.5,0.30769230769230765,1.5,6.0,2.5477707006369426,785,"Sampled-label overlap, no point adjustment; delays among detected events only; no original-FPS seconds.",0.9333333333333333,0.9166666666666666,,1306,50,True
S05,0,reference_dino_full_ema,0.99,2.438680775017209,0.012738853503184714,0.010350318471337579,0.8485987261146497,0.18216230050466847,0.17518357833397627,0.6620851491786792,0.06,0.44,0.3734076433121019,1186,70,27,23,0.24731182795698925,0.46,0.3216783216783217,0.9442675159235668,0.05573248407643312,0.9257274119448698,0.7021337579617835,0.3016315689170335,1203,53,30,20,0.273972602739726,0.4,0.3252032520325203,0.9578025477707006,0.04219745222929936,0.9364471669218989,0.6789012738853504,0.2988685951769327,4,2,8,6,0.25,0.5,0.3333333333333333,2.5,10.0,1.2738853503184713,785,"Sampled-label overlap, no point adjustment; delays among detected events only; no original-FPS seconds.",0.9333333333333333,0.9166666666666666,,1306,50,True
S05,0,reference_dino_full_ema,0.995,2.7738241819227354,0.006369426751592357,0.005573248407643312,0.8485987261146497,0.18216230050466847,0.17518357833397627,0.6620851491786792,0.06,0.44,0.3734076433121019,1208,48,29,21,0.30434782608695654,0.42,0.3529411764705883,0.9617834394904459,0.03821656050955414,0.94104134762634,0.6908917197452229,0.32748205944546444,1222,34,32,18,0.34615384615384615,0.36,0.35294117647058826,0.9729299363057324,0.027070063694267517,0.9494640122511485,0.6664649681528663,0.3267248968256713,4,2,9,7,0.2222222222222222,0.5,0.30769230769230765,3.5,14.0,1.2738853503184713,785,"Sampled-label overlap, no point adjustment; delays among detected events only; no original-FPS seconds.",0.9333333333333333,0.9166666666666666,,1306,50,True
S05,0,reference_dino_full_ema,0.999,3.43564456586193,0.0018198362147406734,0.0015923566878980893,0.8485987261146497,0.18216230050466847,0.17518357833397627,0.6620851491786792,0.06,0.44,0.3734076433121019,1235,21,46,4,0.16,0.08,0.10666666666666667,0.98328025477707,0.016719745222929936,0.9486983154670751,0.531640127388535,0.08861423073441353,1244,12,48,2,0.14285714285714285,0.04,0.0625,0.9904458598726115,0.009554140127388535,0.9540581929555896,0.5152229299363057,0.05673000102386078,4,1,2,1,0.5,0.25,0.3333333333333333,4.0,16.0,0.0,785,"Sampled-label overlap, no point adjustment; delays among detected events only; no original-FPS seconds.",0.9333333333333333,0.9166666666666666,,1306,50,True
S06,0,prototype64,0.95,0.022304067388176918,0.059713375796178345,0.05031847133757962,0.46622107293127635,0.16583307240916761,0.16544524297158197,0.4737409928965255,0.0,0.0,0.944758064516129,2318,162,598,0,0.0,0.0,0.0,0.9346774193548387,0.06532258064516129,0.7530864197530864,0.46733870967741936,-0.11574133811076426,2338,142,598,0,0.0,0.0,0.0,0.942741935483871,0.05725806451612903,0.7595841455490578,0.4713709677419355,-0.10799182937329752,9,0,5,5,0.0,0.0,0.0,,,3.1466331025802394,1589,"Sampled-label overlap, no point adjustment; delays among detected events only; no original-FPS seconds.",0.18888888888888888,0.35222936678045036,,3078,598,True
S06,0,prototype64,0.975,0.026791345328092575,0.042993630573248405,0.025477707006369428,0.46622107293127635,0.16583307240916761,0.16544524297158197,0.4737409928965255,0.0,0.0,0.944758064516129,2348,132,598,0,0.0,0.0,0.0,0.9467741935483871,0.0532258064516129,0.7628330084470435,0.47338709677419355,-0.1039430236148751,2358,122,598,0,0.0,0.0,0.0,0.9508064516129032,0.049193548387096775,0.7660818713450293,0.4754032258064516,-0.09975908384215956,9,0,3,3,0.0,0.0,0.0,,,1.8879798615481436,1589,"Sampled-label overlap, no point adjustment; delays among detected events only; no original-FPS seconds.",0.18888888888888888,0.35222936678045036,,3078,598,True
S06,0,prototype64,0.99,0.030754702165722847,0.02945859872611465,0.01019108280254777,0.46622107293127635,0.16583307240916761,0.16544524297158197,0.4737409928965255,0.0,0.0,0.944758064516129,2367,113,598,0,0.0,0.0,0.0,0.9544354838709678,0.045564516129032256,0.7690058479532164,0.4772177419354839,-0.09586313431728412,2373,107,598,0,0.0,0.0,0.0,0.9568548387096775,0.04314516129032258,0.7709551656920078,0.47842741935483873,-0.09318914229064461,9,0,3,3,0.0,0.0,0.0,,,1.8879798615481436,1589,"Sampled-label overlap, no point adjustment; delays among detected events only; no original-FPS seconds.",0.18888888888888888,0.35222936678045036,,3078,598,True
S06,0,prototype64,0.995,0.03384145721793175,0.025477707006369428,0.005095541401273885,0.46622107293127635,0.16583307240916761,0.16544524297158197,0.4737409928965255,0.0,0.0,0.944758064516129,2373,107,598,0,0.0,0.0,0.0,0.9568548387096775,0.04314516129032258,0.7709551656920078,0.47842741935483873,-0.09318914229064461,2380,100,598,0,0.0,0.0,0.0,0.9596774193548387,0.04032258064516129,0.7732293697205977,0.4798387096774194,-0.08998340124862364,9,0,3,3,0.0,0.0,0.0,,,1.8879798615481436,1589,"Sampled-label overlap, no point adjustment; delays among detected events only; no original-FPS seconds.",0.18888888888888888,0.35222936678045036,,3078,598,True
S06,0,prototype64,0.999,0.038539987057447433,0.02388535031847134,0.0012738853503184713,0.46622107293127635,0.16583307240916761,0.16544524297158197,0.4737409928965255,0.0,0.0,0.944758064516129,2377,103,598,0,0.0,0.0,0.0,0.9584677419354839,0.04153225806451613,0.7722547108512021,0.47923387096774195,-0.09136921189076609,2383,97,598,0,0.0,0.0,0.0,0.9608870967741936,0.039112903225806454,0.7742040285899935,0.4804435483870968,-0.08857876700116066,9,0,3,3,0.0,0.0,0.0,,,1.8879798615481436,1589,"Sampled-label overlap, no point adjustment; delays among detected events only; no original-FPS seconds.",0.18888888888888888,0.35222936678045036,,3078,598,True
S06,0,prototype256,0.95,0.01731976494193077,0.06687898089171974,0.05031847133757962,0.5415433838601791,0.18964523311979584,0.18922903277170305,0.473691308322592,0.0,0.0,0.8379032258064516,2274,206,598,0,0.0,0.0,0.0,0.9169354838709678,0.08306451612903226,0.7387914230019493,0.4584677419354839,-0.13151223060405634,2286,194,598,0,0.0,0.0,0.0,0.9217741935483871,0.07822580645161291,0.7426900584795322,0.46088709677419354,-0.12735851557832178,9,0,9,9,0.0,0.0,0.0,,,5.663939584644431,1589,"Sampled-label overlap, no point adjustment; delays among detected events only; no original-FPS seconds.",0.2222222222222222,0.3618789673614235,,3078,598,True
S06,0,prototype256,0.975,0.02344844862818718,0.037420382165605094,0.025477707006369428,0.5415433838601791,0.18964523311979584,0.18922903277170305,0.473691308322592,0.0,0.0,0.8379032258064516,2344,136,598,0,0.0,0.0,0.0,0.9451612903225807,0.054838709677419356,0.7615334632878492,0.47258064516129034,-0.10557786406111172,2353,127,598,0,0.0,0.0,0.0,0.9487903225806451,0.05120967741935484,0.7644574398960364,0.47439516129032255,-0.10186899164823776,9,0,3,3,0.0,0.0,0.0,,,1.8879798615481436,1589,"Sampled-label overlap, no point adjustment; delays among detected events only; no original-FPS seconds.",0.2222222222222222,0.3618789673614235,,3078,598,True
S06,0,prototype256,0.99,0.02761192061007023,0.03105095541401274,0.01019108280254777,0.5415433838601791,0.18964523311979584,0.18922903277170305,0.473691308322592,0.0,0.0,0.8379032258064516,2359,121,598,0,0.0,0.0,0.0,0.9512096774193548,0.04879032258064516,0.7664067576348278,0.4756048387096774,-0.09933259344309134,2367,113,598,0,0.0,0.0,0.0,0.9544354838709678,0.045564516129032256,0.7690058479532164,0.4772177419354839,-0.09586313431728412,9,0,3,3,0.0,0.0,0.0,,,1.8879798615481436,1589,"Sampled-label overlap, no point adjustment; delays among detected events only; no original-FPS seconds.",0.2222222222222222,0.3618789673614235,,3078,598,True
S06,0,prototype256,0.995,0.031715452671051025,0.026273885350318472,0.005095541401273885,0.5415433838601791,0.18964523311979584,0.18922903277170305,0.473691308322592,0.0,0.0,0.8379032258064516,2370,110,598,0,0.0,0.0,0.0,0.9556451612903226,0.04435483870967742,0.7699805068226121,0.4778225806451613,-0.09453424191086222,2376,104,598,0,0.0,0.0,0.0,0.9580645161290322,0.041935483870967745,0.7719298245614035,0.4790322580645161,-0.09182711482139626,9,0,3,3,0.0,0.0,0.0,,,1.8879798615481436,1589,"Sampled-label overlap, no point adjustment; delays among detected events only; no original-FPS seconds.",0.2222222222222222,0.3618789673614235,,3078,598,True
S06,0,prototype256,0.999,0.03702419251203537,0.022292993630573247,0.0012738853503184713,0.5415433838601791,0.18964523311979584,0.18922903277170305,0.473691308322592,0.0,0.0,0.8379032258064516,2388,92,598,0,0.0,0.0,0.0,0.9629032258064516,0.037096774193548385,0.7758284600389863,0.4814516129032258,-0.08619335063187109,2395,85,598,0,0.0,0.0,0.0,0.9657258064516129,0.034274193548387094,0.7781026640675763,0.48286290322580644,-0.08275244914161763,9,0,3,3,0.0,0.0,0.0,,,1.8879798615481436,1589,"Sampled-label overlap, no point adjustment; delays among detected events only; no original-FPS seconds.",0.2222222222222222,0.3618789673614235,,3078,598,True
S06,0,prototype_motion,0.95,2.3658735752105713,0.059713375796178345,0.05031847133757962,0.40388256554105084,0.15254940858611926,0.15214423631909912,0.47665108936977246,0.0,0.0,0.9766129032258064,2296,184,591,7,0.03664921465968586,0.011705685618729096,0.017743979721166033,0.9258064516129032,0.07419354838709677,0.7482131254061078,0.46875606861581615,-0.10247832726226747,2328,152,598,0,0.0,0.0,0.0,0.9387096774193548,0.06129032258064516,0.7563352826510721,0.4693548387096774,-0.11192043376401573,9,0,5,5,0.0,0.0,0.0,,,3.1466331025802394,1589,"Sampled-label overlap, no point adjustment; delays among detected events only; no original-FPS seconds.",0.17777777777777776,0.34888393769972714,,3078,598,True
S06,0,prototype_motion,0.975,3.265885591506958,0.042993630573248405,0.025477707006369428,0.40388256554105084,0.15254940858611926,0.15214423631909912,0.47665108936977246,0.0,0.0,0.9766129032258064,2347,133,598,0,0.0,0.0,0.0,0.9463709677419355,0.053629032258064514,0.762508122157245,0.47318548387096776,-0.10435371690078588,2361,119,598,0,0.0,0.0,0.0,0.9520161290322581,0.04798387096774193,0.767056530214425,0.47600806451612904,-0.09847494562966608,9,0,4,4,0.0,0.0,0.0,,,2.5173064820641913,1589,"Sampled-label overlap, no point adjustment; delays among detected events only; no original-FPS seconds.",0.17777777777777776,0.34888393769972714,,3078,598,True
S06,0,prototype_motion,0.99,3.975628137588501,0.03184713375796178,0.01019108280254777,0.40388256554105084,0.15254940858611926,0.15214423631909912,0.47665108936977246,0.0,0.0,0.9766129032258064,2368,112,598,0,0.0,0.0,0.0,0.9548387096774194,0.04516129032258064,0.7693307342430149,0.4774193548387097,-0.09542192851385106,2377,103,598,0,0.0,0.0,0.0,0.9584677419354839,0.04153225806451613,0.7722547108512021,0.47923387096774195,-0.09136921189076609,9,0,3,3,0.0,0.0,0.0,,,1.8879798615481436,1589,"Sampled-label overlap, no point adjustment; delays among detected events only; no original-FPS seconds.",0.17777777777777776,0.34888393769972714,,3078,598,True
S06,0,prototype_motion,0.995,4.778079986572266,0.024681528662420384,0.005095541401273885,0.40388256554105084,0.15254940858611926,0.15214423631909912,0.47665108936977246,0.0,0.0,0.9766129032258064,2385,95,598,0,0.0,0.0,0.0,0.9616935483870968,0.038306451612903226,0.7748538011695907,0.4808467741935484,-0.08763143581643783,2394,86,598,0,0.0,0.0,0.0,0.9653225806451613,0.03467741935483871,0.7777777777777778,0.48266129032258065,-0.08325171381021183,9,0,4,4,0.0,0.0,0.0,,,2.5173064820641913,1589,"Sampled-label overlap, no point adjustment; delays among detected events only; no original-FPS seconds.",0.17777777777777776,0.34888393769972714,,3078,598,True
S06,0,prototype_motion,0.999,5.8082051277160645,0.019904458598726114,0.0012738853503184713,0.40388256554105084,0.15254940858611926,0.15214423631909912,0.47665108936977246,0.0,0.0,0.9766129032258064,2398,82,598,0,0.0,0.0,0.0,0.9669354838709677,0.03306451612903226,0.7790773229369721,0.48346774193548386,-0.08123828999555752,2408,72,598,0,0.0,0.0,0.0,0.9709677419354839,0.02903225806451613,0.7823261858349577,0.4854838709677419,-0.07599701101245951,9,0,3,3,0.0,0.0,0.0,,,1.8879798615481436,1589,"Sampled-label overlap, no point adjustment; delays among detected events only; no original-FPS seconds.",0.17777777777777776,0.34888393769972714,,3078,598,True
S06,0,prototype_motion_ema,0.95,2.2979693851430802,0.05652866242038217,0.05031847133757962,0.4012164203258172,0.15222909784976757,0.15184997769102954,0.4760726189732612,0.0,0.0,0.9798387096774194,2313,167,596,2,0.011834319526627219,0.0033444816053511705,0.0052151238591916565,0.9326612903225806,0.06733870967741935,0.7521117608836907,0.4680028859639659,-0.11114809516699026,2326,154,598,0,0.0,0.0,0.0,0.9379032258064516,0.062096774193548386,0.755685510071475,0.4689516129032258,-0.11269286700368197,9,0,6,6,0.0,0.0,0.0,,,3.775959723096287,1589,"Sampled-label overlap, no point adjustment; delays among detected events only; no original-FPS seconds.",0.17777777777777778,0.34866996322104676,,3078,598,True
S06,0,prototype_motion_ema,0.975,3.0895323914417516,0.042993630573248405,0.025477707006369428,0.4012164203258172,0.15222909784976757,0.15184997769102954,0.4760726189732612,0.0,0.0,0.9798387096774194,2355,125,598,0,0.0,0.0,0.0,0.9495967741935484,0.05040322580645161,0.7651072124756335,0.4747983870967742,-0.10102946067475728,2363,117,598,0,0.0,0.0,0.0,0.9528225806451613,0.04717741935483871,0.7677063027940221,0.47641129032258067,-0.0976109363322371,9,0,3,3,0.0,0.0,0.0,,,1.8879798615481436,1589,"Sampled-label overlap, no point adjustment; delays among detected events only; no original-FPS seconds.",0.17777777777777778,0.34866996322104676,,3078,598,True
S06,0,prototype_motion_ema,0.99,3.851881379741775,0.03105095541401274,0.01019108280254777,0.4012164203258172,0.15222909784976757,0.15184997769102954,0.4760726189732612,0.0,0.0,0.9798387096774194,2372,108,598,0,0.0,0.0,0.0,0.9564516129032258,0.043548387096774194,0.7706302794022092,0.4782258064516129,-0.09363935308270664,2378,102,598,0,0.0,0.0,0.0,0.9588709677419355,0.04112903225806452,0.7725795971410007,0.47943548387096774,-0.09090931262389007,9,0,3,3,0.0,0.0,0.0,,,1.8879798615481436,1589,"Sampled-label overlap, no point adjustment; delays among detected events only; no original-FPS seconds.",0.17777777777777778,0.34866996322104676,,3078,598,True
S06,0,prototype_motion_ema,0.995,4.4104878126607865,0.025477707006369428,0.005095541401273885,0.4012164203258172,0.15222909784976757,0.15184997769102954,0.4760726189732612,0.0,0.0,0.9798387096774194,2381,99,598,0,0.0,0.0,0.0,0.9600806451612903,0.039919354838709675,0.7735542560103964,0.48004032258064516,-0.08951732527948138,2386,94,598,0,0.0,0.0,0.0,0.9620967741935483,0.03790322580645161,0.7751786874593892,0.48104838709677417,-0.08715439028181422,9,0,3,3,0.0,0.0,0.0,,,1.8879798615481436,1589,"Sampled-label overlap, no point adjustment; delays among detected events only; no original-FPS seconds.",0.17777777777777778,0.34866996322104676,,3078,598,True
S06,0,prototype_motion_ema,0.999,5.004035366215673,0.022292993630573247,0.0012738853503184713,0.4012164203258172,0.15222909784976757,0.15184997769102954,0.4760726189732612,0.0,0.0,0.9798387096774194,2393,87,598,0,0.0,0.0,0.0,0.9649193548387097,0.03508064516129032,0.7774528914879792,0.48245967741935486,-0.08374833303021553,2399,81,598,0,0.0,0.0,0.0,0.9673387096774193,0.032661290322580645,0.7794022092267706,0.48366935483870965,-0.0807279435625582,9,0,3,3,0.0,0.0,0.0,,,1.8879798615481436,1589,"Sampled-label overlap, no point adjustment; delays among detected events only; no original-FPS seconds.",0.17777777777777778,0.34866996322104676,,3078,598,True
S06,0,prototype_fewshot3,0.95,0.08538604527711868,0.34554140127388533,0.05031847133757962,0.41729656651202934,0.15986420670067805,0.15956796177559826,0.47368421052631576,0.0,0.0,0.9100806451612903,1663,817,598,0,0.0,0.0,0.0,0.6705645161290322,0.3294354838709677,0.5402858999350227,0.3352822580645161,-0.2951790282440454,1680,800,598,0,0.0,0.0,0.0,0.6774193548387096,0.3225806451612903,0.5458089668615984,0.3387096774193548,-0.2909999304617306,9,0,8,8,0.0,0.0,0.0,,,5.0346129641283826,1589,"Sampled-label overlap, no point adjustment; delays among detected events only; no original-FPS seconds.",0.1444444444444444,0.34261772751194836,,3078,598,True
S06,0,prototype_fewshot3,0.975,0.09518833458423615,0.32643312101910826,0.025477707006369428,0.41729656651202934,0.15986420670067805,0.15956796177559826,0.47368421052631576,0.0,0.0,0.9100806451612903,1690,790,598,0,0.0,0.0,0.0,0.6814516129032258,0.3185483870967742,0.5490578297595842,0.3407258064516129,-0.2885428301125921,1704,776,598,0,0.0,0.0,0.0,0.6870967741935484,0.31290322580645163,0.5536062378167641,0.3435483870967742,-0.28510376502980356,9,0,7,7,0.0,0.0,0.0,,,4.405286343612335,1589,"Sampled-label overlap, no point adjustment; delays among detected events only; no original-FPS seconds.",0.1444444444444444,0.34261772751194836,,3078,598,True
S06,0,prototype_fewshot3,0.99,0.10527687519788742,0.2714968152866242,0.01019108280254777,0.41729656651202934,0.15986420670067805,0.15956796177559826,0.47368421052631576,0.0,0.0,0.9100806451612903,1735,745,598,0,0.0,0.0,0.0,0.6995967741935484,0.3004032258064516,0.5636777128005198,0.3497983870967742,-0.277488838167304,1748,732,598,0,0.0,0.0,0.0,0.7048387096774194,0.29516129032258065,0.5679012345679012,0.3524193548387097,-0.27429398763161744,9,0,14,14,0.0,0.0,0.0,,,8.81057268722467,1589,"Sampled-label overlap, no point adjustment; delays among detected events only; no original-FPS seconds.",0.1444444444444444,0.34261772751194836,,3078,598,True
S06,0,prototype_fewshot3,0.995,0.10768181830644608,0.24601910828025478,0.005095541401273885,0.41729656651202934,0.15986420670067805,0.15956796177559826,0.47368421052631576,0.0,0.0,0.9100806451612903,1778,702,598,0,0.0,0.0,0.0,0.7169354838709677,0.2830645161290323,0.5776478232618584,0.35846774193548386,-0.26691322301770826,1796,684,598,0,0.0,0.0,0.0,0.7241935483870968,0.27580645161290324,0.5834957764782326,0.3620967741935484,-0.2624766831865068,9,0,20,20,0.0,0.0,0.0,,,12.586532410320958,1589,"Sampled-label overlap, no point adjustment; delays among detected events only; no original-FPS seconds.",0.1444444444444444,0.34261772751194836,,3078,598,True
S06,0,prototype_fewshot3,0.999,0.11338134109973907,0.20382165605095542,0.0012738853503184713,0.41729656651202934,0.15986420670067805,0.15956796177559826,0.47368421052631576,0.0,0.0,0.9100806451612903,1878,602,598,0,0.0,0.0,0.0,0.757258064516129,0.24274193548387096,0.6101364522417154,0.3786290322580645,-0.24212948429408868,1902,578,598,0,0.0,0.0,0.0,0.7669354838709678,0.23306451612903226,0.6179337231968811,0.3834677419354839,-0.23611232974595908,9,0,21,21,0.0,0.0,0.0,,,13.215859030837004,1589,"Sampled-label overlap, no point adjustment; delays among detected events only; no original-FPS seconds.",0.1444444444444444,0.34261772751194836,,3078,598,True
S06,0,prototype_neural,0.95,2.3490283489227295,0.06926751592356688,0.05031847133757962,0.5708140036681411,0.20098507617017813,0.20058495192284503,0.4737729329797684,0.0,0.0,0.8528225806451613,2246,234,597,1,0.00425531914893617,0.0016722408026755853,0.0024009603841536617,0.9056451612903226,0.09435483870967742,0.7300194931773879,0.4536587010464991,-0.1380868332550351,2261,219,598,0,0.0,0.0,0.0,0.9116935483870968,0.08830645161290322,0.7345679012345679,0.4558467741935484,-0.13590634449933447,9,0,6,6,0.0,0.0,0.0,,,3.775959723096287,1589,"Sampled-label overlap, no point adjustment; delays among detected events only; no original-FPS seconds.",0.28888888888888886,0.38508806581562,,3078,598,True
S06,0,prototype_neural,0.975,3.2418212890625,0.0517515923566879,0.025477707006369428,0.5708140036681411,0.20098507617017813,0.20058495192284503,0.4737729329797684,0.0,0.0,0.8528225806451613,2321,159,598,0,0.0,0.0,0.0,0.9358870967741936,0.06411290322580646,0.7540610786224822,0.4679435483870968,-0.11460571269801052,2335,145,598,0,0.0,0.0,0.0,0.9415322580645161,0.05846774193548387,0.7586094866796621,0.47076612903225806,-0.10918242128396417,9,0,6,6,0.0,0.0,0.0,,,3.775959723096287,1589,"Sampled-label overlap, no point adjustment; delays among detected events only; no original-FPS seconds.",0.28888888888888886,0.38508806581562,,3078,598,True
S06,0,prototype_neural,0.99,3.7160632610321045,0.044585987261146494,0.01019108280254777,0.5708140036681411,0.20098507617017813,0.20058495192284503,0.4737729329797684,0.0,0.0,0.8528225806451613,2338,142,598,0,0.0,0.0,0.0,0.942741935483871,0.05725806451612903,0.7595841455490578,0.4713709677419355,-0.10799182937329752,2349,131,598,0,0.0,0.0,0.0,0.9471774193548387,0.05282258064516129,0.7631578947368421,0.47358870967741934,-0.10353098155515325,9,0,4,4,0.0,0.0,0.0,,,2.5173064820641913,1589,"Sampled-label overlap, no point adjustment; delays among detected events only; no original-FPS seconds.",0.28888888888888886,0.38508806581562,,3078,598,True
S06,0,prototype_neural,0.995,4.566386699676514,0.03343949044585987,0.005095541401273885,0.5708140036681411,0.20098507617017813,0.20058495192284503,0.4737729329797684,0.0,0.0,0.8528225806451613,2352,128,598,0,0.0,0.0,0.0,0.9483870967741935,0.05161290322580645,0.7641325536062378,0.47419354838709676,-0.10228659658210316,2360,120,598,0,0.0,0.0,0.0,0.9516129032258065,0.04838709677419355,0.7667316439246263,0.47580645161290325,-0.09890455420309092,9,0,3,3,0.0,0.0,0.0,,,1.8879798615481436,1589,"Sampled-label overlap, no point adjustment; delays among detected events only; no original-FPS seconds.",0.28888888888888886,0.38508806581562,,3078,598,True
S06,0,prototype_neural,0.999,6.865372657775879,0.02308917197452229,0.0012738853503184713,0.5708140036681411,0.20098507617017813,0.20058495192284503,0.4737729329797684,0.0,0.0,0.8528225806451613,2375,105,598,0,0.0,0.0,0.0,0.9576612903225806,0.04233870967741935,0.7716049382716049,0.4788306451612903,-0.09228305144110588,2382,98,598,0,0.0,0.0,0.0,0.9604838709677419,0.03951612903225806,0.7738791423001949,0.48024193548387095,-0.08904912519738513,9,0,3,3,0.0,0.0,0.0,,,1.8879798615481436,1589,"Sampled-label overlap, no point adjustment; delays among detected events only; no original-FPS seconds.",0.28888888888888886,0.38508806581562,,3078,598,True
S06,0,prototype_neural_ema,0.95,2.1016166082068564,0.06687898089171974,0.05031847133757962,0.5715395404034955,0.2018855360135787,0.20148630969600217,0.473691308322592,0.0,0.0,0.8935483870967742,2238,242,598,0,0.0,0.0,0.0,0.9024193548387097,0.09758064516129032,0.7270955165692008,0.45120967741935486,-0.14344298736037006,2246,234,598,0,0.0,0.0,0.0,0.9056451612903226,0.09435483870967742,0.7296946068875894,0.4528225806451613,-0.1408535782372809,9,0,4,4,0.0,0.0,0.0,,,2.5173064820641913,1589,"Sampled-label overlap, no point adjustment; delays among detected events only; no original-FPS seconds.",0.3222222222222222,0.3972323972323972,,3078,598,True
S06,0,prototype_neural_ema,0.975,3.079661650050095,0.052547770700636945,0.025477707006369428,0.5715395404034955,0.2018855360135787,0.20148630969600217,0.473691308322592,0.0,0.0,0.8935483870967742,2321,159,598,0,0.0,0.0,0.0,0.9358870967741936,0.06411290322580646,0.7540610786224822,0.4679435483870968,-0.11460571269801052,2333,147,598,0,0.0,0.0,0.0,0.9407258064516129,0.059274193548387095,0.757959714100065,0.47036290322580643,-0.10997032530153043,9,0,5,5,0.0,0.0,0.0,,,3.1466331025802394,1589,"Sampled-label overlap, no point adjustment; delays among detected events only; no original-FPS seconds.",0.3222222222222222,0.3972323972323972,,3078,598,True
S06,0,prototype_neural_ema,0.99,3.4251552768592406,0.04378980891719745,0.01019108280254777,0.5715395404034955,0.2018855360135787,0.20148630969600217,0.473691308322592,0.0,0.0,0.8935483870967742,2337,143,598,0,0.0,0.0,0.0,0.9423387096774194,0.05766129032258065,0.7592592592592593,0.4711693548387097,-0.10838987551948229,2349,131,598,0,0.0,0.0,0.0,0.9471774193548387,0.05282258064516129,0.7631578947368421,0.47358870967741934,-0.10353098155515325,9,0,4,4,0.0,0.0,0.0,,,2.5173064820641913,1589,"Sampled-label overlap, no point adjustment; delays among detected events only; no original-FPS seconds.",0.3222222222222222,0.3972323972323972,,3078,598,True
S06,0,prototype_neural_ema,0.995,4.211542770356982,0.03503184713375796,0.005095541401273885,0.5715395404034955,0.2018855360135787,0.20148630969600217,0.473691308322592,0.0,0.0,0.8935483870967742,2353,127,598,0,0.0,0.0,0.0,0.9487903225806451,0.05120967741935484,0.7644574398960364,0.47439516129032255,-0.10186899164823776,2360,120,598,0,0.0,0.0,0.0,0.9516129032258065,0.04838709677419355,0.7667316439246263,0.47580645161290325,-0.09890455420309092,9,0,3,3,0.0,0.0,0.0,,,1.8879798615481436,1589,"Sampled-label overlap, no point adjustment; delays among detected events only; no original-FPS seconds.",0.3222222222222222,0.3972323972323972,,3078,598,True
S06,0,prototype_neural_ema,0.999,6.323627894278362,0.022292993630573247,0.0012738853503184713,0.5715395404034955,0.2018855360135787,0.20148630969600217,0.473691308322592,0.0,0.0,0.8935483870967742,2374,106,598,0,0.0,0.0,0.0,0.957258064516129,0.042741935483870966,0.7712800519818064,0.4786290322580645,-0.09273705105880312,2380,100,598,0,0.0,0.0,0.0,0.9596774193548387,0.04032258064516129,0.7732293697205977,0.4798387096774194,-0.08998340124862364,9,0,3,3,0.0,0.0,0.0,,,1.8879798615481436,1589,"Sampled-label overlap, no point adjustment; delays among detected events only; no original-FPS seconds.",0.3222222222222222,0.3972323972323972,,3078,598,True
S06,0,reference_dino_global_pca,0.95,0.0038288652431219816,0.07563694267515923,0.05031847133757962,0.5237441336713777,0.18510489530815927,0.1846656992880597,0.47376583518349225,0.0,0.0,0.9141129032258064,2233,247,592,6,0.023715415019762844,0.010033444816053512,0.01410105757931845,0.9004032258064516,0.09959677419354838,0.7274204028589993,0.45521833531125255,-0.1290140994262835,2243,237,598,0,0.0,0.0,0.0,0.9044354838709677,0.09556451612903226,0.7287199480181936,0.45221774193548386,-0.14182843402275322,9,0,4,4,0.0,0.0,0.0,,,2.5173064820641913,1589,"Sampled-label overlap, no point adjustment; delays among detected events only; no original-FPS seconds.",0.29999999999999993,0.38835603967182913,,3078,598,True
S06,0,reference_dino_global_pca,0.975,0.005198465194553137,0.06847133757961783,0.025477707006369428,0.5237441336713777,0.18510489530815927,0.1846656992880597,0.47376583518349225,0.0,0.0,0.9141129032258064,2278,202,598,0,0.0,0.0,0.0,0.9185483870967742,0.0814516129032258,0.7400909681611436,0.4592741935483871,-0.13013855956525497,2287,193,598,0,0.0,0.0,0.0,0.9221774193548387,0.07782258064516129,0.7430149447693307,0.46108870967741933,-0.12700783041377692,9,0,6,6,0.0,0.0,0.0,,,3.775959723096287,1589,"Sampled-label overlap, no point adjustment; delays among detected events only; no original-FPS seconds.",0.29999999999999993,0.38835603967182913,,3078,598,True
S06,0,reference_dino_global_pca,0.99,0.0064484174363315105,0.05334394904458599,0.01019108280254777,0.5237441336713777,0.18510489530815927,0.1846656992880597,0.47376583518349225,0.0,0.0,0.9141129032258064,2324,156,598,0,0.0,0.0,0.0,0.9370967741935484,0.06290322580645161,0.7550357374918778,0.4685483870967742,-0.11346108830774894,2335,145,598,0,0.0,0.0,0.0,0.9415322580645161,0.05846774193548387,0.7586094866796621,0.47076612903225806,-0.10918242128396417,9,0,4,4,0.0,0.0,0.0,,,2.5173064820641913,1589,"Sampled-label overlap, no point adjustment; delays among detected events only; no original-FPS seconds.",0.29999999999999993,0.38835603967182913,,3078,598,True
S06,0,reference_dino_global_pca,0.995,0.008274991065263748,0.042993630573248405,0.005095541401273885,0.5237441336713777,0.18510489530815927,0.1846656992880597,0.47376583518349225,0.0,0.0,0.9141129032258064,2346,134,598,0,0.0,0.0,0.0,0.9459677419354838,0.05403225806451613,0.7621832358674464,0.4729838709677419,-0.1047630775576722,2355,125,598,0,0.0,0.0,0.0,0.9495967741935484,0.05040322580645161,0.7651072124756335,0.4747983870967742,-0.10102946067475728,9,0,4,4,0.0,0.0,0.0,,,2.5173064820641913,1589,"Sampled-label overlap, no point adjustment; delays among detected events only; no original-FPS seconds.",0.29999999999999993,0.38835603967182913,,3078,598,True
S06,0,reference_dino_global_pca,0.999,0.01273531373590231,0.024681528662420384,0.0012738853503184713,0.5237441336713777,0.18510489530815927,0.1846656992880597,0.47376583518349225,0.0,0.0,0.9141129032258064,2376,104,598,0,0.0,0.0,0.0,0.9580645161290322,0.041935483870967745,0.7719298245614035,0.4790322580645161,-0.09182711482139626,2385,95,598,0,0.0,0.0,0.0,0.9616935483870968,0.038306451612903226,0.7748538011695907,0.4808467741935484,-0.08763143581643783,9,0,3,3,0.0,0.0,0.0,,,1.8879798615481436,1589,"Sampled-label overlap, no point adjustment; delays among detected events only; no original-FPS seconds.",0.29999999999999993,0.38835603967182913,,3078,598,True
S06,0,reference_dino_frame_denoising_ae,0.95,0.17401011288166046,0.07085987261146497,0.05031847133757962,0.5982191984032796,0.22008629637817728,0.21960851755163854,0.47396457347922616,0.0,0.0,0.9641129032258065,2236,244,594,4,0.016129032258064516,0.006688963210702341,0.009456264775413711,0.9016129032258065,0.09838709677419355,0.7277452891487979,0.4541509332182544,-0.13329623116908526,2247,233,598,0,0.0,0.0,0.0,0.9060483870967742,0.0939516129032258,0.7300194931773879,0.4530241935483871,-0.14052758301270102,9,0,5,5,0.0,0.0,0.0,,,3.1466331025802394,1589,"Sampled-label overlap, no point adjustment; delays among detected events only; no original-FPS seconds.",0.2666666666666666,0.381572599800154,,3078,598,True
S06,0,reference_dino_frame_denoising_ae,0.975,0.21804341673851013,0.06528662420382166,0.025477707006369428,0.5982191984032796,0.22008629637817728,0.21960851755163854,0.47396457347922616,0.0,0.0,0.9641129032258065,2277,203,598,0,0.0,0.0,0.0,0.9181451612903225,0.08185483870967741,0.7397660818713451,0.45907258064516127,-0.13048297379969886,2290,190,598,0,0.0,0.0,0.0,0.9233870967741935,0.07661290322580645,0.7439896036387265,0.46169354838709675,-0.12595138793296834,9,0,6,6,0.0,0.0,0.0,,,3.775959723096287,1589,"Sampled-label overlap, no point adjustment; delays among detected events only; no original-FPS seconds.",0.2666666666666666,0.381572599800154,,3078,598,True
S06,0,reference_dino_frame_denoising_ae,0.99,0.26383355259895325,0.0517515923566879,0.01019108280254777,0.5982191984032796,0.22008629637817728,0.21960851755163854,0.47396457347922616,0.0,0.0,0.9641129032258065,2316,164,598,0,0.0,0.0,0.0,0.9338709677419355,0.06612903225806452,0.7524366471734892,0.4669354838709677,-0.11649355585336561,2330,150,598,0,0.0,0.0,0.0,0.9395161290322581,0.06048387096774194,0.7569850552306693,0.46975806451612906,-0.11114369858220481,9,0,5,5,0.0,0.0,0.0,,,3.1466331025802394,1589,"Sampled-label overlap, no point adjustment; delays among detected events only; no original-FPS seconds.",0.2666666666666666,0.381572599800154,,3078,598,True
S06,0,reference_dino_frame_denoising_ae,0.995,0.3102804720401764,0.042993630573248405,0.005095541401273885,0.5982191984032796,0.22008629637817728,0.21960851755163854,0.47396457347922616,0.0,0.0,0.9641129032258065,2338,142,598,0,0.0,0.0,0.0,0.942741935483871,0.05725806451612903,0.7595841455490578,0.4713709677419355,-0.10799182937329752,2350,130,598,0,0.0,0.0,0.0,0.9475806451612904,0.05241935483870968,0.7634827810266407,0.4737903225806452,-0.10311757426666865,9,0,4,4,0.0,0.0,0.0,,,2.5173064820641913,1589,"Sampled-label overlap, no point adjustment; delays among detected events only; no original-FPS seconds.",0.2666666666666666,0.381572599800154,,3078,598,True
S06,0,reference_dino_frame_denoising_ae,0.999,0.5369848608970642,0.02308917197452229,0.0012738853503184713,0.5982191984032796,0.22008629637817728,0.21960851755163854,0.47396457347922616,0.0,0.0,0.9641129032258065,2372,108,598,0,0.0,0.0,0.0,0.9564516129032258,0.043548387096774194,0.7706302794022092,0.4782258064516129,-0.09363935308270664,2378,102,598,0,0.0,0.0,0.0,0.9588709677419355,0.04112903225806452,0.7725795971410007,0.47943548387096774,-0.09090931262389007,9,0,3,3,0.0,0.0,0.0,,,1.8879798615481436,1589,"Sampled-label overlap, no point adjustment; delays among detected events only; no original-FPS seconds.",0.2666666666666666,0.381572599800154,,3078,598,True
S06,0,reference_dino_full_ema,0.95,1.874167891560222,0.07006369426751592,0.05031847133757962,0.5987154763189124,0.21422328133163596,0.21380092543628026,0.4739290844978451,0.0,0.0,0.8875,2233,247,593,5,0.01984126984126984,0.008361204013377926,0.01176470588235294,0.9004032258064516,0.09959677419354838,0.7270955165692008,0.45438221490991476,-0.13166012824786474,2241,239,595,3,0.012396694214876033,0.005016722408026756,0.007142857142857143,0.9036290322580646,0.09637096774193549,0.7290448343079922,0.45432287733304566,-0.13429021541196312,9,1,5,4,0.2,0.1111111111111111,0.14285714285714285,154.0,616.0,2.5173064820641913,1589,"Sampled-label overlap, no point adjustment; delays among detected events only; no original-FPS seconds.",0.29999999999999993,0.3907236826354473,,3078,598,True
S06,0,reference_dino_full_ema,0.975,2.611055155446231,0.06289808917197452,0.025477707006369428,0.5987154763189124,0.21422328133163596,0.21380092543628026,0.4739290844978451,0.0,0.0,0.8875,2279,201,598,0,0.0,0.0,0.0,0.9189516129032258,0.0810483870967742,0.7404158544509422,0.4594758064516129,-0.129793471790322,2286,194,598,0,0.0,0.0,0.0,0.9217741935483871,0.07822580645161291,0.7426900584795322,0.46088709677419354,-0.12735851557832178,9,0,4,4,0.0,0.0,0.0,,,2.5173064820641913,1589,"Sampled-label overlap, no point adjustment; delays among detected events only; no original-FPS seconds.",0.29999999999999993,0.3907236826354473,,3078,598,True
S06,0,reference_dino_full_ema,0.99,3.1486125655045947,0.054140127388535034,0.01019108280254777,0.5987154763189124,0.21422328133163596,0.21380092543628026,0.4739290844978451,0.0,0.0,0.8875,2319,161,598,0,0.0,0.0,0.0,0.9350806451612903,0.06491935483870968,0.753411306042885,0.46754032258064515,-0.1153637793016114,2330,150,598,0,0.0,0.0,0.0,0.9395161290322581,0.06048387096774194,0.7569850552306693,0.46975806451612906,-0.11114369858220481,9,0,5,5,0.0,0.0,0.0,,,3.1466331025802394,1589,"Sampled-label overlap, no point adjustment; delays among detected events only; no original-FPS seconds.",0.29999999999999993,0.3907236826354473,,3078,598,True
S06,0,reference_dino_full_ema,0.995,3.576611951557748,0.04617834394904458,0.005095541401273885,0.5987154763189124,0.21422328133163596,0.21380092543628026,0.4739290844978451,0.0,0.0,0.8875,2333,147,598,0,0.0,0.0,0.0,0.9407258064516129,0.059274193548387095,0.757959714100065,0.47036290322580643,-0.10997032530153043,2341,139,598,0,0.0,0.0,0.0,0.9439516129032258,0.05604838709677419,0.7605588044184536,0.4719758064516129,-0.10679043576286334,9,0,4,4,0.0,0.0,0.0,,,2.5173064820641913,1589,"Sampled-label overlap, no point adjustment; delays among detected events only; no original-FPS seconds.",0.29999999999999993,0.3907236826354473,,3078,598,True
S06,0,reference_dino_full_ema,0.999,6.62717728283279,0.022292993630573247,0.0012738853503184713,0.5987154763189124,0.21422328133163596,0.21380092543628026,0.4739290844978451,0.0,0.0,0.8875,2373,107,598,0,0.0,0.0,0.0,0.9568548387096775,0.04314516129032258,0.7709551656920078,0.47842741935483873,-0.09318914229064461,2379,101,598,0,0.0,0.0,0.0,0.959274193548387,0.0407258064516129,0.7729044834307992,0.4796370967741935,-0.0904473862543117,9,0,3,3,0.0,0.0,0.0,,,1.8879798615481436,1589,"Sampled-label overlap, no point adjustment; delays among detected events only; no original-FPS seconds.",0.29999999999999993,0.3907236826354473,,3078,598,True
S07,0,prototype64,0.95,0.04527702555060387,0.046296296296296294,0.050505050505050504,0.46220899427397927,0.14278163290350687,0.14232840022360976,0.47368421052631576,0.0,0.0,0.9362975630611372,2184,155,468,0,0.0,0.0,0.0,0.93373236425823,0.06626763574176998,0.7780548628428927,0.466866182129115,-0.10814013436422368,2194,145,468,0,0.0,0.0,0.0,0.9380076955964087,0.061992304403591277,0.781617385108657,0.46900384779820437,-0.10439694529370541,11,0,5,5,0.0,0.0,0.0,,,3.8580246913580245,1296,"Sampled-label overlap, no point adjustment; delays among detected events only; no original-FPS seconds.",0.08888888888888892,0.36965085868723635,,2807,468,True
S07,0,prototype64,0.975,0.059556201100349426,0.026234567901234566,0.025252525252525252,0.46220899427397927,0.14278163290350687,0.14232840022360976,0.47368421052631576,0.0,0.0,0.9362975630611372,2219,120,468,0,0.0,0.0,0.0,0.9486960239418555,0.051303976058144504,0.7905236907730673,0.47434801197092774,-0.09452890027224964,2231,108,468,0,0.0,0.0,0.0,0.95382642154767,0.046173578452330055,0.7947987174919843,0.476913210773835,-0.08947840853003576,11,0,4,4,0.0,0.0,0.0,,,3.0864197530864197,1296,"Sampled-label overlap, no point adjustment; delays among detected events only; no original-FPS seconds.",0.08888888888888892,0.36965085868723635,,2807,468,True
S07,0,prototype64,0.99,0.07342294603586197,0.015432098765432098,0.010101010101010102,0.46220899427397927,0.14278163290350687,0.14232840022360976,0.47368421052631576,0.0,0.0,0.9362975630611372,2252,87,468,0,0.0,0.0,0.0,0.9628046173578453,0.037195382642154766,0.8022800142500891,0.48140230867892264,-0.07999871110296373,2258,81,468,0,0.0,0.0,0.0,0.9653698161607525,0.03463018383924754,0.8044175276095475,0.48268490808037623,-0.07710586246644285,11,0,3,3,0.0,0.0,0.0,,,2.314814814814815,1296,"Sampled-label overlap, no point adjustment; delays among detected events only; no original-FPS seconds.",0.08888888888888892,0.36965085868723635,,2807,468,True
S07,0,prototype64,0.995,0.08296355605125427,0.004629629629629629,0.005050505050505051,0.46220899427397927,0.14278163290350687,0.14232840022360976,0.47368421052631576,0.0,0.0,0.9362975630611372,2275,64,468,0,0.0,0.0,0.0,0.9726378794356563,0.027362120564343735,0.8104738154613467,0.48631893971782814,-0.06832582728723588,2282,57,468,0,0.0,0.0,0.0,0.9756306113723814,0.02436938862761864,0.8129675810473815,0.4878153056861907,-0.06439896633197977,11,0,5,5,0.0,0.0,0.0,,,3.8580246913580245,1296,"Sampled-label overlap, no point adjustment; delays among detected events only; no original-FPS seconds.",0.08888888888888892,0.36965085868723635,,2807,468,True
S07,0,prototype64,0.999,0.09647419303655624,0.0015432098765432098,0.0012626262626262627,0.46220899427397927,0.14278163290350687,0.14232840022360976,0.47368421052631576,0.0,0.0,0.9362975630611372,2306,33,468,0,0.0,0.0,0.0,0.9858914065840103,0.01410859341598974,0.8215176344852155,0.49294570329200516,-0.048787836217189406,2316,23,468,0,0.0,0.0,0.0,0.990166737922189,0.00983326207781103,0.8250801567509797,0.4950833689610945,-0.040657167425686494,11,0,2,2,0.0,0.0,0.0,,,1.5432098765432098,1296,"Sampled-label overlap, no point adjustment; delays among detected events only; no original-FPS seconds.",0.08888888888888892,0.36965085868723635,,2807,468,True
S07,0,prototype256,0.95,0.034866705536842346,0.05169753086419753,0.050505050505050504,0.5498007585972529,0.1704802016006613,0.16996806166297915,0.47368421052631576,0.0,0.0,0.8922616502778965,2177,162,468,0,0.0,0.0,0.0,0.9307396323215049,0.06926036767849508,0.7755610972568578,0.46536981616075246,-0.11070123978099529,2185,154,468,0,0.0,0.0,0.0,0.9341598973920479,0.06584010260795212,0.7784111150694691,0.4670799486960239,-0.10777041396455622,11,0,3,3,0.0,0.0,0.0,,,2.314814814814815,1296,"Sampled-label overlap, no point adjustment; delays among detected events only; no original-FPS seconds.",0.13333333333333336,0.380504033290411,,2807,468,True
S07,0,prototype256,0.975,0.04904208332300186,0.022376543209876542,0.025252525252525252,0.5498007585972529,0.1704802016006613,0.16996806166297915,0.47368421052631576,0.0,0.0,0.8922616502778965,2217,122,468,0,0.0,0.0,0.0,0.9478409576742197,0.052159042325780246,0.7898111863199145,0.47392047883710986,-0.09534887778454904,2221,118,468,0,0.0,0.0,0.0,0.9495510902094912,0.05044890979050876,0.7912361952262201,0.4747755451047456,-0.09370298331521311,11,0,2,2,0.0,0.0,0.0,,,1.5432098765432098,1296,"Sampled-label overlap, no point adjustment; delays among detected events only; no original-FPS seconds.",0.13333333333333336,0.380504033290411,,2807,468,True
S07,0,prototype256,0.99,0.06238264963030815,0.013888888888888888,0.010101010101010102,0.5498007585972529,0.1704802016006613,0.16996806166297915,0.47368421052631576,0.0,0.0,0.8922616502778965,2246,93,468,0,0.0,0.0,0.0,0.960239418554938,0.03976058144506199,0.8001425008906305,0.480119709277469,-0.08280267519834925,2250,89,468,0,0.0,0.0,0.0,0.9619495510902095,0.03805044890979051,0.8015675097969363,0.48097477554510476,-0.08094277561873321,11,0,2,2,0.0,0.0,0.0,,,1.5432098765432098,1296,"Sampled-label overlap, no point adjustment; delays among detected events only; no original-FPS seconds.",0.13333333333333336,0.380504033290411,,2807,468,True
S07,0,prototype256,0.995,0.07000329345464706,0.005401234567901234,0.005050505050505051,0.5498007585972529,0.1704802016006613,0.16996806166297915,0.47368421052631576,0.0,0.0,0.8922616502778965,2254,85,468,0,0.0,0.0,0.0,0.9636596836254809,0.036340316374519024,0.8029925187032418,0.48182984181274047,-0.07904478418690654,2258,81,468,0,0.0,0.0,0.0,0.9653698161607525,0.03463018383924754,0.8044175276095475,0.48268490808037623,-0.07710586246644285,11,0,3,3,0.0,0.0,0.0,,,2.314814814814815,1296,"Sampled-label overlap, no point adjustment; delays among detected events only; no original-FPS seconds.",0.13333333333333336,0.380504033290411,,2807,468,True
S07,0,prototype256,0.999,0.09658289700746536,0.0015432098765432098,0.0012626262626262627,0.5498007585972529,0.1704802016006613,0.16996806166297915,0.47368421052631576,0.0,0.0,0.8922616502778965,2319,20,468,0,0.0,0.0,0.0,0.9914493373236426,0.008550662676357419,0.826148913430709,0.4957246686618213,-0.0378925933430299,2326,13,468,0,0.0,0.0,0.0,0.9944420692603677,0.0055579307396323215,0.8286426790167438,0.49722103463018386,-0.03051169194059874,11,0,3,3,0.0,0.0,0.0,,,2.314814814814815,1296,"Sampled-label overlap, no point adjustment; delays among detected events only; no original-FPS seconds.",0.13333333333333336,0.380504033290411,,2807,468,True
S07,0,prototype_motion,0.95,1.8068735599517822,0.05015432098765432,0.050505050505050504,0.4787914332591545,0.14678417049379996,0.14634017051335224,0.47417847960139986,0.0,0.0,0.9803334758443779,2174,165,468,0,0.0,0.0,0.0,0.9294570329200513,0.0705429670799487,0.7744923405771286,0.46472851646002566,-0.11178496137782006,2188,151,468,0,0.0,0.0,0.0,0.9354424967935014,0.0645575032064985,0.7794798717491984,0.4677212483967507,-0.10665525390472996,11,0,4,4,0.0,0.0,0.0,,,3.0864197530864197,1296,"Sampled-label overlap, no point adjustment; delays among detected events only; no original-FPS seconds.",0.08888888888888893,0.3723340986498881,,2807,468,True
S07,0,prototype_motion,0.975,2.7047791481018066,0.02546296296296296,0.025252525252525252,0.4787914332591545,0.14678417049379996,0.14634017051335224,0.47417847960139986,0.0,0.0,0.9803334758443779,2229,110,468,0,0.0,0.0,0.0,0.9529713552800342,0.0470286447199658,0.7940862130388315,0.4764856776400171,-0.09033658835162389,2235,104,468,0,0.0,0.0,0.0,0.9555365540829415,0.04446344591705857,0.79622372639829,0.47776827704147073,-0.08774077425129424,11,0,2,2,0.0,0.0,0.0,,,1.5432098765432098,1296,"Sampled-label overlap, no point adjustment; delays among detected events only; no original-FPS seconds.",0.08888888888888893,0.3723340986498881,,2807,468,True
S07,0,prototype_motion,0.99,3.5617151260375977,0.013888888888888888,0.010101010101010102,0.4787914332591545,0.14678417049379996,0.14634017051335224,0.47417847960139986,0.0,0.0,0.9803334758443779,2250,89,468,0,0.0,0.0,0.0,0.9619495510902095,0.03805044890979051,0.8015675097969363,0.48097477554510476,-0.08094277561873321,2255,84,468,0,0.0,0.0,0.0,0.9640872167592989,0.03591278324070116,0.8033487709298183,0.48204360837964944,-0.07856400923022511,11,0,2,2,0.0,0.0,0.0,,,1.5432098765432098,1296,"Sampled-label overlap, no point adjustment; delays among detected events only; no original-FPS seconds.",0.08888888888888893,0.3723340986498881,,2807,468,True
S07,0,prototype_motion,0.995,5.039083957672119,0.004629629629629629,0.005050505050505051,0.4787914332591545,0.14678417049379996,0.14634017051335224,0.47417847960139986,0.0,0.0,0.9803334758443779,2313,26,468,0,0.0,0.0,0.0,0.9888841385207353,0.011115861479264643,0.8240114000712504,0.49444206926036766,-0.04325078508825055,2317,22,468,0,0.0,0.0,0.0,0.9905942710560068,0.00940572894399316,0.8254364089775561,0.4952971355280034,-0.03975635466651095,11,0,2,2,0.0,0.0,0.0,,,1.5432098765432098,1296,"Sampled-label overlap, no point adjustment; delays among detected events only; no original-FPS seconds.",0.08888888888888893,0.3723340986498881,,2807,468,True
S07,0,prototype_motion,0.999,6.2589521408081055,0.0015432098765432098,0.0012626262626262627,0.4787914332591545,0.14678417049379996,0.14634017051335224,0.47417847960139986,0.0,0.0,0.9803334758443779,2330,9,468,0,0.0,0.0,0.0,0.9961522017956391,0.003847798204360838,0.8300676879230495,0.49807610089781956,-0.025369109048976067,2337,2,468,0,0.0,0.0,0.0,0.9991449337323642,0.0008550662676357417,0.8325614535090844,0.4995724668661821,-0.011944181128712091,11,0,1,1,0.0,0.0,0.0,,,0.7716049382716049,1296,"Sampled-label overlap, no point adjustment; delays among detected events only; no original-FPS seconds.",0.08888888888888893,0.3723340986498881,,2807,468,True
S07,0,prototype_motion_ema,0.95,1.751577513114823,0.047839506172839504,0.050505050505050504,0.4810999294753036,0.14731660942170988,0.14692646686128835,0.47368421052631576,0.0,0.0,0.9850363403163745,2177,162,468,0,0.0,0.0,0.0,0.9307396323215049,0.06926036767849508,0.7755610972568578,0.46536981616075246,-0.11070123978099529,2184,155,468,0,0.0,0.0,0.0,0.93373236425823,0.06626763574176998,0.7780548628428927,0.466866182129115,-0.10814013436422368,11,0,3,3,0.0,0.0,0.0,,,2.314814814814815,1296,"Sampled-label overlap, no point adjustment; delays among detected events only; no original-FPS seconds.",0.08888888888888893,0.3723340986498881,,2807,468,True
S07,0,prototype_motion_ema,0.975,2.65516289876498,0.024691358024691357,0.025252525252525252,0.4810999294753036,0.14731660942170988,0.14692646686128835,0.47368421052631576,0.0,0.0,0.9850363403163745,2229,110,468,0,0.0,0.0,0.0,0.9529713552800342,0.0470286447199658,0.7940862130388315,0.4764856776400171,-0.09033658835162389,2234,105,468,0,0.0,0.0,0.0,0.9551090209491235,0.04489097905087644,0.7958674741717136,0.47755451047456177,-0.08817790835444797,11,0,2,2,0.0,0.0,0.0,,,1.5432098765432098,1296,"Sampled-label overlap, no point adjustment; delays among detected events only; no original-FPS seconds.",0.08888888888888893,0.3723340986498881,,2807,468,True
S07,0,prototype_motion_ema,0.99,3.338656303992159,0.011574074074074073,0.010101010101010102,0.4810999294753036,0.14731660942170988,0.14692646686128835,0.47368421052631576,0.0,0.0,0.9850363403163745,2251,88,468,0,0.0,0.0,0.0,0.9623770842240273,0.03762291577597264,0.8019237620235127,0.4811885421120137,-0.08047195419049831,2255,84,468,0,0.0,0.0,0.0,0.9640872167592989,0.03591278324070116,0.8033487709298183,0.48204360837964944,-0.07856400923022511,11,0,2,2,0.0,0.0,0.0,,,1.5432098765432098,1296,"Sampled-label overlap, no point adjustment; delays among detected events only; no original-FPS seconds.",0.08888888888888893,0.3723340986498881,,2807,468,True
S07,0,prototype_motion_ema,0.995,4.383237900406091,0.004629629629629629,0.005050505050505051,0.4810999294753036,0.14731660942170988,0.14692646686128835,0.47368421052631576,0.0,0.0,0.9850363403163745,2300,39,468,0,0.0,0.0,0.0,0.983326207781103,0.016673792218896963,0.8193801211257571,0.4916631038905515,-0.05309542192051543,2304,35,468,0,0.0,0.0,0.0,0.9850363403163745,0.014963659683625482,0.8208051300320627,0.4925181701581873,-0.05026263178921621,11,0,2,2,0.0,0.0,0.0,,,1.5432098765432098,1296,"Sampled-label overlap, no point adjustment; delays among detected events only; no original-FPS seconds.",0.08888888888888893,0.3723340986498881,,2807,468,True
S07,0,prototype_motion_ema,0.999,6.133502927972386,0.0,0.0012626262626262627,0.4810999294753036,0.14731660942170988,0.14692646686128835,0.47368421052631576,0.0,0.0,0.9850363403163745,2330,9,468,0,0.0,0.0,0.0,0.9961522017956391,0.003847798204360838,0.8300676879230495,0.49807610089781956,-0.025369109048976067,2335,4,468,0,0.0,0.0,0.0,0.9982898674647285,0.0017101325352714834,0.8318489490559317,0.49914493373236424,-0.01689764813484818,11,0,2,2,0.0,0.0,0.0,,,1.5432098765432098,1296,"Sampled-label overlap, no point adjustment; delays among detected events only; no original-FPS seconds.",0.08888888888888893,0.3723340986498881,,2807,468,True
S07,0,prototype_fewshot3,0.95,0.08335582911968231,0.029320987654320986,0.050505050505050504,0.43437366395895677,0.1372789594847397,0.13688779543855278,0.47368421052631576,0.0,0.0,0.917058572039333,2207,132,468,0,0.0,0.0,0.0,0.943565626336041,0.05643437366395896,0.7862486640541504,0.4717828131680205,-0.0993648744322064,2215,124,468,0,0.0,0.0,0.0,0.946985891406584,0.05301410859341599,0.7890986818667617,0.473492945703292,-0.09616307048125419,11,0,6,6,0.0,0.0,0.0,,,4.62962962962963,1296,"Sampled-label overlap, no point adjustment; delays among detected events only; no original-FPS seconds.",0.08888888888888893,0.3723340986498881,,2807,468,True
S07,0,prototype_fewshot3,0.975,0.0972863957285881,0.013888888888888888,0.025252525252525252,0.43437366395895677,0.1372789594847397,0.13688779543855278,0.47368421052631576,0.0,0.0,0.917058572039333,2268,71,468,0,0.0,0.0,0.0,0.9696451474989312,0.030354852501068834,0.8079800498753117,0.4848225737494656,-0.0720574590274915,2276,63,468,0,0.0,0.0,0.0,0.9730654125694741,0.026934587430525864,0.8108300676879231,0.48653270628473705,-0.06777757665366209,11,0,6,6,0.0,0.0,0.0,,,4.62962962962963,1296,"Sampled-label overlap, no point adjustment; delays among detected events only; no original-FPS seconds.",0.08888888888888893,0.3723340986498881,,2807,468,True
S07,0,prototype_fewshot3,0.99,0.10953740030527115,0.007716049382716049,0.010101010101010102,0.43437366395895677,0.1372789594847397,0.13688779543855278,0.47368421052631576,0.0,0.0,0.917058572039333,2298,41,468,0,0.0,0.0,0.0,0.9824711415134673,0.017528858486532708,0.8186676166726042,0.49123557075673363,-0.05445950080248894,2307,32,468,0,0.0,0.0,0.0,0.9863189397178281,0.013681060282171868,0.821873886711792,0.49315946985891407,-0.04803428284745163,11,0,4,4,0.0,0.0,0.0,,,3.0864197530864197,1296,"Sampled-label overlap, no point adjustment; delays among detected events only; no original-FPS seconds.",0.08888888888888893,0.3723340986498881,,2807,468,True
S07,0,prototype_fewshot3,0.995,0.12191297113895416,0.0038580246913580245,0.005050505050505051,0.43437366395895677,0.1372789594847397,0.13688779543855278,0.47368421052631576,0.0,0.0,0.917058572039333,2326,13,468,0,0.0,0.0,0.0,0.9944420692603677,0.0055579307396323215,0.8286426790167438,0.49722103463018386,-0.03051169194059874,2335,4,468,0,0.0,0.0,0.0,0.9982898674647285,0.0017101325352714834,0.8318489490559317,0.49914493373236424,-0.01689764813484818,11,0,1,1,0.0,0.0,0.0,,,0.7716049382716049,1296,"Sampled-label overlap, no point adjustment; delays among detected events only; no original-FPS seconds.",0.08888888888888893,0.3723340986498881,,2807,468,True
S07,0,prototype_fewshot3,0.999,0.1318867951631546,0.0007716049382716049,0.0012626262626262627,0.43437366395895677,0.1372789594847397,0.13688779543855278,0.47368421052631576,0.0,0.0,0.917058572039333,2333,6,468,0,0.0,0.0,0.0,0.9974348011970928,0.0025651988029072254,0.8311364446027788,0.4987174005985464,-0.02070269511591873,2337,2,468,0,0.0,0.0,0.0,0.9991449337323642,0.0008550662676357417,0.8325614535090844,0.4995724668661821,-0.011944181128712091,11,0,1,1,0.0,0.0,0.0,,,0.7716049382716049,1296,"Sampled-label overlap, no point adjustment; delays among detected events only; no original-FPS seconds.",0.08888888888888893,0.3723340986498881,,2807,468,True
S07,0,prototype_neural,0.95,1.9289716482162476,0.05015432098765432,0.050505050505050504,0.6042376938058854,0.1876838154483114,0.18720360807884592,0.47372700230421705,0.0,0.0,0.7909362975630612,2176,163,468,0,0.0,0.0,0.0,0.9303120991876871,0.06968790081231295,0.7752048450302814,0.46515604959384355,-0.11106338157892892,2185,154,468,0,0.0,0.0,0.0,0.9341598973920479,0.06584010260795212,0.7784111150694691,0.4670799486960239,-0.10777041396455622,11,0,3,3,0.0,0.0,0.0,,,2.314814814814815,1296,"Sampled-label overlap, no point adjustment; delays among detected events only; no original-FPS seconds.",0.18888888888888894,0.39749749734269857,,2807,468,True
S07,0,prototype_neural,0.975,3.2287650108337402,0.023148148148148147,0.025252525252525252,0.6042376938058854,0.1876838154483114,0.18720360807884592,0.47372700230421705,0.0,0.0,0.7909362975630612,2209,130,468,0,0.0,0.0,0.0,0.9444206926036768,0.05557930739632321,0.7869611685073031,0.4722103463018384,-0.09857239443623789,2213,126,468,0,0.0,0.0,0.0,0.9461308251389483,0.05386917486105173,0.7883861774136088,0.47306541256947415,-0.09697162675232121,11,0,3,3,0.0,0.0,0.0,,,2.314814814814815,1296,"Sampled-label overlap, no point adjustment; delays among detected events only; no original-FPS seconds.",0.18888888888888894,0.39749749734269857,,2807,468,True
S07,0,prototype_neural,0.99,4.362619876861572,0.011574074074074073,0.010101010101010102,0.6042376938058854,0.1876838154483114,0.18720360807884592,0.47372700230421705,0.0,0.0,0.7909362975630612,2245,94,468,0,0.0,0.0,0.0,0.9598118854211202,0.040188114578879865,0.7997862486640541,0.4799059427105601,-0.08326200131866014,2248,91,468,0,0.0,0.0,0.0,0.9610944848225738,0.03890551517742625,0.8008550053437834,0.4805472424112869,-0.08187732189432821,11,0,2,2,0.0,0.0,0.0,,,1.5432098765432098,1296,"Sampled-label overlap, no point adjustment; delays among detected events only; no original-FPS seconds.",0.18888888888888894,0.39749749734269857,,2807,468,True
S07,0,prototype_neural,0.995,5.231683731079102,0.006172839506172839,0.005050505050505051,0.6042376938058854,0.1876838154483114,0.18720360807884592,0.47372700230421705,0.0,0.0,0.7909362975630612,2260,79,468,0,0.0,0.0,0.0,0.9662248824283882,0.0337751175716118,0.8051300320627004,0.4831124412141941,-0.0761200698761183,2264,75,468,0,0.0,0.0,0.0,0.9679350149636596,0.03206498503634032,0.8065550409690061,0.4839675074818298,-0.07411363252459663,11,0,3,3,0.0,0.0,0.0,,,2.314814814814815,1296,"Sampled-label overlap, no point adjustment; delays among detected events only; no original-FPS seconds.",0.18888888888888894,0.39749749734269857,,2807,468,True
S07,0,prototype_neural,0.999,7.810222625732422,0.0015432098765432098,0.0012626262626262627,0.6042376938058854,0.1876838154483114,0.18720360807884592,0.47372700230421705,0.0,0.0,0.7909362975630612,2326,13,468,0,0.0,0.0,0.0,0.9944420692603677,0.0055579307396323215,0.8286426790167438,0.49722103463018386,-0.03051169194059874,2332,7,468,0,0.0,0.0,0.0,0.9970072680632749,0.002992731936725096,0.8307801923762024,0.49850363403163744,-0.022365459229957897,11,0,2,2,0.0,0.0,0.0,,,1.5432098765432098,1296,"Sampled-label overlap, no point adjustment; delays among detected events only; no original-FPS seconds.",0.18888888888888894,0.39749749734269857,,2807,468,True
S07,0,prototype_neural_ema,0.95,1.837147940254099,0.047839506172839504,0.050505050505050504,0.6073912074339608,0.189437301338577,0.188954753669701,0.47368421052631576,0.0,0.0,0.7695596408721675,2180,159,468,0,0.0,0.0,0.0,0.9320222317229585,0.06797776827704147,0.7766298539365871,0.46601111586147925,-0.10960929575833081,2186,153,468,0,0.0,0.0,0.0,0.9345874305258658,0.06541256947413425,0.7787673672960456,0.4672937152629329,-0.10739970087254078,11,0,3,3,0.0,0.0,0.0,,,2.314814814814815,1296,"Sampled-label overlap, no point adjustment; delays among detected events only; no original-FPS seconds.",0.18888888888888894,0.39749749734269857,,2807,468,True
S07,0,prototype_neural_ema,0.975,3.1872208299858267,0.021604938271604937,0.025252525252525252,0.6073912074339608,0.189437301338577,0.188954753669701,0.47368421052631576,0.0,0.0,0.7695596408721675,2208,131,468,0,0.0,0.0,0.0,0.943993159469859,0.056006840530141086,0.7866049162807267,0.4719965797349295,-0.09896927957196255,2212,127,468,0,0.0,0.0,0.0,0.9457032920051304,0.0542967079948696,0.7880299251870324,0.4728516460025652,-0.09737383597985884,11,0,2,2,0.0,0.0,0.0,,,1.5432098765432098,1296,"Sampled-label overlap, no point adjustment; delays among detected events only; no original-FPS seconds.",0.18888888888888894,0.39749749734269857,,2807,468,True
S07,0,prototype_neural_ema,0.99,4.176078347677026,0.013888888888888888,0.010101010101010102,0.6073912074339608,0.189437301338577,0.188954753669701,0.47368421052631576,0.0,0.0,0.7695596408721675,2246,93,468,0,0.0,0.0,0.0,0.960239418554938,0.03976058144506199,0.8001425008906305,0.480119709277469,-0.08280267519834925,2250,89,468,0,0.0,0.0,0.0,0.9619495510902095,0.03805044890979051,0.8015675097969363,0.48097477554510476,-0.08094277561873321,11,0,2,2,0.0,0.0,0.0,,,1.5432098765432098,1296,"Sampled-label overlap, no point adjustment; delays among detected events only; no original-FPS seconds.",0.18888888888888894,0.39749749734269857,,2807,468,True
S07,0,prototype_neural_ema,0.995,4.723089767777407,0.006944444444444444,0.005050505050505051,0.6073912074339608,0.189437301338577,0.188954753669701,0.47368421052631576,0.0,0.0,0.7695596408721675,2252,87,468,0,0.0,0.0,0.0,0.9628046173578453,0.037195382642154766,0.8022800142500891,0.48140230867892264,-0.07999871110296373,2256,83,468,0,0.0,0.0,0.0,0.9645147498931167,0.03548525010688328,0.8037050231563947,0.48225737494655835,-0.07808063024928348,11,0,2,2,0.0,0.0,0.0,,,1.5432098765432098,1296,"Sampled-label overlap, no point adjustment; delays among detected events only; no original-FPS seconds.",0.18888888888888894,0.39749749734269857,,2807,468,True
S07,0,prototype_neural_ema,0.999,7.469224194056303,0.0,0.0012626262626262627,0.6073912074339608,0.189437301338577,0.188954753669701,0.47368421052631576,0.0,0.0,0.7695596408721675,2324,15,468,0,0.0,0.0,0.0,0.993587002992732,0.006412997007268063,0.827930174563591,0.496793501496366,-0.03278655137514495,2329,10,468,0,0.0,0.0,0.0,0.9957246686618213,0.004275331338178709,0.8297114356964731,0.49786233433091065,-0.026746168877299543,11,0,3,3,0.0,0.0,0.0,,,2.314814814814815,1296,"Sampled-label overlap, no point adjustment; delays among detected events only; no original-FPS seconds.",0.18888888888888894,0.39749749734269857,,2807,468,True
S07,0,reference_dino_global_pca,0.95,0.00956660695374012,0.043209876543209874,0.050505050505050504,0.5177385141579242,0.15976032338395918,0.15922720303859403,0.47404770023522974,0.0,0.0,0.9217614365113296,2181,158,468,0,0.0,0.0,0.0,0.9324497648567764,0.0675502351432236,0.7769861061631635,0.4662248824283882,-0.10924344318117224,2194,145,468,0,0.0,0.0,0.0,0.9380076955964087,0.061992304403591277,0.781617385108657,0.46900384779820437,-0.10439694529370541,11,0,3,3,0.0,0.0,0.0,,,2.314814814814815,1296,"Sampled-label overlap, no point adjustment; delays among detected events only; no original-FPS seconds.",0.16666666666666669,0.39369847773485545,,2807,468,True
S07,0,reference_dino_global_pca,0.975,0.019684383645653725,0.022376543209876542,0.025252525252525252,0.5177385141579242,0.15976032338395918,0.15922720303859403,0.47404770023522974,0.0,0.0,0.9217614365113296,2225,114,468,0,0.0,0.0,0.0,0.9512612227447628,0.04873877725523728,0.7926612041325258,0.4756306113723814,-0.09203267908655134,2231,108,468,0,0.0,0.0,0.0,0.95382642154767,0.046173578452330055,0.7947987174919843,0.476913210773835,-0.08947840853003576,11,0,3,3,0.0,0.0,0.0,,,2.314814814814815,1296,"Sampled-label overlap, no point adjustment; delays among detected events only; no original-FPS seconds.",0.16666666666666669,0.39369847773485545,,2807,468,True
S07,0,reference_dino_global_pca,0.99,0.026170337572693825,0.011574074074074073,0.010101010101010102,0.5177385141579242,0.15976032338395918,0.15922720303859403,0.47404770023522974,0.0,0.0,0.9217614365113296,2247,92,468,0,0.0,0.0,0.0,0.9606669516887559,0.03933304831124412,0.800498753117207,0.48033347584437797,-0.08234112803671141,2251,88,468,0,0.0,0.0,0.0,0.9623770842240273,0.03762291577597264,0.8019237620235127,0.4811885421120137,-0.08047195419049831,11,0,2,2,0.0,0.0,0.0,,,1.5432098765432098,1296,"Sampled-label overlap, no point adjustment; delays among detected events only; no original-FPS seconds.",0.16666666666666669,0.39369847773485545,,2807,468,True
S07,0,reference_dino_global_pca,0.995,0.03068258985877037,0.005401234567901234,0.005050505050505051,0.5177385141579242,0.15976032338395918,0.15922720303859403,0.47404770023522974,0.0,0.0,0.9217614365113296,2269,70,468,0,0.0,0.0,0.0,0.970072680632749,0.029927319367250963,0.8083363021018881,0.4850363403163745,-0.07153514090512582,2273,66,468,0,0.0,0.0,0.0,0.9717828131680205,0.02821718683197948,0.8097613110081938,0.48589140658401025,-0.06941051482692924,11,0,3,3,0.0,0.0,0.0,,,2.314814814814815,1296,"Sampled-label overlap, no point adjustment; delays among detected events only; no original-FPS seconds.",0.16666666666666669,0.39369847773485545,,2807,468,True
S07,0,reference_dino_global_pca,0.999,0.04873010516166687,0.0007716049382716049,0.0012626262626262627,0.5177385141579242,0.15976032338395918,0.15922720303859403,0.47404770023522974,0.0,0.0,0.9217614365113296,2331,8,468,0,0.0,0.0,0.0,0.9965797349294571,0.003420265070542967,0.830423940149626,0.49828986746472853,-0.02391395236894751,2336,3,468,0,0.0,0.0,0.0,0.9987174005985464,0.0012825994014536127,0.832205201282508,0.4993587002992732,-0.014631182866837617,11,0,1,1,0.0,0.0,0.0,,,0.7716049382716049,1296,"Sampled-label overlap, no point adjustment; delays among detected events only; no original-FPS seconds.",0.16666666666666669,0.39369847773485545,,2807,468,True
S07,0,reference_dino_frame_denoising_ae,0.95,0.444243848323822,0.0470679012345679,0.050505050505050504,0.546429367506751,0.17326931607185947,0.17271776745712947,0.4739856761975976,0.0,0.0,0.9093629756306114,2172,167,468,0,0.0,0.0,0.0,0.9286019666524156,0.07139803334758443,0.7737798361239758,0.4643009833262078,-0.11250299593093253,2182,157,468,0,0.0,0.0,0.0,0.9328772979905943,0.06712270200940573,0.77734235838974,0.46643864899529713,-0.10887663876183991,11,0,3,3,0.0,0.0,0.0,,,2.314814814814815,1296,"Sampled-label overlap, no point adjustment; delays among detected events only; no original-FPS seconds.",0.30000000000000004,0.4430435770799548,,2807,468,True
S07,0,reference_dino_frame_denoising_ae,0.975,0.8947036862373352,0.023148148148148147,0.025252525252525252,0.546429367506751,0.17326931607185947,0.17271776745712947,0.4739856761975976,0.0,0.0,0.9093629756306114,2216,123,468,0,0.0,0.0,0.0,0.9474134245404019,0.05258657545959812,0.7894549340933381,0.47370671227020095,-0.09575668781843256,2222,117,468,0,0.0,0.0,0.0,0.9499786233433091,0.050021376656690895,0.7915924474527966,0.47498931167165453,-0.09328774742604613,11,0,4,4,0.0,0.0,0.0,,,3.0864197530864197,1296,"Sampled-label overlap, no point adjustment; delays among detected events only; no original-FPS seconds.",0.30000000000000004,0.4430435770799548,,2807,468,True
S07,0,reference_dino_frame_denoising_ae,0.99,1.2154346704483032,0.010030864197530864,0.010101010101010102,0.546429367506751,0.17326931607185947,0.17271776745712947,0.4739856761975976,0.0,0.0,0.9093629756306114,2252,87,468,0,0.0,0.0,0.0,0.9628046173578453,0.037195382642154766,0.8022800142500891,0.48140230867892264,-0.07999871110296373,2255,84,468,0,0.0,0.0,0.0,0.9640872167592989,0.03591278324070116,0.8033487709298183,0.48204360837964944,-0.07856400923022511,11,0,2,2,0.0,0.0,0.0,,,1.5432098765432098,1296,"Sampled-label overlap, no point adjustment; delays among detected events only; no original-FPS seconds.",0.30000000000000004,0.4430435770799548,,2807,468,True
S07,0,reference_dino_frame_denoising_ae,0.995,1.4920905828475952,0.005401234567901234,0.005050505050505051,0.546429367506751,0.17326931607185947,0.17271776745712947,0.4739856761975976,0.0,0.0,0.9093629756306114,2270,69,468,0,0.0,0.0,0.0,0.9705002137665669,0.029499786233433092,0.8086925543284645,0.48525010688328346,-0.07100936665251316,2278,61,468,0,0.0,0.0,0.0,0.9739204788371099,0.026079521162890123,0.8115425721410758,0.48696023941855493,-0.06666877367940499,11,0,4,4,0.0,0.0,0.0,,,3.0864197530864197,1296,"Sampled-label overlap, no point adjustment; delays among detected events only; no original-FPS seconds.",0.30000000000000004,0.4430435770799548,,2807,468,True
S07,0,reference_dino_frame_denoising_ae,0.999,2.3323824405670166,0.0015432098765432098,0.0012626262626262627,0.546429367506751,0.17326931607185947,0.17271776745712947,0.4739856761975976,0.0,0.0,0.9093629756306114,2330,9,468,0,0.0,0.0,0.0,0.9961522017956391,0.003847798204360838,0.8300676879230495,0.49807610089781956,-0.025369109048976067,2337,2,468,0,0.0,0.0,0.0,0.9991449337323642,0.0008550662676357417,0.8325614535090844,0.4995724668661821,-0.011944181128712091,11,0,1,1,0.0,0.0,0.0,,,0.7716049382716049,1296,"Sampled-label overlap, no point adjustment; delays among detected events only; no original-FPS seconds.",0.30000000000000004,0.4430435770799548,,2807,468,True
S07,0,reference_dino_full_ema,0.95,1.5542638822550425,0.04398148148148148,0.050505050505050504,0.6168983384673851,0.18906586732207495,0.18857066581238,0.4737173861743516,0.0,0.0,0.7174005985463874,2174,165,468,0,0.0,0.0,0.0,0.9294570329200513,0.0705429670799487,0.7744923405771286,0.46472851646002566,-0.11178496137782006,2184,155,468,0,0.0,0.0,0.0,0.93373236425823,0.06626763574176998,0.7780548628428927,0.466866182129115,-0.10814013436422368,11,0,3,3,0.0,0.0,0.0,,,2.314814814814815,1296,"Sampled-label overlap, no point adjustment; delays among detected events only; no original-FPS seconds.",0.22222222222222227,0.41014073645652593,,2807,468,True
S07,0,reference_dino_full_ema,0.975,2.8908127717690126,0.022376543209876542,0.025252525252525252,0.6168983384673851,0.18906586732207495,0.18857066581238,0.4737173861743516,0.0,0.0,0.7174005985463874,2207,132,468,0,0.0,0.0,0.0,0.943565626336041,0.05643437366395896,0.7862486640541504,0.4717828131680205,-0.0993648744322064,2211,128,468,0,0.0,0.0,0.0,0.9452757588713125,0.05472424112868747,0.787673672960456,0.47263787943565627,-0.09777468909504061,11,0,2,2,0.0,0.0,0.0,,,1.5432098765432098,1296,"Sampled-label overlap, no point adjustment; delays among detected events only; no original-FPS seconds.",0.22222222222222227,0.41014073645652593,,2807,468,True
S07,0,reference_dino_full_ema,0.99,3.891227460994257,0.013117283950617283,0.010101010101010102,0.6168983384673851,0.18906586732207495,0.18857066581238,0.4737173861743516,0.0,0.0,0.7174005985463874,2246,93,468,0,0.0,0.0,0.0,0.960239418554938,0.03976058144506199,0.8001425008906305,0.480119709277469,-0.08280267519834925,2250,89,468,0,0.0,0.0,0.0,0.9619495510902095,0.03805044890979051,0.8015675097969363,0.48097477554510476,-0.08094277561873321,11,0,2,2,0.0,0.0,0.0,,,1.5432098765432098,1296,"Sampled-label overlap, no point adjustment; delays among detected events only; no original-FPS seconds.",0.22222222222222227,0.41014073645652593,,2807,468,True
S07,0,reference_dino_full_ema,0.995,4.5839607253272625,0.005401234567901234,0.005050505050505051,0.6168983384673851,0.18906586732207495,0.18857066581238,0.4737173861743516,0.0,0.0,0.7174005985463874,2257,82,468,0,0.0,0.0,0.0,0.9649422830269346,0.035057716973065416,0.8040612753829711,0.4824711415134673,-0.07759459818377035,2262,77,468,0,0.0,0.0,0.0,0.967079948696024,0.03292005130397606,0.8058425365158532,0.483539974348012,-0.0751228152187862,11,0,3,3,0.0,0.0,0.0,,,2.314814814814815,1296,"Sampled-label overlap, no point adjustment; delays among detected events only; no original-FPS seconds.",0.22222222222222227,0.41014073645652593,,2807,468,True
S07,0,reference_dino_full_ema,0.999,7.551414223461571,0.0,0.0012626262626262627,0.6168983384673851,0.18906586732207495,0.18857066581238,0.4737173861743516,0.0,0.0,0.7174005985463874,2326,13,468,0,0.0,0.0,0.0,0.9944420692603677,0.0055579307396323215,0.8286426790167438,0.49722103463018386,-0.03051169194059874,2331,8,468,0,0.0,0.0,0.0,0.9965797349294571,0.003420265070542967,0.830423940149626,0.49828986746472853,-0.02391395236894751,11,0,3,3,0.0,0.0,0.0,,,2.314814814814815,1296,"Sampled-label overlap, no point adjustment; delays among detected events only; no original-FPS seconds.",0.22222222222222227,0.41014073645652593,,2807,468,True
S08,0,prototype64,0.95,0.03554084897041321,0.03249390739236393,0.05012690355329949,0.6062335118356346,0.22700549073452952,0.22646898184074113,0.4744793777208301,0.0,0.0,0.8554274735830932,1950,132,536,0,0.0,0.0,0.0,0.9365994236311239,0.06340057636887608,0.7448433919022154,0.46829971181556196,-0.11691720797729385,1971,111,536,0,0.0,0.0,0.0,0.946685878962536,0.053314121037463975,0.752864782276547,0.473342939481268,-0.10676437318956689,10,0,7,7,0.0,0.0,0.0,,,5.686433793663688,1231,"Sampled-label overlap, no point adjustment; delays among detected events only; no original-FPS seconds.",0.1,0.37159058562696334,,2618,536,True
S08,0,prototype64,0.975,0.04897189140319824,0.01949634443541836,0.025380710659898477,0.6062335118356346,0.22700549073452952,0.22646898184074113,0.4744793777208301,0.0,0.0,0.8554274735830932,1992,90,536,0,0.0,0.0,0.0,0.9567723342939481,0.043227665706051875,0.7608861726508785,0.4783861671469741,-0.09573588408202378,2010,72,536,0,0.0,0.0,0.0,0.9654178674351584,0.0345821325648415,0.7677616501145913,0.4827089337175792,-0.0853255469423974,10,0,7,7,0.0,0.0,0.0,,,5.686433793663688,1231,"Sampled-label overlap, no point adjustment; delays among detected events only; no original-FPS seconds.",0.1,0.37159058562696334,,2618,536,True
S08,0,prototype64,0.99,0.07739110291004181,0.005686433793663688,0.01015228426395939,0.6062335118356346,0.22700549073452952,0.22646898184074113,0.4744793777208301,0.0,0.0,0.8554274735830932,2069,13,536,0,0.0,0.0,0.0,0.9937560038424592,0.006243996157540826,0.7902979373567609,0.4968780019212296,-0.035843453295177394,2080,2,536,0,0.0,0.0,0.0,0.9990393852065321,0.0009606147934678194,0.7944996180290298,0.49951969260326606,-0.014029369713702137,10,0,1,1,0.0,0.0,0.0,,,0.8123476848090982,1231,"Sampled-label overlap, no point adjustment; delays among detected events only; no original-FPS seconds.",0.1,0.37159058562696334,,2618,536,True
S08,0,prototype64,0.995,0.0826384574174881,0.003249390739236393,0.005076142131979695,0.6062335118356346,0.22700549073452952,0.22646898184074113,0.4744793777208301,0.0,0.0,0.8554274735830932,2077,5,536,0,0.0,0.0,0.0,0.9975984630163305,0.0024015369836695487,0.793353705118411,0.49879923150816524,-0.022195111421417512,2082,0,536,0,0.0,0.0,0.0,1.0,0.0,0.7952635599694423,0.5,0.0,10,0,0,0,0.0,0.0,0.0,,,0.0,1231,"Sampled-label overlap, no point adjustment; delays among detected events only; no original-FPS seconds.",0.1,0.37159058562696334,,2618,536,True
S08,0,prototype64,0.999,0.08513496816158295,0.003249390739236393,0.0012690355329949238,0.6062335118356346,0.22700549073452952,0.22646898184074113,0.4744793777208301,0.0,0.0,0.8554274735830932,2077,5,536,0,0.0,0.0,0.0,0.9975984630163305,0.0024015369836695487,0.793353705118411,0.49879923150816524,-0.022195111421417512,2082,0,536,0,0.0,0.0,0.0,1.0,0.0,0.7952635599694423,0.5,0.0,10,0,0,0,0.0,0.0,0.0,,,0.0,1231,"Sampled-label overlap, no point adjustment; delays among detected events only; no original-FPS seconds.",0.1,0.37159058562696334,,2618,536,True
S08,0,prototype256,0.95,0.034817054867744446,0.038180341186027617,0.05012690355329949,0.6650572784492523,0.2619470252627806,0.26136476390722635,0.47436147036695786,0.0,0.0,0.8866474543707973,1954,128,536,0,0.0,0.0,0.0,0.9385206532180596,0.06147934678194044,0.7463712757830405,0.4692603266090298,-0.11503959485143522,1969,113,536,0,0.0,0.0,0.0,0.9457252641690682,0.05427473583093179,0.7521008403361344,0.4728626320845341,-0.10776491455262564,10,0,6,6,0.0,0.0,0.0,,,4.87408610885459,1231,"Sampled-label overlap, no point adjustment; delays among detected events only; no original-FPS seconds.",0.2111111111111111,0.4036189739053516,,2618,536,True
S08,0,prototype256,0.975,0.05186504125595093,0.017059301380991064,0.025380710659898477,0.6650572784492523,0.2619470252627806,0.26136476390722635,0.47436147036695786,0.0,0.0,0.8866474543707973,1996,86,536,0,0.0,0.0,0.0,0.9586935638808838,0.04130643611911623,0.7624140565317036,0.4793467819404419,-0.09351029072093289,2013,69,536,0,0.0,0.0,0.0,0.9668587896253602,0.03314121037463977,0.7689075630252101,0.4834293948126801,-0.0834798499725212,10,0,8,8,0.0,0.0,0.0,,,6.498781478472786,1231,"Sampled-label overlap, no point adjustment; delays among detected events only; no original-FPS seconds.",0.2111111111111111,0.4036189739053516,,2618,536,True
S08,0,prototype256,0.99,0.07532945275306702,0.005686433793663688,0.01015228426395939,0.6650572784492523,0.2619470252627806,0.26136476390722635,0.47436147036695786,0.0,0.0,0.8866474543707973,2056,26,536,0,0.0,0.0,0.0,0.9875120076849183,0.012487992315081652,0.7853323147440795,0.49375600384245916,-0.050817255657534095,2069,13,536,0,0.0,0.0,0.0,0.9937560038424592,0.006243996157540826,0.7902979373567609,0.4968780019212296,-0.035843453295177394,10,0,4,4,0.0,0.0,0.0,,,3.249390739236393,1231,"Sampled-label overlap, no point adjustment; delays among detected events only; no original-FPS seconds.",0.2111111111111111,0.4036189739053516,,2618,536,True
S08,0,prototype256,0.995,0.07866367697715759,0.004061738424045491,0.005076142131979695,0.6650572784492523,0.2619470252627806,0.26136476390722635,0.47436147036695786,0.0,0.0,0.8866474543707973,2062,20,536,0,0.0,0.0,0.0,0.9903938520653218,0.009606147934678195,0.787624140565317,0.4951969260326609,-0.04451818569936179,2076,6,536,0,0.0,0.0,0.0,0.9971181556195965,0.002881844380403458,0.7929717341482048,0.49855907780979825,-0.02431818013556449,10,0,2,2,0.0,0.0,0.0,,,1.6246953696181965,1231,"Sampled-label overlap, no point adjustment; delays among detected events only; no original-FPS seconds.",0.2111111111111111,0.4036189739053516,,2618,536,True
S08,0,prototype256,0.999,0.0826893225312233,0.003249390739236393,0.0012690355329949238,0.6650572784492523,0.2619470252627806,0.26136476390722635,0.47436147036695786,0.0,0.0,0.8866474543707973,2073,9,536,0,0.0,0.0,0.0,0.9956772334293948,0.004322766570605188,0.7918258212375859,0.4978386167146974,-0.029800685035923945,2082,0,536,0,0.0,0.0,0.0,1.0,0.0,0.7952635599694423,0.5,0.0,10,0,0,0,0.0,0.0,0.0,,,0.0,1231,"Sampled-label overlap, no point adjustment; delays among detected events only; no original-FPS seconds.",0.2111111111111111,0.4036189739053516,,2618,536,True
S08,0,prototype_motion,0.95,1.7225654125213623,0.06580016246953696,0.05012690355329949,0.537986400848782,0.1999974539591048,0.19953695931525622,0.4739502095166515,0.0,0.0,0.9591738712776177,1860,222,533,3,0.013333333333333334,0.005597014925373134,0.00788436268068331,0.8933717579250721,0.10662824207492795,0.7116119174942704,0.4494843864252226,-0.14545068708980582,1912,170,536,0,0.0,0.0,0.0,0.9183477425552353,0.08165225744476465,0.7303284950343774,0.45917387127761766,-0.13370904478084733,10,0,7,7,0.0,0.0,0.0,,,5.686433793663688,1231,"Sampled-label overlap, no point adjustment; delays among detected events only; no original-FPS seconds.",0.0,0.35310573714211485,,2618,536,True
S08,0,prototype_motion,0.975,2.9118239879608154,0.025182778229082048,0.025380710659898477,0.537986400848782,0.1999974539591048,0.19953695931525622,0.4739502095166515,0.0,0.0,0.9591738712776177,1960,122,536,0,0.0,0.0,0.0,0.9414024975984631,0.05859750240153699,0.7486631016042781,0.47070124879923153,-0.11217592440320995,1978,104,536,0,0.0,0.0,0.0,0.9500480307396734,0.049951969260326606,0.7555385790679908,0.4750240153698367,-0.1031991369294401,10,0,8,8,0.0,0.0,0.0,,,6.498781478472786,1231,"Sampled-label overlap, no point adjustment; delays among detected events only; no original-FPS seconds.",0.0,0.35310573714211485,,2618,536,True
S08,0,prototype_motion,0.99,4.01388692855835,0.01380991064175467,0.01015228426395939,0.537986400848782,0.1999974539591048,0.19953695931525622,0.4739502095166515,0.0,0.0,0.9591738712776177,1996,86,536,0,0.0,0.0,0.0,0.9586935638808838,0.04130643611911623,0.7624140565317036,0.4793467819404419,-0.09351029072093289,2013,69,536,0,0.0,0.0,0.0,0.9668587896253602,0.03314121037463977,0.7689075630252101,0.4834293948126801,-0.0834798499725212,10,0,7,7,0.0,0.0,0.0,,,5.686433793663688,1231,"Sampled-label overlap, no point adjustment; delays among detected events only; no original-FPS seconds.",0.0,0.35310573714211485,,2618,536,True
S08,0,prototype_motion,0.995,4.378676891326904,0.00974817221770918,0.005076142131979695,0.537986400848782,0.1999974539591048,0.19953695931525622,0.4739502095166515,0.0,0.0,0.9591738712776177,2010,72,536,0,0.0,0.0,0.0,0.9654178674351584,0.0345821325648415,0.7677616501145913,0.4827089337175792,-0.0853255469423974,2024,58,536,0,0.0,0.0,0.0,0.9721421709894332,0.027857829010566763,0.773109243697479,0.4860710854947166,-0.07637233104395476,10,0,7,7,0.0,0.0,0.0,,,5.686433793663688,1231,"Sampled-label overlap, no point adjustment; delays among detected events only; no original-FPS seconds.",0.0,0.35310573714211485,,2618,536,True
S08,0,prototype_motion,0.999,4.657806873321533,0.008123476848090982,0.0012690355329949238,0.537986400848782,0.1999974539591048,0.19953695931525622,0.4739502095166515,0.0,0.0,0.9591738712776177,2022,60,536,0,0.0,0.0,0.0,0.9711815561959655,0.02881844380403458,0.7723453017570665,0.48559077809798273,-0.07770829628525447,2040,42,536,0,0.0,0.0,0.0,0.9798270893371758,0.020172910662824207,0.7792207792207793,0.4899135446685879,-0.06478787686634371,10,0,6,6,0.0,0.0,0.0,,,4.87408610885459,1231,"Sampled-label overlap, no point adjustment; delays among detected events only; no original-FPS seconds.",0.0,0.35310573714211485,,2618,536,True
S08,0,prototype_motion_ema,0.95,1.6387519257787742,0.06173842404549147,0.05012690355329949,0.5276445581888827,0.19672766354953047,0.1962934461391188,0.47368421052631576,0.0,0.0,0.9851104707012488,1879,203,536,0,0.0,0.0,0.0,0.9024975984630164,0.09750240153698367,0.7177234530175707,0.4512487992315082,-0.1471063715980043,1893,189,536,0,0.0,0.0,0.0,0.909221902017291,0.09077809798270893,0.7230710466004584,0.4546109510086455,-0.14153347732344293,10,0,7,7,0.0,0.0,0.0,,,5.686433793663688,1231,"Sampled-label overlap, no point adjustment; delays among detected events only; no original-FPS seconds.",0.044444444444444446,0.3596461411825189,,2618,536,True
S08,0,prototype_motion_ema,0.975,2.7312467382015426,0.025182778229082048,0.025380710659898477,0.5276445581888827,0.19672766354953047,0.1962934461391188,0.47368421052631576,0.0,0.0,0.9851104707012488,1953,129,536,0,0.0,0.0,0.0,0.9380403458213257,0.06195965417867435,0.7459893048128342,0.46902017291066284,-0.1155112913658792,1965,117,536,0,0.0,0.0,0.0,0.9438040345821326,0.056195965417867436,0.7505729564553094,0.4719020172910663,-0.10974332574955138,10,0,6,6,0.0,0.0,0.0,,,4.87408610885459,1231,"Sampled-label overlap, no point adjustment; delays among detected events only; no original-FPS seconds.",0.044444444444444446,0.3596461411825189,,2618,536,True
S08,0,prototype_motion_ema,0.99,4.050911715279505,0.010560519902518278,0.01015228426395939,0.5276445581888827,0.19672766354953047,0.1962934461391188,0.47368421052631576,0.0,0.0,0.9851104707012488,2002,80,536,0,0.0,0.0,0.0,0.9615754082612872,0.03842459173871278,0.7647058823529411,0.4807877041306436,-0.09008266314092783,2011,71,536,0,0.0,0.0,0.0,0.9658981748318924,0.034101825168107586,0.7681436210847975,0.4829490874159462,-0.08471430147271984,10,0,6,6,0.0,0.0,0.0,,,4.87408610885459,1231,"Sampled-label overlap, no point adjustment; delays among detected events only; no original-FPS seconds.",0.044444444444444446,0.3596461411825189,,2618,536,True
S08,0,prototype_motion_ema,0.995,4.276000658964764,0.00974817221770918,0.005076142131979695,0.5276445581888827,0.19672766354953047,0.1962934461391188,0.47368421052631576,0.0,0.0,0.9851104707012488,2006,76,536,0,0.0,0.0,0.0,0.9634966378482228,0.03650336215177714,0.7662337662337663,0.4817483189241114,-0.08773261115195839,2016,66,536,0,0.0,0.0,0.0,0.968299711815562,0.03170028818443804,0.7700534759358288,0.484149855907781,-0.08159690103290386,10,0,7,7,0.0,0.0,0.0,,,5.686433793663688,1231,"Sampled-label overlap, no point adjustment; delays among detected events only; no original-FPS seconds.",0.044444444444444446,0.3596461411825189,,2618,536,True
S08,0,prototype_motion_ema,0.999,4.480566268131463,0.00974817221770918,0.0012690355329949238,0.5276445581888827,0.19672766354953047,0.1962934461391188,0.47368421052631576,0.0,0.0,0.9851104707012488,2012,70,536,0,0.0,0.0,0.0,0.9663784822286263,0.03362151777137368,0.7685255920550038,0.48318924111431316,-0.08409909850580052,2021,61,536,0,0.0,0.0,0.0,0.9707012487992315,0.029298751200768493,0.7719633307868602,0.48535062439961574,-0.07836850928404823,10,0,7,7,0.0,0.0,0.0,,,5.686433793663688,1231,"Sampled-label overlap, no point adjustment; delays among detected events only; no original-FPS seconds.",0.044444444444444446,0.3596461411825189,,2618,536,True
S08,0,prototype_fewshot3,0.95,0.09450004994869232,0.08773354995938261,0.05012690355329949,0.5260669813755431,0.19511354610676374,0.1947198802640036,0.47368421052631576,0.0,0.0,0.7785782901056676,1783,299,536,0,0.0,0.0,0.0,0.856388088376561,0.143611911623439,0.6810542398777693,0.4281940441882805,-0.18219113949635501,1797,285,536,0,0.0,0.0,0.0,0.8631123919308358,0.13688760806916425,0.686401833460657,0.4315561959654179,-0.17734015873742964,10,0,6,6,0.0,0.0,0.0,,,4.87408610885459,1231,"Sampled-label overlap, no point adjustment; delays among detected events only; no original-FPS seconds.",0.06666666666666667,0.3646461411825189,,2618,536,True
S08,0,prototype_fewshot3,0.975,0.11433867365121841,0.05686433793663688,0.025380710659898477,0.5260669813755431,0.19511354610676374,0.1947198802640036,0.47368421052631576,0.0,0.0,0.7785782901056676,1896,186,536,0,0.0,0.0,0.0,0.9106628242074928,0.0893371757925072,0.7242169595110771,0.4553314121037464,-0.14031907692472367,1911,171,536,0,0.0,0.0,0.0,0.9178674351585014,0.08213256484149856,0.7299465240641712,0.4589337175792507,-0.13412912849933645,10,0,8,8,0.0,0.0,0.0,,,6.498781478472786,1231,"Sampled-label overlap, no point adjustment; delays among detected events only; no original-FPS seconds.",0.06666666666666667,0.3646461411825189,,2618,536,True
S08,0,prototype_fewshot3,0.99,0.13173483312129974,0.02924451665312754,0.01015228426395939,0.5260669813755431,0.19511354610676374,0.1947198802640036,0.47368421052631576,0.0,0.0,0.7785782901056676,1943,139,536,0,0.0,0.0,0.0,0.9332372718539865,0.06676272814601344,0.7421695951107716,0.46661863592699326,-0.12014651249205242,1962,120,536,0,0.0,0.0,0.0,0.9423631123919308,0.05763688760806916,0.7494270435446906,0.4711815561959654,-0.11120810445811835,10,0,8,8,0.0,0.0,0.0,,,6.498781478472786,1231,"Sampled-label overlap, no point adjustment; delays among detected events only; no original-FPS seconds.",0.06666666666666667,0.3646461411825189,,2618,536,True
S08,0,prototype_fewshot3,0.995,0.13899390399456024,0.026807473598700244,0.005076142131979695,0.5260669813755431,0.19511354610676374,0.1947198802640036,0.47368421052631576,0.0,0.0,0.7785782901056676,1974,108,536,0,0.0,0.0,0.0,0.9481268011527377,0.05187319884726225,0.7540106951871658,0.47406340057636887,-0.10524877488310942,1990,92,536,0,0.0,0.0,0.0,0.9558117195004803,0.04418828049951969,0.760122230710466,0.47790585975024014,-0.09683208267844001,10,0,6,6,0.0,0.0,0.0,,,4.87408610885459,1231,"Sampled-label overlap, no point adjustment; delays among detected events only; no original-FPS seconds.",0.06666666666666667,0.3646461411825189,,2618,536,True
S08,0,prototype_fewshot3,0.999,0.14660705626010895,0.025182778229082048,0.0012690355329949238,0.5260669813755431,0.19511354610676374,0.1947198802640036,0.47368421052631576,0.0,0.0,0.7785782901056676,1995,87,536,0,0.0,0.0,0.0,0.9582132564841499,0.04178674351585014,0.7620320855614974,0.47910662824207495,-0.09407096215296987,2015,67,536,0,0.0,0.0,0.0,0.9678194044188281,0.03218059558117195,0.7696715049656226,0.48390970220941404,-0.08222884768387753,10,0,5,5,0.0,0.0,0.0,,,4.061738424045491,1231,"Sampled-label overlap, no point adjustment; delays among detected events only; no original-FPS seconds.",0.06666666666666667,0.3646461411825189,,2618,536,True
S08,0,prototype_neural,0.95,1.9396860599517822,0.05280259951259139,0.05012690355329949,0.7083691771689105,0.282893433239022,0.2823093093047887,0.47421715176581825,0.0,0.0,0.547550432276657,1928,154,535,1,0.0064516129032258064,0.0018656716417910447,0.0028943560057887122,0.9260326609029779,0.07396733909702209,0.7368220015278839,0.4639491662723845,-0.12327358068095041,1946,136,536,0,0.0,0.0,0.0,0.9346781940441883,0.06532180595581172,0.7433155080213903,0.46733909702209414,-0.11877105054069838,10,0,7,7,0.0,0.0,0.0,,,5.686433793663688,1231,"Sampled-label overlap, no point adjustment; delays among detected events only; no original-FPS seconds.",0.3222222222222222,0.44269290650869597,,2618,536,True
S08,0,prototype_neural,0.975,3.218696117401123,0.020308692120227456,0.025380710659898477,0.7083691771689105,0.282893433239022,0.2823093093047887,0.47421715176581825,0.0,0.0,0.547550432276657,1980,102,536,0,0.0,0.0,0.0,0.9510086455331412,0.04899135446685879,0.7563025210084033,0.4755043227665706,-0.10216139152447919,1990,92,536,0,0.0,0.0,0.0,0.9558117195004803,0.04418828049951969,0.760122230710466,0.47790585975024014,-0.09683208267844001,10,0,7,7,0.0,0.0,0.0,,,5.686433793663688,1231,"Sampled-label overlap, no point adjustment; delays among detected events only; no original-FPS seconds.",0.3222222222222222,0.44269290650869597,,2618,536,True
S08,0,prototype_neural,0.99,5.366517543792725,0.006498781478472786,0.01015228426395939,0.7083691771689105,0.282893433239022,0.2823093093047887,0.47421715176581825,0.0,0.0,0.547550432276657,2047,35,536,0,0.0,0.0,0.0,0.9831892411143132,0.01681075888568684,0.7818945760122231,0.4915946205571566,-0.059062775460635875,2059,23,536,0,0.0,0.0,0.0,0.9889529298751201,0.011047070124879923,0.7864782276546982,0.49447646493756003,-0.047768023208087006,10,0,6,6,0.0,0.0,0.0,,,4.87408610885459,1231,"Sampled-label overlap, no point adjustment; delays among detected events only; no original-FPS seconds.",0.3222222222222222,0.44269290650869597,,2618,536,True
S08,0,prototype_neural,0.995,5.891180038452148,0.005686433793663688,0.005076142131979695,0.7083691771689105,0.282893433239022,0.2823093093047887,0.47421715176581825,0.0,0.0,0.547550432276657,2058,24,536,0,0.0,0.0,0.0,0.9884726224783862,0.011527377521613832,0.786096256684492,0.4942363112391931,-0.04880481459205719,2068,14,536,0,0.0,0.0,0.0,0.9932756964457252,0.0067243035542747355,0.7899159663865546,0.4966378482228626,-0.03720365086789022,10,0,4,4,0.0,0.0,0.0,,,3.249390739236393,1231,"Sampled-label overlap, no point adjustment; delays among detected events only; no original-FPS seconds.",0.3222222222222222,0.44269290650869597,,2618,536,True
S08,0,prototype_neural,0.999,6.385332107543945,0.00487408610885459,0.0012690355329949238,0.7083691771689105,0.282893433239022,0.2823093093047887,0.47421715176581825,0.0,0.0,0.547550432276657,2070,12,536,0,0.0,0.0,0.0,0.9942363112391931,0.005763688760806916,0.7906799083269671,0.49711815561959655,-0.03443066807350556,2080,2,536,0,0.0,0.0,0.0,0.9990393852065321,0.0009606147934678194,0.7944996180290298,0.49951969260326606,-0.014029369713702137,10,0,1,1,0.0,0.0,0.0,,,0.8123476848090982,1231,"Sampled-label overlap, no point adjustment; delays among detected events only; no original-FPS seconds.",0.3222222222222222,0.44269290650869597,,2618,536,True
S08,0,prototype_neural_ema,0.95,1.9401238828822505,0.04955320877335499,0.05012690355329949,0.7068583594993333,0.28442552466373483,0.2838438165323767,0.4737992881036951,0.0,0.0,0.5585975024015369,1934,148,536,0,0.0,0.0,0.0,0.9289145052833814,0.07108549471661864,0.7387318563789153,0.4644572526416907,-0.12420080575033082,1945,137,536,0,0.0,0.0,0.0,0.9341978866474544,0.06580211335254563,0.7429335370511841,0.4670989433237272,-0.11923093061526734,10,0,6,6,0.0,0.0,0.0,,,4.87408610885459,1231,"Sampled-label overlap, no point adjustment; delays among detected events only; no original-FPS seconds.",0.39999999999999997,0.4685170823328718,,2618,536,True
S08,0,prototype_neural_ema,0.975,3.049684929594951,0.01949634443541836,0.025380710659898477,0.7068583594993333,0.28442552466373483,0.2838438165323767,0.4737992881036951,0.0,0.0,0.5585975024015369,1979,103,536,0,0.0,0.0,0.0,0.9505283381364072,0.0494716618635927,0.7559205500381971,0.4752641690682036,-0.10268136891578607,1989,93,536,0,0.0,0.0,0.0,0.9553314121037464,0.0446685878962536,0.7597402597402597,0.4776657060518732,-0.09737619834902005,10,0,5,5,0.0,0.0,0.0,,,4.061738424045491,1231,"Sampled-label overlap, no point adjustment; delays among detected events only; no original-FPS seconds.",0.39999999999999997,0.4685170823328718,,2618,536,True
S08,0,prototype_neural_ema,0.99,5.370715754689906,0.00487408610885459,0.01015228426395939,0.7068583594993333,0.28442552466373483,0.2838438165323767,0.4737992881036951,0.0,0.0,0.5585975024015369,2049,33,536,0,0.0,0.0,0.0,0.984149855907781,0.01585014409221902,0.7826585179526356,0.4920749279538905,-0.05732825577686418,2056,26,536,0,0.0,0.0,0.0,0.9875120076849183,0.012487992315081652,0.7853323147440795,0.49375600384245916,-0.050817255657534095,10,0,4,4,0.0,0.0,0.0,,,3.249390739236393,1231,"Sampled-label overlap, no point adjustment; delays among detected events only; no original-FPS seconds.",0.39999999999999997,0.4685170823328718,,2618,536,True
S08,0,prototype_neural_ema,0.995,5.682181689825542,0.003249390739236393,0.005076142131979695,0.7068583594993333,0.28442552466373483,0.2838438165323767,0.4737992881036951,0.0,0.0,0.5585975024015369,2056,26,536,0,0.0,0.0,0.0,0.9875120076849183,0.012487992315081652,0.7853323147440795,0.49375600384245916,-0.050817255657534095,2063,19,536,0,0.0,0.0,0.0,0.9908741594620557,0.009125840537944284,0.7880061115355232,0.49543707973102785,-0.04338261163242794,10,0,5,5,0.0,0.0,0.0,,,4.061738424045491,1231,"Sampled-label overlap, no point adjustment; delays among detected events only; no original-FPS seconds.",0.39999999999999997,0.4685170823328718,,2618,536,True
S08,0,prototype_neural_ema,0.999,6.235976640328985,0.002437043054427295,0.0012690355329949238,0.7068583594993333,0.28442552466373483,0.2838438165323767,0.4737992881036951,0.0,0.0,0.5585975024015369,2073,9,536,0,0.0,0.0,0.0,0.9956772334293948,0.004322766570605188,0.7918258212375859,0.4978386167146974,-0.029800685035923945,2078,4,536,0,0.0,0.0,0.0,0.9980787704130644,0.0019212295869356388,0.7937356760886173,0.4990393852065322,-0.019848113570748498,10,0,2,2,0.0,0.0,0.0,,,1.6246953696181965,1231,"Sampled-label overlap, no point adjustment; delays among detected events only; no original-FPS seconds.",0.39999999999999997,0.4685170823328718,,2618,536,True
S08,0,reference_dino_global_pca,0.95,0.006398295983672142,0.0958570268074736,0.05012690355329949,0.6791327046324573,0.27293501034009643,0.2723519171146631,0.4738370184569342,0.0,0.0,0.8587896253602305,1886,196,534,2,0.010101010101010102,0.0037313432835820895,0.005449591280653951,0.9058597502401537,0.0941402497598463,0.721161191749427,0.4547955467618679,-0.13797286918398405,1901,181,536,0,0.0,0.0,0.0,0.9130643611911623,0.08693563880883766,0.7261268143621085,0.45653218059558115,-0.1382781482630152,10,0,5,5,0.0,0.0,0.0,,,4.061738424045491,1231,"Sampled-label overlap, no point adjustment; delays among detected events only; no original-FPS seconds.",0.3888888888888889,0.4642313680471575,,2618,536,True
S08,0,reference_dino_global_pca,0.975,0.011530132964253426,0.0463038180341186,0.025380710659898477,0.6791327046324573,0.27293501034009643,0.2723519171146631,0.4738370184569342,0.0,0.0,0.8587896253602305,1963,119,536,0,0.0,0.0,0.0,0.9428434197886647,0.05715658021133525,0.7498090145148969,0.47142170989433235,-0.11072160813099277,1975,107,536,0,0.0,0.0,0.0,0.9486071085494716,0.05139289145052834,0.754392666157372,0.4743035542747358,-0.10473951649309045,10,0,5,5,0.0,0.0,0.0,,,4.061738424045491,1231,"Sampled-label overlap, no point adjustment; delays among detected events only; no original-FPS seconds.",0.3888888888888889,0.4642313680471575,,2618,536,True
S08,0,reference_dino_global_pca,0.99,0.029297824949026108,0.005686433793663688,0.01015228426395939,0.6791327046324573,0.27293501034009643,0.2723519171146631,0.4738370184569342,0.0,0.0,0.8587896253602305,2052,30,536,0,0.0,0.0,0.0,0.9855907780979827,0.01440922190201729,0.7838044308632544,0.49279538904899134,-0.054628656967630494,2061,21,536,0,0.0,0.0,0.0,0.9899135446685879,0.010086455331412104,0.7872421695951107,0.49495677233429397,-0.045626347602536754,10,0,4,4,0.0,0.0,0.0,,,3.249390739236393,1231,"Sampled-label overlap, no point adjustment; delays among detected events only; no original-FPS seconds.",0.3888888888888889,0.4642313680471575,,2618,536,True
S08,0,reference_dino_global_pca,0.995,0.034131307154893875,0.004061738424045491,0.005076142131979695,0.6791327046324573,0.27293501034009643,0.2723519171146631,0.4738370184569342,0.0,0.0,0.8587896253602305,2060,22,536,0,0.0,0.0,0.0,0.989433237271854,0.010566762728146013,0.7868601986249045,0.494716618635927,-0.046709049376312255,2067,15,536,0,0.0,0.0,0.0,0.9927953890489913,0.007204610951008645,0.7895339954163484,0.49639769452449567,-0.03851683363414492,10,0,3,3,0.0,0.0,0.0,,,2.437043054427295,1231,"Sampled-label overlap, no point adjustment; delays among detected events only; no original-FPS seconds.",0.3888888888888889,0.4642313680471575,,2618,536,True
S08,0,reference_dino_global_pca,0.999,0.03596379980444908,0.0016246953696181965,0.0012690355329949238,0.6791327046324573,0.27293501034009643,0.2723519171146631,0.4738370184569342,0.0,0.0,0.8587896253602305,2066,16,536,0,0.0,0.0,0.0,0.9923150816522575,0.007684918347742555,0.7891520244461421,0.49615754082612873,-0.03978765811208064,2074,8,536,0,0.0,0.0,0.0,0.9961575408261287,0.0038424591738712775,0.7922077922077922,0.49807877041306436,-0.02809097233800635,10,0,2,2,0.0,0.0,0.0,,,1.6246953696181965,1231,"Sampled-label overlap, no point adjustment; delays among detected events only; no original-FPS seconds.",0.3888888888888889,0.4642313680471575,,2618,536,True
S08,0,reference_dino_frame_denoising_ae,0.95,0.31849807500839233,0.08285946385052803,0.05012690355329949,0.7203777581831478,0.304056763385238,0.3034261297686145,0.474101130929608,0.0,0.0,0.8232468780019212,1899,183,536,0,0.0,0.0,0.0,0.9121037463976945,0.08789625360230548,0.725362872421696,0.45605187319884727,-0.13909710600773548,1916,166,536,0,0.0,0.0,0.0,0.920268972142171,0.07973102785782901,0.7318563789152025,0.4601344860710855,-0.13201881899656617,10,0,8,8,0.0,0.0,0.0,,,6.498781478472786,1231,"Sampled-label overlap, no point adjustment; delays among detected events only; no original-FPS seconds.",0.39999999999999997,0.4685170823328718,,2618,536,True
S08,0,reference_dino_frame_denoising_ae,0.975,0.5589468479156494,0.025995125913891144,0.025380710659898477,0.7203777581831478,0.304056763385238,0.3034261297686145,0.474101130929608,0.0,0.0,0.8232468780019212,1964,118,536,0,0.0,0.0,0.0,0.9433237271853987,0.056676272814601344,0.7501909854851031,0.47166186359269935,-0.11023335652809693,1977,105,536,0,0.0,0.0,0.0,0.9495677233429395,0.05043227665706052,0.7551566080977846,0.47478386167146974,-0.10371472914229812,10,0,5,5,0.0,0.0,0.0,,,4.061738424045491,1231,"Sampled-label overlap, no point adjustment; delays among detected events only; no original-FPS seconds.",0.39999999999999997,0.4685170823328718,,2618,536,True
S08,0,reference_dino_frame_denoising_ae,0.99,1.0632386207580566,0.007311129163281885,0.01015228426395939,0.7203777581831478,0.304056763385238,0.3034261297686145,0.474101130929608,0.0,0.0,0.8232468780019212,2040,42,536,0,0.0,0.0,0.0,0.9798270893371758,0.020172910662824207,0.7792207792207793,0.4899135446685879,-0.06478787686634371,2050,32,536,0,0.0,0.0,0.0,0.9846301633045149,0.01536983669548511,0.7830404889228418,0.49231508165225746,-0.05644204766225104,10,0,5,5,0.0,0.0,0.0,,,4.061738424045491,1231,"Sampled-label overlap, no point adjustment; delays among detected events only; no original-FPS seconds.",0.39999999999999997,0.4685170823328718,,2618,536,True
S08,0,reference_dino_frame_denoising_ae,0.995,1.2279068231582642,0.005686433793663688,0.005076142131979695,0.7203777581831478,0.304056763385238,0.3034261297686145,0.474101130929608,0.0,0.0,0.8232468780019212,2056,26,536,0,0.0,0.0,0.0,0.9875120076849183,0.012487992315081652,0.7853323147440795,0.49375600384245916,-0.050817255657534095,2070,12,536,0,0.0,0.0,0.0,0.9942363112391931,0.005763688760806916,0.7906799083269671,0.49711815561959655,-0.03443066807350556,10,0,4,4,0.0,0.0,0.0,,,3.249390739236393,1231,"Sampled-label overlap, no point adjustment; delays among detected events only; no original-FPS seconds.",0.39999999999999997,0.4685170823328718,,2618,536,True
S08,0,reference_dino_frame_denoising_ae,0.999,1.3549660444259644,0.00487408610885459,0.0012690355329949238,0.7203777581831478,0.304056763385238,0.3034261297686145,0.474101130929608,0.0,0.0,0.8232468780019212,2064,18,536,0,0.0,0.0,0.0,0.9913544668587896,0.008645533141210375,0.7883880825057296,0.4956772334293948,-0.042217412392412945,2072,10,536,0,0.0,0.0,0.0,0.9951969260326609,0.004803073967339097,0.7914438502673797,0.49759846301633043,-0.031418701974751925,10,0,3,3,0.0,0.0,0.0,,,2.437043054427295,1231,"Sampled-label overlap, no point adjustment; delays among detected events only; no original-FPS seconds.",0.39999999999999997,0.4685170823328718,,2618,536,True
S08,0,reference_dino_full_ema,0.95,1.417194671590781,0.07392363931762795,0.05012690355329949,0.7325548052245973,0.3015425850319651,0.30093823713998574,0.474015294375989,0.0,0.0,0.521133525456292,1898,184,536,0,0.0,0.0,0.0,0.9116234390009607,0.08837656099903939,0.7249809014514896,0.45581171950048033,-0.1395052837601311,1909,173,536,0,0.0,0.0,0.0,0.9169068203650336,0.08309317963496637,0.7291825821237586,0.4584534101825168,-0.13496639630906357,10,0,5,5,0.0,0.0,0.0,,,4.061738424045491,1231,"Sampled-label overlap, no point adjustment; delays among detected events only; no original-FPS seconds.",0.3888888888888889,0.4642313680471575,,2618,536,True
S08,0,reference_dino_full_ema,0.975,2.5640236271174475,0.022745735174654752,0.025380710659898477,0.7325548052245973,0.3015425850319651,0.30093823713998574,0.474015294375989,0.0,0.0,0.521133525456292,1972,110,536,0,0.0,0.0,0.0,0.94716618635927,0.052833813640730067,0.7532467532467533,0.473583093179635,-0.10626117374669472,1982,100,536,0,0.0,0.0,0.0,0.951969260326609,0.04803073967339097,0.7570664629488159,0.4759846301633045,-0.10111467012786299,10,0,5,5,0.0,0.0,0.0,,,4.061738424045491,1231,"Sampled-label overlap, no point adjustment; delays among detected events only; no original-FPS seconds.",0.3888888888888889,0.4642313680471575,,2618,536,True
S08,0,reference_dino_full_ema,0.99,5.075039632455294,0.006498781478472786,0.01015228426395939,0.7325548052245973,0.3015425850319651,0.30093823713998574,0.474015294375989,0.0,0.0,0.521133525456292,2042,40,536,0,0.0,0.0,0.0,0.9807877041306436,0.01921229586935639,0.7799847211611918,0.4903938520653218,-0.06320196359665461,2049,33,536,0,0.0,0.0,0.0,0.984149855907781,0.01585014409221902,0.7826585179526356,0.4920749279538905,-0.05732825577686418,10,0,5,5,0.0,0.0,0.0,,,4.061738424045491,1231,"Sampled-label overlap, no point adjustment; delays among detected events only; no original-FPS seconds.",0.3888888888888889,0.4642313680471575,,2618,536,True
S08,0,reference_dino_full_ema,0.995,5.654156866461976,0.004061738424045491,0.005076142131979695,0.7325548052245973,0.3015425850319651,0.30093823713998574,0.474015294375989,0.0,0.0,0.521133525456292,2052,30,536,0,0.0,0.0,0.0,0.9855907780979827,0.01440922190201729,0.7838044308632544,0.49279538904899134,-0.054628656967630494,2060,22,536,0,0.0,0.0,0.0,0.989433237271854,0.010566762728146013,0.7868601986249045,0.494716618635927,-0.046709049376312255,10,0,5,5,0.0,0.0,0.0,,,4.061738424045491,1231,"Sampled-label overlap, no point adjustment; delays among detected events only; no original-FPS seconds.",0.3888888888888889,0.4642313680471575,,2618,536,True
S08,0,reference_dino_full_ema,0.999,6.334872737921493,0.0016246953696181965,0.0012690355329949238,0.7325548052245973,0.3015425850319651,0.30093823713998574,0.474015294375989,0.0,0.0,0.521133525456292,2073,9,536,0,0.0,0.0,0.0,0.9956772334293948,0.004322766570605188,0.7918258212375859,0.4978386167146974,-0.029800685035923945,2077,5,536,0,0.0,0.0,0.0,0.9975984630163305,0.0024015369836695487,0.793353705118411,0.49879923150816524,-0.022195111421417512,10,0,2,2,0.0,0.0,0.0,,,1.6246953696181965,1231,"Sampled-label overlap, no point adjustment; delays among detected events only; no original-FPS seconds.",0.3888888888888889,0.4642313680471575,,2618,536,True
S09,0,prototype64,0.95,0.053955551236867905,0.0564373897707231,0.050505050505050504,0.7375755015839494,0.5438226618612321,0.5430674584097349,0.6412004668482187,0.248,0.34,0.8817317845828934,850,97,151,99,0.5051020408163265,0.396,0.4439461883408072,0.8975712777191129,0.10242872228088701,0.7928153717627402,0.6467856388595565,0.3224879432526929,881,66,159,91,0.5796178343949044,0.364,0.44717444717444715,0.9303062302006336,0.06969376979936642,0.8120300751879699,0.6471531151003168,0.354387139987189,8,4,10,6,0.4,0.5,0.4444444444444445,5.5,22.0,8.658008658008658,693,"Sampled-label overlap, no point adjustment; delays among detected events only; no original-FPS seconds.",0.44318181818181823,0.49638157894736845,,1197,250,True
S09,0,prototype64,0.975,0.06611999869346619,0.019400352733686066,0.025974025974025976,0.7375755015839494,0.5438226618612321,0.5430674584097349,0.6412004668482187,0.248,0.34,0.8817317845828934,889,58,162,88,0.6027397260273972,0.352,0.4444444444444444,0.938753959873284,0.061246040126715945,0.8162071846282373,0.645376979936642,0.3611543466662231,908,39,166,84,0.6829268292682927,0.336,0.45040214477211804,0.9588173178458289,0.04118268215417107,0.8287385129490392,0.6474086589229144,0.3946783357536755,8,4,8,4,0.5,0.5,0.5,6.5,26.0,5.772005772005772,693,"Sampled-label overlap, no point adjustment; delays among detected events only; no original-FPS seconds.",0.44318181818181823,0.49638157894736845,,1197,250,True
S09,0,prototype64,0.99,0.08343099802732468,0.001763668430335097,0.010101010101010102,0.7375755015839494,0.5438226618612321,0.5430674584097349,0.6412004668482187,0.248,0.34,0.8817317845828934,911,36,177,73,0.6697247706422018,0.292,0.4066852367688022,0.9619852164730729,0.03801478352692714,0.8220551378446115,0.6269926082365365,0.358860564444122,920,27,187,63,0.7,0.252,0.37058823529411766,0.9714889123548046,0.028511087645195353,0.8212197159565581,0.6117444561774024,0.34451323498764574,8,2,5,3,0.4,0.25,0.3076923076923077,6.0,24.0,4.329004329004329,693,"Sampled-label overlap, no point adjustment; delays among detected events only; no original-FPS seconds.",0.44318181818181823,0.49638157894736845,,1197,250,True
S09,0,prototype64,0.995,0.09197374433279037,0.001763668430335097,0.005772005772005772,0.7375755015839494,0.5438226618612321,0.5430674584097349,0.6412004668482187,0.248,0.34,0.8817317845828934,917,30,179,71,0.7029702970297029,0.284,0.4045584045584045,0.9683210137275607,0.03167898627243928,0.8253968253968254,0.6261605068637803,0.36900516977874176,925,22,189,61,0.7349397590361446,0.244,0.3663663663663664,0.9767687434002112,0.023231256599788808,0.8237259816207184,0.6103843717001056,0.35326526550310616,8,1,3,2,0.3333333333333333,0.125,0.18181818181818182,2.0,8.0,2.886002886002886,693,"Sampled-label overlap, no point adjustment; delays among detected events only; no original-FPS seconds.",0.44318181818181823,0.49638157894736845,,1197,250,True
S09,0,prototype64,0.999,0.10367291420698166,0.001763668430335097,0.001443001443001443,0.7375755015839494,0.5438226618612321,0.5430674584097349,0.6412004668482187,0.248,0.34,0.8817317845828934,921,26,185,65,0.7142857142857143,0.26,0.3812316715542522,0.9725448785638859,0.027455121436114043,0.8237259816207184,0.616272439281943,0.3566592676642591,927,20,189,61,0.7530864197530864,0.244,0.3685800604229607,0.9788806758183738,0.021119324181626188,0.8253968253968254,0.6114403379091868,0.3606972266035363,8,1,3,2,0.3333333333333333,0.125,0.18181818181818182,2.0,8.0,2.886002886002886,693,"Sampled-label overlap, no point adjustment; delays among detected events only; no original-FPS seconds.",0.44318181818181823,0.49638157894736845,,1197,250,True
S09,0,prototype256,0.95,0.04177650064229965,0.07231040564373897,0.050505050505050504,0.7248405491024287,0.5355560126478095,0.5347863523613123,0.6380725837825821,0.248,0.328,0.877507919746568,807,140,139,111,0.44223107569721115,0.444,0.4431137724550898,0.8521647307286166,0.14783526927138332,0.7669172932330827,0.6480823653643083,0.2957303542250222,838,109,149,101,0.48095238095238096,0.404,0.43913043478260877,0.8848996832101372,0.11510031678986272,0.7844611528822055,0.6444498416050686,0.30876199314501646,8,5,15,9,0.4,0.625,0.48780487804878053,5.0,20.0,12.987012987012989,693,"Sampled-label overlap, no point adjustment; delays among detected events only; no original-FPS seconds.",0.4545454545454546,0.5088815789473684,,1197,250,True
S09,0,prototype256,0.975,0.05195131152868271,0.04056437389770723,0.025974025974025976,0.7248405491024287,0.5355560126478095,0.5347863523613123,0.6380725837825821,0.248,0.328,0.877507919746568,868,79,154,96,0.5485714285714286,0.384,0.4517647058823529,0.9165786694825766,0.08342133051742344,0.8053467000835421,0.6502893347412884,0.3458268264503989,890,57,159,91,0.6148648648648649,0.364,0.45728643216080406,0.9398099260823654,0.06019007391763464,0.8195488721804511,0.6519049630411826,0.37517021406261597,8,4,10,6,0.4,0.5,0.4444444444444445,5.5,22.0,8.658008658008658,693,"Sampled-label overlap, no point adjustment; delays among detected events only; no original-FPS seconds.",0.4545454545454546,0.5088815789473684,,1197,250,True
S09,0,prototype256,0.99,0.06699502468109131,0.010582010582010581,0.010101010101010102,0.7248405491024287,0.5355560126478095,0.5347863523613123,0.6380725837825821,0.248,0.328,0.877507919746568,896,51,166,84,0.6222222222222222,0.336,0.43636363636363634,0.9461457233368532,0.05385427666314678,0.8187134502923976,0.6410728616684266,0.3625678765039386,911,36,174,76,0.6785714285714286,0.304,0.4198895027624309,0.9619852164730729,0.03801478352692714,0.8245614035087719,0.6329926082365365,0.371260386547422,8,3,9,4,0.5555555555555556,0.375,0.44776119402985076,4.0,16.0,5.772005772005772,693,"Sampled-label overlap, no point adjustment; delays among detected events only; no original-FPS seconds.",0.4545454545454546,0.5088815789473684,,1197,250,True
S09,0,prototype256,0.995,0.07531244307756424,0.001763668430335097,0.005772005772005772,0.7248405491024287,0.5355560126478095,0.5347863523613123,0.6380725837825821,0.248,0.328,0.877507919746568,905,42,174,76,0.6440677966101694,0.304,0.41304347826086957,0.955649419218585,0.044350580781414996,0.8195488721804511,0.6298247096092925,0.3540630640014877,917,30,181,69,0.696969696969697,0.276,0.39541547277936967,0.9683210137275607,0.03167898627243928,0.8237259816207184,0.6221605068637803,0.3605678897452412,8,3,7,3,0.5714285714285714,0.375,0.4528301886792453,4.0,16.0,4.329004329004329,693,"Sampled-label overlap, no point adjustment; delays among detected events only; no original-FPS seconds.",0.4545454545454546,0.5088815789473684,,1197,250,True
S09,0,prototype256,0.999,0.08332815021276474,0.001763668430335097,0.001443001443001443,0.7248405491024287,0.5355560126478095,0.5347863523613123,0.6380725837825821,0.248,0.328,0.877507919746568,913,34,179,71,0.6761904761904762,0.284,0.39999999999999997,0.9640971488912354,0.03590285110876452,0.8220551378446115,0.6240485744456177,0.3565010378791836,921,26,189,61,0.7011494252873564,0.244,0.3620178041543026,0.9725448785638859,0.027455121436114043,0.8203842940685045,0.608272439281943,0.33905628169269075,8,1,3,2,0.3333333333333333,0.125,0.18181818181818182,2.0,8.0,2.886002886002886,693,"Sampled-label overlap, no point adjustment; delays among detected events only; no original-FPS seconds.",0.4545454545454546,0.5088815789473684,,1197,250,True
S09,0,prototype_motion,0.95,1.35825777053833,0.07583774250440917,0.050505050505050504,0.7113368532206968,0.4973455664747434,0.49618364709232415,0.62542099705441,0.188,0.296,0.877507919746568,818,129,149,101,0.4391304347826087,0.404,0.42083333333333334,0.8637803590285111,0.13621964097148892,0.7677527151211362,0.6338901795142555,0.27627816212047357,837,110,156,94,0.46078431372549017,0.376,0.4140969162995594,0.883843717001056,0.11615628299894404,0.7777777777777778,0.629921858500528,0.28091019806333073,8,4,14,10,0.2857142857142857,0.5,0.36363636363636365,5.0,20.0,14.43001443001443,693,"Sampled-label overlap, no point adjustment; delays among detected events only; no original-FPS seconds.",0.3977272727272727,0.46955770837349786,,1197,250,True
S09,0,prototype_motion,0.975,1.7789416313171387,0.03880070546737213,0.025974025974025976,0.7113368532206968,0.4973455664747434,0.49618364709232415,0.62542099705441,0.188,0.296,0.877507919746568,867,80,161,89,0.5266272189349113,0.356,0.42482100238663484,0.9155227032734953,0.08447729672650475,0.7986633249791144,0.6357613516367476,0.31696494449292495,892,55,169,81,0.5955882352941176,0.324,0.4196891191709845,0.941921858500528,0.05807814149947202,0.8128654970760234,0.632960929250264,0.3406213650466312,8,4,11,5,0.5454545454545454,0.5,0.5217391304347826,6.5,26.0,7.215007215007215,693,"Sampled-label overlap, no point adjustment; delays among detected events only; no original-FPS seconds.",0.3977272727272727,0.46955770837349786,,1197,250,True
S09,0,prototype_motion,0.99,2.3654069900512695,0.005291005291005291,0.010101010101010102,0.7113368532206968,0.4973455664747434,0.49618364709232415,0.62542099705441,0.188,0.296,0.877507919746568,897,50,171,79,0.6124031007751938,0.316,0.41688654353562,0.9472016895459345,0.05279831045406547,0.8153717627401837,0.6316008447729673,0.34502708191721154,910,37,177,73,0.6636363636363637,0.292,0.4055555555555556,0.9609292502639916,0.03907074973600845,0.8212197159565581,0.6264646251319957,0.3559040547725562,8,3,9,4,0.5555555555555556,0.375,0.44776119402985076,4.0,16.0,5.772005772005772,693,"Sampled-label overlap, no point adjustment; delays among detected events only; no original-FPS seconds.",0.3977272727272727,0.46955770837349786,,1197,250,True
S09,0,prototype_motion,0.995,2.4869487285614014,0.001763668430335097,0.005772005772005772,0.7113368532206968,0.4973455664747434,0.49618364709232415,0.62542099705441,0.188,0.296,0.877507919746568,898,49,175,75,0.6048387096774194,0.3,0.4010695187165776,0.9482576557550159,0.05174234424498416,0.8128654970760234,0.6241288278775079,0.3311592881649841,910,37,182,68,0.6476190476190476,0.272,0.3830985915492958,0.9609292502639916,0.03907074973600845,0.8170426065162907,0.6164646251319958,0.33470565801599433,8,3,8,4,0.5,0.375,0.42857142857142855,4.0,16.0,5.772005772005772,693,"Sampled-label overlap, no point adjustment; delays among detected events only; no original-FPS seconds.",0.3977272727272727,0.46955770837349786,,1197,250,True
S09,0,prototype_motion,0.999,2.7994024753570557,0.001763668430335097,0.001443001443001443,0.7113368532206968,0.4973455664747434,0.49618364709232415,0.62542099705441,0.188,0.296,0.877507919746568,908,39,176,74,0.6548672566371682,0.296,0.40771349862258954,0.9588173178458289,0.04118268215417107,0.8203842940685045,0.6274086589229144,0.354258330078992,918,29,183,67,0.6979166666666666,0.268,0.3872832369942196,0.9693769799366421,0.030623020063357972,0.822890559732665,0.618688489968321,0.35526654953431136,8,3,7,3,0.5714285714285714,0.375,0.4528301886792453,4.0,16.0,4.329004329004329,693,"Sampled-label overlap, no point adjustment; delays among detected events only; no original-FPS seconds.",0.3977272727272727,0.46955770837349786,,1197,250,True
S09,0,prototype_motion_ema,0.95,1.1946879315690144,0.08289241622574955,0.050505050505050504,0.7212967265047517,0.5236954369366511,0.522962009965293,0.6338620574667926,0.248,0.32,0.8373812038014784,802,145,147,103,0.4153225806451613,0.412,0.41365461847389556,0.8468848996832101,0.15311510031678988,0.7560568086883876,0.629442449841605,0.25965265441609275,825,122,152,98,0.44545454545454544,0.392,0.41702127659574467,0.8711721224920802,0.12882787750791974,0.77109440267335,0.6315860612460401,0.2762016410774511,8,4,13,9,0.3076923076923077,0.5,0.380952380952381,5.5,22.0,12.987012987012989,693,"Sampled-label overlap, no point adjustment; delays among detected events only; no original-FPS seconds.",0.42045454545454547,0.4779727410532364,,1197,250,True
S09,0,prototype_motion_ema,0.975,1.4898105083839808,0.042328042328042326,0.025974025974025976,0.7212967265047517,0.5236954369366511,0.522962009965293,0.6338620574667926,0.248,0.32,0.8373812038014784,844,103,154,96,0.4824120603015075,0.384,0.42761692650334077,0.8912354804646251,0.10876451953537487,0.7852965747702589,0.6376177402323125,0.3005090827157378,855,92,159,91,0.4972677595628415,0.364,0.42032332563510394,0.9028511087645196,0.09714889123548047,0.7903091060985797,0.6334255543822598,0.30141820770716765,8,4,11,7,0.36363636363636365,0.5,0.4210526315789474,6.5,26.0,10.101010101010102,693,"Sampled-label overlap, no point adjustment; delays among detected events only; no original-FPS seconds.",0.42045454545454547,0.4779727410532364,,1197,250,True
S09,0,prototype_motion_ema,0.99,2.2433936736650333,0.003527336860670194,0.010101010101010102,0.7212967265047517,0.5236954369366511,0.522962009965293,0.6338620574667926,0.248,0.32,0.8373812038014784,897,50,169,81,0.6183206106870229,0.324,0.42519685039370075,0.9472016895459345,0.05279831045406547,0.8170426065162907,0.6356008447729673,0.3531206656276744,906,41,175,75,0.646551724137931,0.3,0.40983606557377045,0.9567053854276664,0.04329461457233368,0.8195488721804511,0.6283526927138332,0.3527265349815158,8,3,9,4,0.5555555555555556,0.375,0.44776119402985076,5.0,20.0,5.772005772005772,693,"Sampled-label overlap, no point adjustment; delays among detected events only; no original-FPS seconds.",0.42045454545454547,0.4779727410532364,,1197,250,True
S09,0,prototype_motion_ema,0.995,2.397477224202248,0.003527336860670194,0.005772005772005772,0.7212967265047517,0.5236954369366511,0.522962009965293,0.6338620574667926,0.248,0.32,0.8373812038014784,903,44,173,77,0.6363636363636364,0.308,0.41509433962264153,0.9535374868004224,0.046462513199577615,0.8187134502923976,0.6307687434002112,0.3526794210206412,909,38,179,71,0.6513761467889908,0.284,0.3955431754874652,0.9598732840549102,0.04012671594508976,0.8187134502923976,0.6219366420274551,0.3445732219539052,8,3,9,4,0.5555555555555556,0.375,0.44776119402985076,5.0,20.0,5.772005772005772,693,"Sampled-label overlap, no point adjustment; delays among detected events only; no original-FPS seconds.",0.42045454545454547,0.4779727410532364,,1197,250,True
S09,0,prototype_motion_ema,0.999,2.545386483846581,0.0,0.001443001443001443,0.7212967265047517,0.5236954369366511,0.522962009965293,0.6338620574667926,0.248,0.32,0.8373812038014784,905,42,177,73,0.6347826086956522,0.292,0.4,0.955649419218585,0.044350580781414996,0.8170426065162907,0.6238247096092925,0.3416014906042795,911,36,184,66,0.6470588235294118,0.264,0.37500000000000006,0.9619852164730729,0.03801478352692714,0.8162071846282373,0.6129926082365365,0.3290166512061429,8,3,7,4,0.42857142857142855,0.375,0.39999999999999997,11.0,44.0,5.772005772005772,693,"Sampled-label overlap, no point adjustment; delays among detected events only; no original-FPS seconds.",0.42045454545454547,0.4779727410532364,,1197,250,True
S09,0,prototype_fewshot3,0.95,0.1299857497215271,0.13756613756613756,0.050505050505050504,0.46449419218585003,0.2514370398873479,0.24838771477496413,0.549607069415884,0.024,0.16,0.7793030623020063,777,170,189,61,0.26406926406926406,0.244,0.2536382536382536,0.8204857444561774,0.1795142555438226,0.7000835421888053,0.5322428722280887,0.0664223380516622,813,134,192,58,0.3020833333333333,0.232,0.2624434389140271,0.8585005279831045,0.14149947201689547,0.7276524644945698,0.5452502639915523,0.10024494029297866,8,1,17,15,0.11764705882352941,0.125,0.12121212121212122,2.0,8.0,21.645021645021643,693,"Sampled-label overlap, no point adjustment; delays among detected events only; no original-FPS seconds.",0.13636363636363635,0.32993565763012356,,1197,250,True
S09,0,prototype_fewshot3,0.975,0.1392325609922409,0.07054673721340388,0.025974025974025976,0.46449419218585003,0.2514370398873479,0.24838771477496413,0.549607069415884,0.024,0.16,0.7793030623020063,847,100,192,58,0.3670886075949367,0.232,0.28431372549019607,0.8944033790918691,0.10559662090813093,0.7560568086883876,0.5632016895459345,0.1517984582020549,889,58,196,54,0.48214285714285715,0.216,0.2983425414364641,0.938753959873284,0.061246040126715945,0.7878028404344194,0.577376979936642,0.21600454237318883,8,1,12,10,0.16666666666666666,0.125,0.14285714285714288,2.0,8.0,14.43001443001443,693,"Sampled-label overlap, no point adjustment; delays among detected events only; no original-FPS seconds.",0.13636363636363635,0.32993565763012356,,1197,250,True
S09,0,prototype_fewshot3,0.99,0.14821186661720276,0.03350970017636684,0.010101010101010102,0.46449419218585003,0.2514370398873479,0.24838771477496413,0.549607069415884,0.024,0.16,0.7793030623020063,880,67,201,49,0.4224137931034483,0.196,0.26775956284153,0.9292502639915523,0.07074973600844774,0.7761069340016709,0.5626251319957761,0.1721003692605,910,37,207,43,0.5375,0.172,0.26060606060606056,0.9609292502639916,0.03907074973600845,0.7961570593149541,0.5664646251319958,0.21636846750768876,8,1,9,6,0.3333333333333333,0.125,0.18181818181818182,5.0,20.0,8.658008658008658,693,"Sampled-label overlap, no point adjustment; delays among detected events only; no original-FPS seconds.",0.13636363636363635,0.32993565763012356,,1197,250,True
S09,0,prototype_fewshot3,0.995,0.1557202935218811,0.024691358024691357,0.005772005772005772,0.46449419218585003,0.2514370398873479,0.24838771477496413,0.549607069415884,0.024,0.16,0.7793030623020063,898,49,210,40,0.449438202247191,0.16,0.23598820058997053,0.9482576557550159,0.05174234424498416,0.783625730994152,0.554128827877508,0.16774080729097396,919,28,215,35,0.5555555555555556,0.14,0.22364217252396168,0.9704329461457233,0.029567053854276663,0.7969924812030075,0.5552164730728617,0.201032767013533,8,1,6,4,0.3333333333333333,0.125,0.18181818181818182,17.0,68.0,5.772005772005772,693,"Sampled-label overlap, no point adjustment; delays among detected events only; no original-FPS seconds.",0.13636363636363635,0.32993565763012356,,1197,250,True
S09,0,prototype_fewshot3,0.999,0.16562028229236603,0.01763668430335097,0.001443001443001443,0.46449419218585003,0.2514370398873479,0.24838771477496413,0.549607069415884,0.024,0.16,0.7793030623020063,915,32,217,33,0.5076923076923077,0.132,0.20952380952380953,0.9662090813093981,0.0337909186906019,0.7919799498746867,0.549104540654699,0.17616383275437,926,21,221,29,0.58,0.116,0.19333333333333333,0.9778247096092925,0.022175290390707498,0.797827903091061,0.5469123548046463,0.19063187155942626,8,1,6,4,0.3333333333333333,0.125,0.18181818181818182,20.0,80.0,5.772005772005772,693,"Sampled-label overlap, no point adjustment; delays among detected events only; no original-FPS seconds.",0.13636363636363635,0.32993565763012356,,1197,250,True
S09,0,prototype_neural,0.95,1.557572364807129,0.06701940035273368,0.050505050505050504,0.7733136219640971,0.5732922720049899,0.5725465644374746,0.6378502751069861,0.248,0.292,0.8078141499472017,801,146,98,152,0.5100671140939598,0.608,0.5547445255474454,0.8458289334741288,0.15417106652587118,0.7961570593149541,0.7269144667370644,0.4266278440319161,834,113,103,147,0.5653846153846154,0.588,0.5764705882352942,0.880675818373812,0.11932418162618796,0.8195488721804511,0.734337909186906,0.4620203138661821,8,5,13,8,0.38461538461538464,0.625,0.4761904761904762,5.0,20.0,11.544011544011545,693,"Sampled-label overlap, no point adjustment; delays among detected events only; no original-FPS seconds.",0.4545454545454546,0.489930911559201,,1197,250,True
S09,0,prototype_neural,0.975,2.0662026405334473,0.042328042328042326,0.025974025974025976,0.7733136219640971,0.5732922720049899,0.5725465644374746,0.6378502751069861,0.248,0.292,0.8078141499472017,859,88,146,104,0.5416666666666666,0.416,0.4705882352941176,0.9070749736008448,0.09292502639915523,0.8045112781954887,0.6615374868004223,0.35786124302853317,877,70,155,95,0.5757575757575758,0.38,0.45783132530120485,0.9260823653643083,0.07391763463569166,0.8120300751879699,0.6530411826821542,0.36091213275781014,8,5,12,7,0.4166666666666667,0.625,0.5,7.0,28.0,10.101010101010102,693,"Sampled-label overlap, no point adjustment; delays among detected events only; no original-FPS seconds.",0.4545454545454546,0.489930911559201,,1197,250,True
S09,0,prototype_neural,0.99,2.6412246227264404,0.012345679012345678,0.010101010101010102,0.7733136219640971,0.5732922720049899,0.5725465644374746,0.6378502751069861,0.248,0.292,0.8078141499472017,885,62,164,86,0.581081081081081,0.344,0.43216080402010043,0.9345300950369588,0.06546990496304118,0.8111946532999165,0.6392650475184793,0.34395253876453935,899,48,172,78,0.6190476190476191,0.312,0.4148936170212766,0.9493136219640972,0.050686378035902854,0.8162071846282373,0.6306568109820486,0.3461202712771325,8,4,11,5,0.5454545454545454,0.5,0.5217391304347826,6.5,26.0,7.215007215007215,693,"Sampled-label overlap, no point adjustment; delays among detected events only; no original-FPS seconds.",0.4545454545454546,0.489930911559201,,1197,250,True
S09,0,prototype_neural,0.995,3.062255620956421,0.001763668430335097,0.005772005772005772,0.7733136219640971,0.5732922720049899,0.5725465644374746,0.6378502751069861,0.248,0.292,0.8078141499472017,897,50,175,75,0.6,0.3,0.4,0.9472016895459345,0.05279831045406547,0.8120300751879699,0.6236008447729673,0.32858219717986986,908,39,185,65,0.625,0.26,0.3672316384180791,0.9588173178458289,0.04118268215417107,0.8128654970760234,0.6094086589229144,0.31579113456472124,8,2,7,4,0.42857142857142855,0.25,0.3157894736842105,3.0,12.0,5.772005772005772,693,"Sampled-label overlap, no point adjustment; delays among detected events only; no original-FPS seconds.",0.4545454545454546,0.489930911559201,,1197,250,True
S09,0,prototype_neural,0.999,3.3198347091674805,0.0,0.001443001443001443,0.7733136219640971,0.5732922720049899,0.5725465644374746,0.6378502751069861,0.248,0.292,0.8078141499472017,901,46,177,73,0.6134453781512605,0.292,0.3956639566395664,0.9514255543822597,0.048574445617740235,0.8137009189640768,0.6217127771911298,0.33069551161586414,913,34,187,63,0.6494845360824743,0.252,0.3631123919308357,0.9640971488912354,0.03590285110876452,0.8153717627401837,0.6080485744456177,0.32189321394658105,8,2,6,4,0.3333333333333333,0.25,0.28571428571428575,3.0,12.0,5.772005772005772,693,"Sampled-label overlap, no point adjustment; delays among detected events only; no original-FPS seconds.",0.4545454545454546,0.489930911559201,,1197,250,True
S09,0,prototype_neural_ema,0.95,1.4057852645793196,0.08641975308641975,0.050505050505050504,0.7794340021119325,0.5853121787280847,0.5846584815314217,0.640111154337798,0.252,0.312,0.8162618796198522,786,161,95,155,0.49050632911392406,0.62,0.5477031802120141,0.8299894403379092,0.1700105596620908,0.7861319966583125,0.7249947201689546,0.4149691592196821,810,137,101,149,0.5209790209790209,0.596,0.5559701492537313,0.8553326293558606,0.1446673706441394,0.8011695906432749,0.7256663146779303,0.430228841437381,8,5,15,10,0.3333333333333333,0.625,0.43478260869565216,7.0,28.0,14.43001443001443,693,"Sampled-label overlap, no point adjustment; delays among detected events only; no original-FPS seconds.",0.4659090909090909,0.4956127297410192,,1197,250,True
S09,0,prototype_neural_ema,0.975,1.826058806027012,0.04585537918871252,0.025974025974025976,0.7794340021119325,0.5853121787280847,0.5846584815314217,0.640111154337798,0.252,0.312,0.8162618796198522,840,107,122,128,0.5446808510638298,0.512,0.5278350515463919,0.8870116156282999,0.11298838437170011,0.808688387635756,0.69950580781415,0.4083279095287341,852,95,133,117,0.5518867924528302,0.468,0.5064935064935064,0.8996832101372756,0.1003167898627244,0.8095238095238095,0.6838416050686378,0.3915008838453851,8,5,14,7,0.5,0.625,0.5555555555555556,7.0,28.0,10.101010101010102,693,"Sampled-label overlap, no point adjustment; delays among detected events only; no original-FPS seconds.",0.4659090909090909,0.4956127297410192,,1197,250,True
S09,0,prototype_neural_ema,0.99,2.4767745113635016,0.008818342151675485,0.010101010101010102,0.7794340021119325,0.5853121787280847,0.5846584815314217,0.640111154337798,0.252,0.312,0.8162618796198522,887,60,159,91,0.6026490066225165,0.364,0.4538653366583541,0.9366420274551215,0.06335797254487856,0.8170426065162907,0.6503210137275608,0.368078431392304,898,49,164,86,0.6370370370370371,0.344,0.4467532467532468,0.9482576557550159,0.05174234424498416,0.8220551378446115,0.6461288278775079,0.37556209034792243,8,4,8,4,0.5,0.5,0.5,7.5,30.0,5.772005772005772,693,"Sampled-label overlap, no point adjustment; delays among detected events only; no original-FPS seconds.",0.4659090909090909,0.4956127297410192,,1197,250,True
S09,0,prototype_neural_ema,0.995,2.77127192628934,0.003527336860670194,0.005772005772005772,0.7794340021119325,0.5853121787280847,0.5846584815314217,0.640111154337798,0.252,0.312,0.8162618796198522,894,53,168,82,0.6074074074074074,0.328,0.425974025974026,0.9440337909186906,0.0559662090813094,0.8153717627401837,0.6360168954593453,0.3495736626599549,902,45,172,78,0.6341463414634146,0.312,0.418230563002681,0.9524815205913411,0.04751847940865892,0.8187134502923976,0.6322407602956706,0.35406714621553836,8,3,8,4,0.5,0.375,0.42857142857142855,5.0,20.0,5.772005772005772,693,"Sampled-label overlap, no point adjustment; delays among detected events only; no original-FPS seconds.",0.4659090909090909,0.4956127297410192,,1197,250,True
S09,0,prototype_neural_ema,0.999,2.973002099514011,0.0,0.001443001443001443,0.7794340021119325,0.5853121787280847,0.5846584815314217,0.640111154337798,0.252,0.312,0.8162618796198522,900,47,173,77,0.6209677419354839,0.308,0.411764705882353,0.9503695881731784,0.04963041182682154,0.8162071846282373,0.6291847940865892,0.3446479370100198,908,39,179,71,0.6454545454545455,0.284,0.3944444444444444,0.9588173178458289,0.04118268215417107,0.8178780284043442,0.6214086589229144,0.3416752625492216,8,3,8,4,0.5,0.375,0.42857142857142855,10.0,40.0,5.772005772005772,693,"Sampled-label overlap, no point adjustment; delays among detected events only; no original-FPS seconds.",0.4659090909090909,0.4956127297410192,,1197,250,True
S09,0,reference_dino_global_pca,0.95,0.007038942072540522,0.07054673721340388,0.050505050505050504,0.7520084477296727,0.5503645133936935,0.5486975764343627,0.6299138553882065,0.248,0.252,0.877507919746568,801,146,95,155,0.5149501661129569,0.62,0.5626134301270418,0.8458289334741288,0.15417106652587118,0.7986633249791144,0.7329144667370644,0.43644970175697045,825,122,101,149,0.5498154981549815,0.596,0.5719769673704415,0.8711721224920802,0.12882787750791974,0.8137009189640768,0.7335860612460401,0.4537658146394067,8,5,15,9,0.4,0.625,0.48780487804878053,4.0,16.0,12.987012987012989,693,"Sampled-label overlap, no point adjustment; delays among detected events only; no original-FPS seconds.",0.375,0.455977538543328,,1197,250,True
S09,0,reference_dino_global_pca,0.975,0.008423005230724812,0.04938271604938271,0.025974025974025976,0.7520084477296727,0.5503645133936935,0.5486975764343627,0.6299138553882065,0.248,0.252,0.877507919746568,838,109,121,129,0.542016806722689,0.516,0.5286885245901639,0.8848996832101372,0.11510031678986272,0.8078529657477026,0.7004498416050686,0.4083033327103383,864,83,130,120,0.5911330049261084,0.48,0.5298013245033112,0.9123548046462513,0.08764519535374868,0.8220551378446115,0.6961774023231256,0.4249939599709464,8,5,13,7,0.46153846153846156,0.625,0.5309734513274336,9.0,36.0,10.101010101010102,693,"Sampled-label overlap, no point adjustment; delays among detected events only; no original-FPS seconds.",0.375,0.455977538543328,,1197,250,True
S09,0,reference_dino_global_pca,0.99,0.010547297075390816,0.01763668430335097,0.010101010101010102,0.7520084477296727,0.5503645133936935,0.5486975764343627,0.6299138553882065,0.248,0.252,0.877507919746568,874,73,161,89,0.5493827160493827,0.356,0.4320388349514563,0.9229144667370645,0.07708553326293559,0.8045112781954887,0.6394572333685322,0.33142735622713476,893,54,177,73,0.5748031496062992,0.292,0.38726790450928383,0.9429778247096093,0.057022175290390706,0.8070175438596491,0.6174889123548046,0.3101545263316184,8,3,9,5,0.4444444444444444,0.375,0.4067796610169491,4.0,16.0,7.215007215007215,693,"Sampled-label overlap, no point adjustment; delays among detected events only; no original-FPS seconds.",0.375,0.455977538543328,,1197,250,True
S09,0,reference_dino_global_pca,0.995,0.011732111684978008,0.008818342151675485,0.005772005772005772,0.7520084477296727,0.5503645133936935,0.5486975764343627,0.6299138553882065,0.248,0.252,0.877507919746568,883,64,174,76,0.5428571428571428,0.304,0.38974358974358975,0.9324181626187962,0.0675818373812038,0.8011695906432749,0.6182090813093981,0.2990365820481207,900,47,189,61,0.5648148148148148,0.244,0.3407821229050279,0.9503695881731784,0.04963041182682154,0.8028404344193818,0.5971847940865892,0.27577029945247133,8,1,6,5,0.16666666666666666,0.125,0.14285714285714288,2.0,8.0,7.215007215007215,693,"Sampled-label overlap, no point adjustment; delays among detected events only; no original-FPS seconds.",0.375,0.455977538543328,,1197,250,True
S09,0,reference_dino_global_pca,0.999,0.01315535418689251,0.001763668430335097,0.001443001443001443,0.7520084477296727,0.5503645133936935,0.5486975764343627,0.6299138553882065,0.248,0.252,0.877507919746568,891,56,181,69,0.552,0.276,0.368,0.9408658922914467,0.059134107708553325,0.8020050125313283,0.6084329461457234,0.2882596454473483,901,46,189,61,0.5700934579439252,0.244,0.3417366946778711,0.9514255543822597,0.048574445617740235,0.8036758563074352,0.5977127771911299,0.2784333217765141,8,1,6,5,0.16666666666666666,0.125,0.14285714285714288,2.0,8.0,7.215007215007215,693,"Sampled-label overlap, no point adjustment; delays among detected events only; no original-FPS seconds.",0.375,0.455977538543328,,1197,250,True
S09,0,reference_dino_frame_denoising_ae,0.95,0.2935350239276886,0.07583774250440917,0.050505050505050504,0.7672861668426609,0.5878371264851014,0.5871141024386418,0.6498971822375368,0.252,0.284,0.8637803590285111,798,149,88,162,0.5209003215434084,0.648,0.5775401069518716,0.8426610348468849,0.1573389651531151,0.8020050125313283,0.7453305174234425,0.4548094803670087,830,117,95,155,0.5698529411764706,0.62,0.5938697318007662,0.8764519535374868,0.1235480464625132,0.822890559732665,0.7482259767687434,0.4815782890515361,8,5,14,9,0.35714285714285715,0.625,0.45454545454545453,4.0,16.0,12.987012987012989,693,"Sampled-label overlap, no point adjustment; delays among detected events only; no original-FPS seconds.",0.4318181818181819,0.48385452267031215,,1197,250,True
S09,0,reference_dino_frame_denoising_ae,0.975,0.3535928726196289,0.04409171075837742,0.025974025974025976,0.7672861668426609,0.5878371264851014,0.5871141024386418,0.6498971822375368,0.252,0.284,0.8637803590285111,845,102,102,148,0.592,0.592,0.592,0.8922914466737064,0.10770855332629356,0.8295739348370927,0.7421457233368531,0.48429144667370644,870,77,104,146,0.6547085201793722,0.584,0.6173361522198731,0.9186906019007391,0.08130939809926083,0.8487886382623224,0.7513453009503696,0.5248241967885006,8,5,14,9,0.35714285714285715,0.625,0.45454545454545453,4.0,16.0,12.987012987012989,693,"Sampled-label overlap, no point adjustment; delays among detected events only; no original-FPS seconds.",0.4318181818181819,0.48385452267031215,,1197,250,True
S09,0,reference_dino_frame_denoising_ae,0.99,0.4480809271335602,0.012345679012345678,0.010101010101010102,0.7672861668426609,0.5878371264851014,0.5871141024386418,0.6498971822375368,0.252,0.284,0.8637803590285111,880,67,157,93,0.58125,0.372,0.45365853658536587,0.9292502639915523,0.07074973600844774,0.8128654970760234,0.6506251319957761,0.35985128717267445,896,51,177,73,0.5887096774193549,0.292,0.3903743315508022,0.9461457233368532,0.05385427666314678,0.8095238095238095,0.6190728616684266,0.3176706393199484,8,5,11,5,0.5454545454545454,0.625,0.5825242718446602,11.0,44.0,7.215007215007215,693,"Sampled-label overlap, no point adjustment; delays among detected events only; no original-FPS seconds.",0.4318181818181819,0.48385452267031215,,1197,250,True
S09,0,reference_dino_frame_denoising_ae,0.995,0.4670804738998413,0.007054673721340388,0.005772005772005772,0.7672861668426609,0.5878371264851014,0.5871141024386418,0.6498971822375368,0.252,0.284,0.8637803590285111,885,62,164,86,0.581081081081081,0.344,0.43216080402010043,0.9345300950369588,0.06546990496304118,0.8111946532999165,0.6392650475184793,0.34395253876453935,897,50,182,68,0.576271186440678,0.272,0.3695652173913043,0.9472016895459345,0.05279831045406547,0.8061821219715957,0.6096008447729673,0.2989077428653892,8,4,9,5,0.4444444444444444,0.5,0.47058823529411764,11.5,46.0,7.215007215007215,693,"Sampled-label overlap, no point adjustment; delays among detected events only; no original-FPS seconds.",0.4318181818181819,0.48385452267031215,,1197,250,True
S09,0,reference_dino_frame_denoising_ae,0.999,0.5063409805297852,0.001763668430335097,0.001443001443001443,0.7672861668426609,0.5878371264851014,0.5871141024386418,0.6498971822375368,0.252,0.284,0.8637803590285111,890,57,172,78,0.5777777777777777,0.312,0.40519480519480516,0.9398099260823654,0.06019007391763464,0.808688387635756,0.6259049630411827,0.32358523497198727,901,46,187,63,0.5779816513761468,0.252,0.350974930362117,0.9514255543822597,0.048574445617740235,0.8053467000835421,0.6017127771911299,0.2874238519930379,8,2,6,4,0.3333333333333333,0.25,0.28571428571428575,10.5,42.0,5.772005772005772,693,"Sampled-label overlap, no point adjustment; delays among detected events only; no original-FPS seconds.",0.4318181818181819,0.48385452267031215,,1197,250,True
S09,0,reference_dino_full_ema,0.95,1.5477508754759624,0.07231040564373897,0.050505050505050504,0.8010517423442449,0.6066795418102314,0.6060253354984246,0.6525826710387372,0.252,0.272,0.7740232312565998,792,155,91,159,0.5063694267515924,0.636,0.5638297872340426,0.8363252375923971,0.16367476240760295,0.7944862155388471,0.7361626187961985,0.4364565040583582,815,132,97,153,0.5368421052631579,0.612,0.5719626168224299,0.8606124604012672,0.13938753959873285,0.808688387635756,0.7363062302006336,0.45105584217042555,8,5,13,8,0.38461538461538464,0.625,0.4761904761904762,7.0,28.0,11.544011544011545,693,"Sampled-label overlap, no point adjustment; delays among detected events only; no original-FPS seconds.",0.4659090909090909,0.4956127297410192,,1197,250,True
S09,0,reference_dino_full_ema,0.975,1.8148806334528094,0.047619047619047616,0.025974025974025976,0.8010517423442449,0.6066795418102314,0.6060253354984246,0.6525826710387372,0.252,0.272,0.7740232312565998,832,115,97,153,0.5708955223880597,0.612,0.5907335907335908,0.8785638859556494,0.12143611404435058,0.822890559732665,0.7452819429778247,0.4783715170775114,843,104,103,147,0.5856573705179283,0.588,0.5868263473053893,0.8901795142555439,0.10982048574445617,0.8270676691729323,0.7390897571277719,0.4774781817741851,8,5,13,8,0.38461538461538464,0.625,0.4761904761904762,7.0,28.0,11.544011544011545,693,"Sampled-label overlap, no point adjustment; delays among detected events only; no original-FPS seconds.",0.4659090909090909,0.4956127297410192,,1197,250,True
S09,0,reference_dino_full_ema,0.99,2.3433503905127226,0.010582010582010581,0.010101010101010102,0.8010517423442449,0.6066795418102314,0.6060253354984246,0.6525826710387372,0.252,0.272,0.7740232312565998,872,75,135,115,0.6052631578947368,0.46,0.5227272727272727,0.9208025343189018,0.0791974656810982,0.8245614035087719,0.6904012671594509,0.4235974022816717,884,63,145,105,0.625,0.42,0.5023923444976077,0.9334741288278775,0.0665258711721225,0.8262322472848789,0.6767370644139388,0.4136569242077086,8,5,12,5,0.5833333333333334,0.625,0.603448275862069,8.0,32.0,7.215007215007215,693,"Sampled-label overlap, no point adjustment; delays among detected events only; no original-FPS seconds.",0.4659090909090909,0.4956127297410192,,1197,250,True
S09,0,reference_dino_full_ema,0.995,2.552986430754207,0.003527336860670194,0.005772005772005772,0.8010517423442449,0.6066795418102314,0.6060253354984246,0.6525826710387372,0.252,0.272,0.7740232312565998,884,63,152,98,0.6086956521739131,0.392,0.47688564476885653,0.9334741288278775,0.0665258711721225,0.8203842940685045,0.6627370644139388,0.38776503984538313,895,52,159,91,0.6363636363636364,0.364,0.4631043256997456,0.9450897571277719,0.054910242872228086,0.8237259816207184,0.6545448785638859,0.38738364653699275,8,5,10,4,0.6,0.625,0.6122448979591836,9.0,36.0,5.772005772005772,693,"Sampled-label overlap, no point adjustment; delays among detected events only; no original-FPS seconds.",0.4659090909090909,0.4956127297410192,,1197,250,True
S09,0,reference_dino_full_ema,0.999,2.760661339721121,0.0,0.001443001443001443,0.8010517423442449,0.6066795418102314,0.6060253354984246,0.6525826710387372,0.252,0.272,0.7740232312565998,890,57,164,86,0.6013986013986014,0.344,0.4376590330788804,0.9398099260823654,0.06019007391763464,0.8153717627401837,0.6419049630411826,0.3557003153738691,900,47,172,78,0.624,0.312,0.41600000000000004,0.9503695881731784,0.04963041182682154,0.8170426065162907,0.6311847940865892,0.3487434730461306,8,4,8,4,0.5,0.5,0.5,10.5,42.0,5.772005772005772,693,"Sampled-label overlap, no point adjustment; delays among detected events only; no original-FPS seconds.",0.4659090909090909,0.4956127297410192,,1197,250,True
S10,0,prototype64,0.95,0.015179084613919258,0.06655931293612453,0.05006587615283267,0.7293994393329499,0.3766652500128442,0.37567627916129576,0.5246640537513998,0.0075675675675675675,0.09297297297297297,0.6429521276595744,2835,173,822,103,0.37318840579710144,0.11135135135135135,0.17152373022481265,0.9424867021276596,0.05751329787234043,0.7470124586829392,0.5269190267395055,0.08938859490157434,2897,111,829,96,0.463768115942029,0.10378378378378378,0.1696113074204947,0.9630984042553191,0.036901595744680854,0.7609966946351385,0.5334410940195514,0.1270321524373229,11,4,24,19,0.20833333333333334,0.36363636363636365,0.2649006622516556,36.5,146.0,10.198604401502953,1863,"Sampled-label overlap, no point adjustment; delays among detected events only; no original-FPS seconds.",0.4333333333333334,0.5306154904606917,,3933,925,True
S10,0,prototype64,0.975,0.016914375126361847,0.05636070853462158,0.025032938076416336,0.7293994393329499,0.3766652500128442,0.37567627916129576,0.5246640537513998,0.0075675675675675675,0.09297297297297297,0.6429521276595744,2896,112,868,57,0.33727810650887574,0.061621621621621624,0.10420475319926874,0.9627659574468085,0.03723404255319149,0.7508263412153572,0.512193789534215,0.05100471358002212,2954,54,882,43,0.44329896907216493,0.046486486486486484,0.08414872798434443,0.9820478723404256,0.01795212765957447,0.7620137299771167,0.514267179413456,0.07802840585857139,11,2,12,8,0.3333333333333333,0.18181818181818182,0.23529411764705885,51.5,206.0,4.294149221685454,1863,"Sampled-label overlap, no point adjustment; delays among detected events only; no original-FPS seconds.",0.4333333333333334,0.5306154904606917,,3933,925,True
S10,0,prototype64,0.99,0.01920980028808117,0.03757380568974772,0.010101010101010102,0.7293994393329499,0.3766652500128442,0.37567627916129576,0.5246640537513998,0.0075675675675675675,0.09297297297297297,0.6429521276595744,2941,67,905,20,0.22988505747126436,0.021621621621621623,0.039525691699604744,0.9777260638297872,0.022273936170212765,0.7528604118993135,0.4996738427257044,-0.0018810597070278547,2990,18,912,13,0.41935483870967744,0.014054054054054054,0.02719665271966527,0.9940159574468085,0.005984042553191489,0.7635392829900839,0.5040350057504313,0.03870432132225188,11,1,9,7,0.2222222222222222,0.09090909090909091,0.1290322580645161,8.0,32.0,3.757380568974772,1863,"Sampled-label overlap, no point adjustment; delays among detected events only; no original-FPS seconds.",0.4333333333333334,0.5306154904606917,,3933,925,True
S10,0,prototype64,0.995,0.02113884501159191,0.02576489533011272,0.005270092226613966,0.7293994393329499,0.3766652500128442,0.37567627916129576,0.5246640537513998,0.0075675675675675675,0.09297297297297297,0.6429521276595744,2969,39,916,9,0.1875,0.00972972972972973,0.018499486125385406,0.9870345744680851,0.012965425531914893,0.7571828121027205,0.4983821520989074,-0.012498599086463981,3002,6,917,8,0.5714285714285714,0.008648648648648649,0.017039403620873268,0.9980053191489362,0.0019946808510638296,0.7653190948385457,0.5033269838987924,0.047384775513554654,11,1,3,1,0.6666666666666666,0.09090909090909091,0.16,8.0,32.0,0.5367686527106817,1863,"Sampled-label overlap, no point adjustment; delays among detected events only; no original-FPS seconds.",0.4333333333333334,0.5306154904606917,,3933,925,True
S10,0,prototype64,0.999,0.023030923679471016,0.011272141706924315,0.0013175230566534915,0.7293994393329499,0.3766652500128442,0.37567627916129576,0.5246640537513998,0.0075675675675675675,0.09297297297297297,0.6429521276595744,2986,22,920,5,0.18518518518518517,0.005405405405405406,0.01050420168067227,0.992686170212766,0.007313829787234043,0.7604881769641495,0.4990457878090857,-0.009802497431963122,3004,4,925,0,0.0,0.0,0.0,0.9986702127659575,0.0013297872340425532,0.7637935418255785,0.49933510638297873,-0.017693792573091505,11,0,1,1,0.0,0.0,0.0,,,0.5367686527106817,1863,"Sampled-label overlap, no point adjustment; delays among detected events only; no original-FPS seconds.",0.4333333333333334,0.5306154904606917,,3933,925,True
S10,0,prototype256,0.95,0.010095978155732155,0.09125067096081589,0.05006587615283267,0.8143263010350776,0.4881523937526683,0.48710710578580285,0.5657993099482461,0.014054054054054054,0.17945945945945946,0.5226063829787234,2753,255,617,308,0.5470692717584369,0.33297297297297296,0.41397849462365593,0.9152260638297872,0.08477393617021277,0.7782862954487668,0.6240995184013801,0.3005666052738386,2785,223,668,257,0.5354166666666667,0.27783783783783783,0.36583629893238434,0.9258643617021277,0.07413563829787234,0.7734553775743707,0.6018510997699827,0.2639286843875189,11,7,25,5,0.8,0.6363636363636364,0.7088607594936709,9.0,36.0,2.683843263553409,1863,"Sampled-label overlap, no point adjustment; delays among detected events only; no original-FPS seconds.",0.5444444444444445,0.62390608875129,,3933,925,True
S10,0,prototype256,0.975,0.012132519856095314,0.062265163714439076,0.025032938076416336,0.8143263010350776,0.4881523937526683,0.48710710578580285,0.5657993099482461,0.014054054054054054,0.17945945945945946,0.5226063829787234,2826,182,740,185,0.5040871934604905,0.2,0.2863777089783282,0.9394946808510638,0.06050531914893617,0.7655733536740402,0.5697473404255319,0.20339661847714294,2840,168,778,147,0.4666666666666667,0.1589189189189189,0.23709677419354838,0.9441489361702128,0.05585106382978723,0.7594711416221713,0.5515339275445659,0.16104359705647128,11,4,18,13,0.2777777777777778,0.36363636363636365,0.3149606299212599,33.0,132.0,6.977992485238862,1863,"Sampled-label overlap, no point adjustment; delays among detected events only; no original-FPS seconds.",0.5444444444444445,0.62390608875129,,3933,925,True
S10,0,prototype256,0.99,0.014290980994701385,0.04508856682769726,0.010101010101010102,0.8143263010350776,0.4881523937526683,0.48710710578580285,0.5657993099482461,0.014054054054054054,0.17945945945945946,0.5226063829787234,2892,116,799,126,0.5206611570247934,0.1362162162162162,0.21593830334190234,0.961436170212766,0.03856382978723404,0.7673531655225019,0.5488261932144911,0.17235065482021242,2939,69,809,116,0.6270270270270271,0.1254054054054054,0.20900900900900898,0.977061170212766,0.022938829787234043,0.7767607424357996,0.5512332878090856,0.2052609570730034,11,4,13,8,0.38461538461538464,0.36363636363636365,0.37383177570093457,35.0,140.0,4.294149221685454,1863,"Sampled-label overlap, no point adjustment; delays among detected events only; no original-FPS seconds.",0.5444444444444445,0.62390608875129,,3933,925,True
S10,0,prototype256,0.995,0.015338731929659843,0.03327965646806227,0.005270092226613966,0.8143263010350776,0.4881523937526683,0.48710710578580285,0.5657993099482461,0.014054054054054054,0.17945945945945946,0.5226063829787234,2910,98,839,86,0.4673913043478261,0.09297297297297297,0.1550946798917944,0.9674202127659575,0.032579787234042555,0.7617594711416221,0.5301965928694652,0.12129170189041587,2958,50,856,69,0.5798319327731093,0.0745945945945946,0.13218390804597702,0.9833776595744681,0.016622340425531915,0.7696414950419527,0.5289861270845313,0.14353775352265566,11,4,11,6,0.45454545454545453,0.36363636363636365,0.4040404040404041,40.5,162.0,3.2206119162640903,1863,"Sampled-label overlap, no point adjustment; delays among detected events only; no original-FPS seconds.",0.5444444444444445,0.62390608875129,,3933,925,True
S10,0,prototype256,0.999,0.01696864329278469,0.017713365539452495,0.0013175230566534915,0.8143263010350776,0.4881523937526683,0.48710710578580285,0.5657993099482461,0.014054054054054054,0.17945945945945946,0.5226063829787234,2922,86,867,58,0.4027777777777778,0.0627027027027027,0.10851262862488306,0.9714095744680851,0.028590425531914893,0.7576913297737097,0.5170561385853939,0.0770330237530246,2973,35,878,47,0.573170731707317,0.05081081081081081,0.09334657398212512,0.9883643617021277,0.01163563829787234,0.767861683193491,0.5195875862564693,0.11628588821268651,11,2,8,5,0.375,0.18181818181818182,0.24489795918367344,19.5,78.0,2.683843263553409,1863,"Sampled-label overlap, no point adjustment; delays among detected events only; no original-FPS seconds.",0.5444444444444445,0.62390608875129,,3933,925,True
S10,0,prototype_motion,0.95,1.4799572229385376,0.0966183574879227,0.05006587615283267,0.720756002012651,0.3629429631681985,0.3623106271679273,0.502052374322811,0.001081081081081081,0.03027027027027027,0.765625,2639,369,695,230,0.38397328881469117,0.24864864864864866,0.30183727034120733,0.8773271276595744,0.12267287234042554,0.7294685990338164,0.5629878881541115,0.14869645563775866,2752,256,751,174,0.4046511627906977,0.1881081081081081,0.2568265682656827,0.9148936170212766,0.0851063829787234,0.7439613526570048,0.5515008625646923,0.1399909576440887,11,6,30,14,0.5333333333333333,0.5454545454545454,0.5393258426966293,16.5,66.0,7.514761137949544,1863,"Sampled-label overlap, no point adjustment; delays among detected events only; no original-FPS seconds.",0.4333333333333333,0.5416838665290677,,3933,925,True
S10,0,prototype_motion,0.975,1.7540396451950073,0.07461084272678475,0.025032938076416336,0.720756002012651,0.3629429631681985,0.3623106271679273,0.502052374322811,0.001081081081081081,0.03027027027027027,0.765625,2728,280,788,137,0.328537170263789,0.14810810810810812,0.2041728763040239,0.9069148936170213,0.09308510638297872,0.7284515636918383,0.5275115008625647,0.075798672702888,2795,213,818,107,0.334375,0.11567567567567567,0.1718875502008032,0.929188829787234,0.07081117021276596,0.737859140605136,0.5224322527314549,0.06959911179745873,11,4,12,5,0.5833333333333334,0.36363636363636365,0.448,15.0,60.0,2.683843263553409,1863,"Sampled-label overlap, no point adjustment; delays among detected events only; no original-FPS seconds.",0.4333333333333333,0.5416838665290677,,3933,925,True
S10,0,prototype_motion,0.99,2.1895034313201904,0.039184111647879764,0.010101010101010102,0.720756002012651,0.3629429631681985,0.3623106271679273,0.502052374322811,0.001081081081081081,0.03027027027027027,0.765625,2804,204,861,64,0.23880597014925373,0.06918918918918919,0.10729253981559096,0.9321808510638298,0.0678191489361702,0.7292143401983219,0.5006850201265095,0.0023058907286339506,2813,195,867,58,0.22924901185770752,0.0627027027027027,0.09847198641765703,0.9351728723404256,0.06482712765957446,0.7299771167048055,0.49893778752156415,-0.003672543994993005,11,3,6,2,0.6666666666666666,0.2727272727272727,0.3870967741935484,43.0,172.0,1.0735373054213635,1863,"Sampled-label overlap, no point adjustment; delays among detected events only; no original-FPS seconds.",0.4333333333333333,0.5416838665290677,,3933,925,True
S10,0,prototype_motion,0.995,2.3539962768554688,0.029522275899087493,0.005270092226613966,0.720756002012651,0.3629429631681985,0.3623106271679273,0.502052374322811,0.001081081081081081,0.03027027027027027,0.765625,2825,183,874,51,0.21794871794871795,0.055135135135135134,0.08800690250215704,0.9391622340425532,0.06083776595744681,0.7312484108822782,0.49714868458884415,-0.010224332042008278,2819,189,887,38,0.16740088105726872,0.04108108108108108,0.06597222222222222,0.9371675531914894,0.06283244680851063,0.726417493007882,0.48912431713628524,-0.03955766761125021,11,2,7,4,0.42857142857142855,0.18181818181818182,0.2553191489361702,26.0,104.0,2.147074610842727,1863,"Sampled-label overlap, no point adjustment; delays among detected events only; no original-FPS seconds.",0.4333333333333333,0.5416838665290677,,3933,925,True
S10,0,prototype_motion,0.999,2.573009490966797,0.017713365539452495,0.0013175230566534915,0.720756002012651,0.3629429631681985,0.3623106271679273,0.502052374322811,0.001081081081081081,0.03027027027027027,0.765625,2845,163,886,39,0.19306930693069307,0.04216216216216216,0.06921029281277728,0.945811170212766,0.05418882978723404,0.7332824815662344,0.49398666618746406,-0.02310823533947591,2842,166,897,28,0.14432989690721648,0.03027027027027027,0.05004468275245755,0.944813829787234,0.05518617021276596,0.7297228578693109,0.48754205002875217,-0.048798644989327226,11,1,12,10,0.16666666666666666,0.09090909090909091,0.11764705882352942,4.0,16.0,5.367686527106818,1863,"Sampled-label overlap, no point adjustment; delays among detected events only; no original-FPS seconds.",0.4333333333333333,0.5416838665290677,,3933,925,True
S10,0,prototype_motion_ema,0.95,1.3945597942511954,0.09178743961352658,0.05006587615283267,0.721009919493962,0.37147479979538733,0.370933665288556,0.5089339759692504,0.0,0.016216216216216217,0.7952127659574468,2683,325,665,260,0.4444444444444444,0.2810810810810811,0.3443708609271523,0.8919547872340425,0.10804521276595745,0.7482837528604119,0.5865179341575618,0.20624112132755595,2738,270,697,228,0.4578313253012048,0.2464864864864865,0.320449754040759,0.9102393617021277,0.08976063829787234,0.7541317060767861,0.5783629240943071,0.19988139378303008,11,7,30,13,0.5666666666666667,0.6363636363636364,0.5994962216624684,13.0,52.0,6.977992485238862,1863,"Sampled-label overlap, no point adjustment; delays among detected events only; no original-FPS seconds.",0.4888888888888889,0.571427733772935,,3933,925,True
S10,0,prototype_motion_ema,0.975,1.6212893845189775,0.07568438003220612,0.025032938076416336,0.721009919493962,0.37147479979538733,0.370933665288556,0.5089339759692504,0.0,0.016216216216216217,0.7952127659574468,2762,246,764,161,0.3955773955773956,0.17405405405405405,0.24174174174174173,0.918218085106383,0.08178191489361702,0.7431985761505212,0.5461360695802185,0.12848191846726278,2778,230,779,146,0.3882978723404255,0.15783783783783784,0.22444273635664871,0.9235372340425532,0.0764627659574468,0.7434528349860158,0.5406875359401955,0.11737221823896112,11,5,15,7,0.5333333333333333,0.45454545454545453,0.49079754601226994,26.0,104.0,3.757380568974772,1863,"Sampled-label overlap, no point adjustment; delays among detected events only; no original-FPS seconds.",0.4888888888888889,0.571427733772935,,3933,925,True
S10,0,prototype_motion_ema,0.99,2.0032143014418855,0.05045625335480408,0.010101010101010102,0.721009919493962,0.37147479979538733,0.370933665288556,0.5089339759692504,0.0,0.016216216216216217,0.7952127659574468,2801,207,833,92,0.3076923076923077,0.09945945945945946,0.1503267973856209,0.9311835106382979,0.06881648936170212,0.7355708110856852,0.5153214850488786,0.04903572311237768,2810,198,838,87,0.30526315789473685,0.09405405405405405,0.143801652892562,0.9341755319148937,0.06582446808510638,0.7365878464276634,0.5141147929844738,0.046181118374987166,11,3,5,1,0.8,0.2727272727272727,0.4067796610169491,28.0,112.0,0.5367686527106817,1863,"Sampled-label overlap, no point adjustment; delays among detected events only; no original-FPS seconds.",0.4888888888888889,0.571427733772935,,3933,925,True
S10,0,prototype_motion_ema,0.995,2.1471957417311436,0.040257648953301126,0.005270092226613966,0.721009919493962,0.37147479979538733,0.370933665288556,0.5089339759692504,0.0,0.016216216216216217,0.7952127659574468,2806,202,858,67,0.24907063197026022,0.07243243243243243,0.11222780569514236,0.932845744680851,0.06715425531914894,0.7304856343757946,0.5026390885566417,0.008868289644700551,2810,198,863,62,0.23846153846153847,0.06702702702702702,0.10464135021097046,0.9341755319148937,0.06582446808510638,0.7302313755403,0.5006012794709603,0.0020526694377398656,11,3,6,1,0.8333333333333334,0.2727272727272727,0.4109589041095891,32.0,128.0,0.5367686527106817,1863,"Sampled-label overlap, no point adjustment; delays among detected events only; no original-FPS seconds.",0.4888888888888889,0.571427733772935,,3933,925,True
S10,0,prototype_motion_ema,0.999,2.3259278133819192,0.02576489533011272,0.0013175230566534915,0.721009919493962,0.37147479979538733,0.370933665288556,0.5089339759692504,0.0,0.016216216216216217,0.7952127659574468,2807,201,875,50,0.199203187250996,0.05405405405405406,0.08503401360544217,0.9331781914893617,0.06682180851063829,0.726417493007882,0.49361612277170785,-0.022153663330418207,2810,198,883,42,0.175,0.04540540540540541,0.07210300429184549,0.9341755319148937,0.06582446808510638,0.7251461988304093,0.4897904686601495,-0.03617847945305876,11,2,4,1,0.75,0.18181818181818182,0.2926829268292683,27.5,110.0,0.5367686527106817,1863,"Sampled-label overlap, no point adjustment; delays among detected events only; no original-FPS seconds.",0.4888888888888889,0.571427733772935,,3933,925,True
S10,0,prototype_fewshot3,0.95,0.020334361121058464,0.055823939881910895,0.05006587615283267,0.6886657202415181,0.30728629539923824,0.3065111223120236,0.49267690142550163,0.0075675675675675675,0.03351351351351351,0.5448803191489362,2908,100,906,19,0.15966386554621848,0.02054054054054054,0.036398467432950186,0.9667553191489362,0.03324468085106383,0.7442156114924994,0.4936479298447384,-0.03145511222129194,2948,60,913,12,0.16666666666666666,0.012972972972972972,0.024072216649949844,0.9800531914893617,0.0199468085106383,0.752606153063819,0.4965130822311673,-0.02206303909765159,11,1,8,6,0.25,0.09090909090909091,0.13333333333333333,8.0,32.0,3.2206119162640903,1863,"Sampled-label overlap, no point adjustment; delays among detected events only; no original-FPS seconds.",0.2888888888888889,0.4497569046021059,,3933,925,True
S10,0,prototype_fewshot3,0.975,0.022666016593575478,0.031132581857219538,0.025032938076416336,0.6886657202415181,0.30728629539923824,0.3065111223120236,0.49267690142550163,0.0075675675675675675,0.03351351351351351,0.5448803191489362,2952,56,915,10,0.15151515151515152,0.010810810810810811,0.020181634712411706,0.9813829787234043,0.018617021276595744,0.7531146707348081,0.49609689476710755,-0.025774543658155683,2976,32,918,7,0.1794871794871795,0.0075675675675675675,0.014522821576763484,0.9893617021276596,0.010638297872340425,0.7584541062801933,0.4984646348476136,-0.013143807206867204,11,1,4,3,0.25,0.09090909090909091,0.13333333333333333,109.0,436.0,1.6103059581320451,1863,"Sampled-label overlap, no point adjustment; delays among detected events only; no original-FPS seconds.",0.2888888888888889,0.4497569046021059,,3933,925,True
S10,0,prototype_fewshot3,0.99,0.02563527598977089,0.014492753623188406,0.010101010101010102,0.6886657202415181,0.30728629539923824,0.3065111223120236,0.49267690142550163,0.0075675675675675675,0.03351351351351351,0.5448803191489362,2986,22,922,3,0.12,0.003243243243243243,0.006315789473684211,0.992686170212766,0.007313829787234043,0.7599796592931605,0.4979647067280046,-0.021722984539194183,3002,6,923,2,0.25,0.002162162162162162,0.004287245444801716,0.9980053191489362,0.0019946808510638296,0.7637935418255785,0.5000837406555492,0.0015765629286179632,11,1,4,3,0.25,0.09090909090909091,0.13333333333333333,110.0,440.0,1.6103059581320451,1863,"Sampled-label overlap, no point adjustment; delays among detected events only; no original-FPS seconds.",0.2888888888888889,0.4497569046021059,,3933,925,True
S10,0,prototype_fewshot3,0.995,0.027376500889658928,0.005367686527106817,0.005270092226613966,0.6886657202415181,0.30728629539923824,0.3065111223120236,0.49267690142550163,0.0075675675675675675,0.03351351351351351,0.5448803191489362,2991,17,925,0,0.0,0.0,0.0,0.9943484042553191,0.005651595744680851,0.7604881769641495,0.49717420212765956,-0.03653718376817435,3008,0,925,0,0.0,0.0,0.0,1.0,0.0,0.7648105771675566,0.5,0.0,11,0,0,0,0.0,0.0,0.0,,,0.0,1863,"Sampled-label overlap, no point adjustment; delays among detected events only; no original-FPS seconds.",0.2888888888888889,0.4497569046021059,,3933,925,True
S10,0,prototype_fewshot3,0.999,0.03191788122057915,0.0010735373054213634,0.0013175230566534915,0.6886657202415181,0.30728629539923824,0.3065111223120236,0.49267690142550163,0.0075675675675675675,0.03351351351351351,0.5448803191489362,2999,9,925,0,0.0,0.0,0.0,0.9970079787234043,0.0029920212765957447,0.7625222476481057,0.49850398936170215,-0.026557592682037296,3008,0,925,0,0.0,0.0,0.0,1.0,0.0,0.7648105771675566,0.5,0.0,11,0,0,0,0.0,0.0,0.0,,,0.0,1863,"Sampled-label overlap, no point adjustment; delays among detected events only; no original-FPS seconds.",0.2888888888888889,0.4497569046021059,,3933,925,True
S10,0,prototype_neural,0.95,2.0855090618133545,0.09178743961352658,0.05006587615283267,0.8501311817136284,0.5470238586595918,0.5464033659795533,0.6046510396174449,0.001081081081081081,0.18486486486486486,0.488031914893617,2781,227,472,453,0.6661764705882353,0.4897297297297297,0.5644859813084112,0.9245345744680851,0.07546542553191489,0.8222730739893211,0.7071321520989073,0.4646124118127695,2803,205,513,412,0.6677471636952999,0.4454054054054054,0.5343709468223088,0.9318484042553191,0.06815159574468085,0.817442156114925,0.6886269048303623,0.4399401246501636,11,7,23,1,0.9565217391304348,0.6363636363636364,0.7642679900744417,10.0,40.0,0.5367686527106817,1863,"Sampled-label overlap, no point adjustment; delays among detected events only; no original-FPS seconds.",0.5888888888888889,0.6492110177404296,,3933,925,True
S10,0,prototype_neural,0.975,2.69474720954895,0.06172839506172839,0.025032938076416336,0.8501311817136284,0.5470238586595918,0.5464033659795533,0.6046510396174449,0.001081081081081081,0.18486486486486486,0.488031914893617,2816,192,601,324,0.627906976744186,0.35027027027027025,0.4496877168632894,0.9361702127659575,0.06382978723404255,0.7983727434528349,0.6432202415181139,0.3598295614673665,2810,198,625,300,0.6024096385542169,0.32432432432432434,0.421644413211525,0.9341755319148937,0.06582446808510638,0.790744978387999,0.629249928119609,0.32967957841660905,11,5,20,1,0.95,0.45454545454545453,0.6148867313915857,13.0,52.0,0.5367686527106817,1863,"Sampled-label overlap, no point adjustment; delays among detected events only; no original-FPS seconds.",0.5888888888888889,0.6492110177404296,,3933,925,True
S10,0,prototype_neural,0.99,3.4086356163024902,0.03435319377348363,0.010101010101010102,0.8501311817136284,0.5470238586595918,0.5464033659795533,0.6046510396174449,0.001081081081081081,0.18486486486486486,0.488031914893617,2846,162,725,200,0.5524861878453039,0.21621621621621623,0.3108003108003108,0.9461436170212766,0.0538563829787234,0.7744724129163488,0.5811799166187464,0.23819858021651963,2838,170,754,171,0.501466275659824,0.18486486486486486,0.27014218009478674,0.9434840425531915,0.05651595744680851,0.7650648360030511,0.5641744537090282,0.19344459731730615,11,5,20,10,0.5,0.45454545454545453,0.47619047619047616,41.0,164.0,5.367686527106818,1863,"Sampled-label overlap, no point adjustment; delays among detected events only; no original-FPS seconds.",0.5888888888888889,0.6492110177404296,,3933,925,True
S10,0,prototype_neural,0.995,3.6735661029815674,0.02576489533011272,0.005270092226613966,0.8501311817136284,0.5470238586595918,0.5464033659795533,0.6046510396174449,0.001081081081081081,0.18486486486486486,0.488031914893617,2858,150,759,166,0.5253164556962026,0.17945945945945946,0.26752618855761484,0.9501329787234043,0.049867021276595744,0.7688787185354691,0.5647962190914319,0.20219557526469775,2857,151,780,145,0.48986486486486486,0.15675675675675677,0.2375102375102375,0.9498005319148937,0.050199468085106384,0.7632850241545893,0.5532786443358252,0.17130712941906387,11,5,19,11,0.42105263157894735,0.45454545454545453,0.4371584699453551,41.0,164.0,5.904455179817499,1863,"Sampled-label overlap, no point adjustment; delays among detected events only; no original-FPS seconds.",0.5888888888888889,0.6492110177404296,,3933,925,True
S10,0,prototype_neural,0.999,4.306132793426514,0.013955984970477724,0.0013175230566534915,0.8501311817136284,0.5470238586595918,0.5464033659795533,0.6046510396174449,0.001081081081081081,0.18486486486486486,0.488031914893617,2899,109,845,80,0.42328042328042326,0.08648648648648649,0.1436265709156194,0.9637632978723404,0.03623670212765957,0.7574370709382151,0.5251248921794134,0.09964262556173274,2947,61,864,61,0.5,0.06594594594594595,0.11652340019102198,0.979720744680851,0.020279255319148936,0.7648105771675566,0.5228333453133985,0.1117145995013631,11,4,13,8,0.38461538461538464,0.36363636363636365,0.37383177570093457,43.5,174.0,4.294149221685454,1863,"Sampled-label overlap, no point adjustment; delays among detected events only; no original-FPS seconds.",0.5888888888888889,0.6492110177404296,,3933,925,True
S10,0,prototype_neural_ema,0.95,2.0705013260259872,0.09339774557165861,0.05006587615283267,0.8456192495687177,0.5383293636119209,0.5376845474533744,0.5998233255652069,0.001081081081081081,0.09621621621621622,0.5066489361702128,2799,209,464,461,0.6880597014925374,0.4983783783783784,0.5780564263322884,0.9305186170212766,0.0694813829787234,0.828883803712179,0.7144484976998275,0.4838567989192166,2803,205,491,434,0.6791862284820032,0.46918918918918917,0.5549872122762147,0.9318484042553191,0.06815159574468085,0.8230358504958047,0.7005187967222541,0.46108674894709795,11,7,20,1,0.95,0.6363636363636364,0.7621776504297993,15.0,60.0,0.5367686527106817,1863,"Sampled-label overlap, no point adjustment; delays among detected events only; no original-FPS seconds.",0.5888888888888889,0.6492110177404296,,3933,925,True
S10,0,prototype_neural_ema,0.975,2.560523279388155,0.0703166935050993,0.025032938076416336,0.8456192495687177,0.5383293636119209,0.5376845474533744,0.5998233255652069,0.001081081081081081,0.09621621621621622,0.5066489361702128,2807,201,576,349,0.6345454545454545,0.3772972972972973,0.4732203389830508,0.9331781914893617,0.06682180851063829,0.8024408848207475,0.6552377443933295,0.3796686675760743,2810,198,601,324,0.6206896551724138,0.35027027027027025,0.4478230822391154,0.9341755319148937,0.06582446808510638,0.7968471904398677,0.642222901092582,0.3555766221785796,11,5,12,1,0.9166666666666666,0.45454545454545453,0.6077348066298343,13.0,52.0,0.5367686527106817,1863,"Sampled-label overlap, no point adjustment; delays among detected events only; no original-FPS seconds.",0.5888888888888889,0.6492110177404296,,3933,925,True
S10,0,prototype_neural_ema,0.99,3.3482630404890514,0.0322061191626409,0.010101010101010102,0.8456192495687177,0.5383293636119209,0.5376845474533744,0.5998233255652069,0.001081081081081081,0.09621621621621622,0.5066489361702128,2809,199,733,192,0.49104859335038364,0.20756756756756756,0.2917933130699088,0.933843085106383,0.06615691489361702,0.7630307653190949,0.5707053263369752,0.20043762676775015,2811,197,751,174,0.46900269541778977,0.1881081081081081,0.2685185185185185,0.9345079787234043,0.06549202127659574,0.7589626239511823,0.5613080434157562,0.17791940678987228,11,5,11,1,0.9090909090909091,0.45454545454545453,0.6060606060606061,42.0,168.0,0.5367686527106817,1863,"Sampled-label overlap, no point adjustment; delays among detected events only; no original-FPS seconds.",0.5888888888888889,0.6492110177404296,,3933,925,True
S10,0,prototype_neural_ema,0.995,3.499525693097868,0.027911969940955447,0.005270092226613966,0.8456192495687177,0.5383293636119209,0.5376845474533744,0.5998233255652069,0.001081081081081081,0.09621621621621622,0.5066489361702128,2811,197,754,171,0.46467391304347827,0.18486486486486486,0.26450116009280744,0.9345079787234043,0.06549202127659574,0.7581998474446987,0.5596864217941346,0.17384477619617353,2814,194,769,156,0.44571428571428573,0.16864864864864865,0.24470588235294113,0.9355053191489362,0.06449468085106383,0.7551487414187643,0.5520769838987925,0.15514156758402348,11,5,10,2,0.8,0.45454545454545453,0.5797101449275363,42.0,168.0,1.0735373054213635,1863,"Sampled-label overlap, no point adjustment; delays among detected events only; no original-FPS seconds.",0.5888888888888889,0.6492110177404296,,3933,925,True
S10,0,prototype_neural_ema,0.999,3.852119813219558,0.01825013419216318,0.0013175230566534915,0.8456192495687177,0.5383293636119209,0.5376845474533744,0.5998233255652069,0.001081081081081081,0.09621621621621622,0.5066489361702128,2832,176,811,114,0.3931034482758621,0.12324324324324325,0.18765432098765436,0.9414893617021277,0.05851063829787234,0.7490465293668955,0.5323663024726855,0.10505198956079988,2838,170,820,105,0.38181818181818183,0.11351351351351352,0.17500000000000002,0.9434840425531915,0.05651595744680851,0.7482837528604119,0.5284987780333525,0.09479333860146312,11,4,15,10,0.3333333333333333,0.36363636363636365,0.34782608695652173,35.5,142.0,5.367686527106818,1863,"Sampled-label overlap, no point adjustment; delays among detected events only; no original-FPS seconds.",0.5888888888888889,0.6492110177404296,,3933,925,True
S10,0,reference_dino_global_pca,0.95,0.001704928232356906,0.0794417606011809,0.05006587615283267,0.8270615296147211,0.5283155983854135,0.5274738111378878,0.5927030053569807,0.001081081081081081,0.11567567567567567,0.6675531914893617,2786,222,505,420,0.6542056074766355,0.4540540540540541,0.5360561582641991,0.9261968085106383,0.07380319148936171,0.8151538265954742,0.6901254312823462,0.43636361909600846,2799,209,528,397,0.6551155115511551,0.4291891891891892,0.5186152841280208,0.9305186170212766,0.0694813829787234,0.8126112382405288,0.6798539031052329,0.42256831782364784,11,5,25,3,0.88,0.45454545454545453,0.5994550408719346,6.0,24.0,1.6103059581320451,1863,"Sampled-label overlap, no point adjustment; delays among detected events only; no original-FPS seconds.",0.5444444444444445,0.62390608875129,,3933,925,True
S10,0,reference_dino_global_pca,0.975,0.0020504172425717115,0.05475040257648953,0.025032938076416336,0.8270615296147211,0.5283155983854135,0.5274738111378878,0.5927030053569807,0.001081081081081081,0.11567567567567567,0.6675531914893617,2803,205,656,269,0.5675105485232067,0.29081081081081084,0.38456040028591854,0.9318484042553191,0.06815159574468085,0.7810831426392068,0.611329607533065,0.29005877214367853,2801,207,699,226,0.5219399538106235,0.24432432432432433,0.33284241531664216,0.9311835106382979,0.06881648936170212,0.7696414950419527,0.5877539174813111,0.23780901870402799,11,5,19,2,0.8947368421052632,0.45454545454545453,0.6028368794326242,26.0,104.0,1.0735373054213635,1863,"Sampled-label overlap, no point adjustment; delays among detected events only; no original-FPS seconds.",0.5444444444444445,0.62390608875129,,3933,925,True
S10,0,reference_dino_global_pca,0.99,0.0023807219695299864,0.03327965646806227,0.010101010101010102,0.8270615296147211,0.5283155983854135,0.5274738111378878,0.5927030053569807,0.001081081081081081,0.11567567567567567,0.6675531914893617,2823,185,758,167,0.4744318181818182,0.18054054054054053,0.2615505090054816,0.9384973404255319,0.061502659574468085,0.7602339181286549,0.5595189404830362,0.17685668377296998,2820,188,810,115,0.3795379537953795,0.12432432432432433,0.18729641693811078,0.9375,0.0625,0.7462496821764556,0.5309121621621622,0.09833192341460878,11,5,15,3,0.8,0.45454545454545453,0.5797101449275363,32.0,128.0,1.6103059581320451,1863,"Sampled-label overlap, no point adjustment; delays among detected events only; no original-FPS seconds.",0.5444444444444445,0.62390608875129,,3933,925,True
S10,0,reference_dino_global_pca,0.995,0.0026072636246681213,0.02254428341384863,0.005270092226613966,0.8270615296147211,0.5283155983854135,0.5274738111378878,0.5927030053569807,0.001081081081081081,0.11567567567567567,0.6675531914893617,2852,156,815,110,0.41353383458646614,0.11891891891891893,0.1847187237615449,0.9481382978723404,0.05186170212765957,0.7531146707348081,0.5335286083956297,0.11325542994857177,2856,152,851,74,0.3274336283185841,0.08,0.12858384013900956,0.949468085106383,0.05053191489361702,0.744978387998983,0.5147340425531916,0.05370270791634159,11,3,21,11,0.47619047619047616,0.2727272727272727,0.3468208092485549,8.0,32.0,5.904455179817499,1863,"Sampled-label overlap, no point adjustment; delays among detected events only; no original-FPS seconds.",0.5444444444444445,0.62390608875129,,3933,925,True
S10,0,reference_dino_global_pca,0.999,0.002857920480892062,0.015029522275899088,0.0013175230566534915,0.8270615296147211,0.5283155983854135,0.5274738111378878,0.5927030053569807,0.001081081081081081,0.11567567567567567,0.6675531914893617,2877,131,847,78,0.37320574162679426,0.08432432432432432,0.1375661375661376,0.9564494680851063,0.043550531914893616,0.7513348588863463,0.5203868962047153,0.07709263866259285,2900,108,867,58,0.3493975903614458,0.0627027027027027,0.1063244729605866,0.964095744680851,0.03590425531914894,0.7520976353928299,0.5133992236917768,0.05652851299613875,11,3,14,8,0.42857142857142855,0.2727272727272727,0.33333333333333326,94.0,376.0,4.294149221685454,1863,"Sampled-label overlap, no point adjustment; delays among detected events only; no original-FPS seconds.",0.5444444444444445,0.62390608875129,,3933,925,True
S10,0,reference_dino_frame_denoising_ae,0.95,0.11124733835458755,0.09071390230810521,0.05006587615283267,0.8622969378953422,0.5847202775168572,0.5838466773489862,0.6476457280348658,0.001081081081081081,0.252972972972973,0.49700797872340424,2795,213,414,511,0.7058011049723757,0.5524324324324325,0.6197695573074591,0.929188829787234,0.07081117021276596,0.8405797101449275,0.7408106311098333,0.5270614982426223,2803,205,442,483,0.7020348837209303,0.5221621621621622,0.5988840669559826,0.9318484042553191,0.06815159574468085,0.8354945334350369,0.7270052832087406,0.5068438406668411,11,5,18,1,0.9444444444444444,0.45454545454545453,0.6137184115523465,4.0,16.0,0.5367686527106817,1863,"Sampled-label overlap, no point adjustment; delays among detected events only; no original-FPS seconds.",0.5666666666666667,0.6351633986928106,,3933,925,True
S10,0,reference_dino_frame_denoising_ae,0.975,0.14433006942272186,0.05421363392377885,0.025032938076416336,0.8622969378953422,0.5847202775168572,0.5838466773489862,0.6476457280348658,0.001081081081081081,0.252972972972973,0.49700797872340424,2815,193,543,382,0.6643478260869565,0.412972972972973,0.5093333333333332,0.9358377659574468,0.0641622340425532,0.8128654970760234,0.6744053694652099,0.41872159661198555,2803,205,577,348,0.6292947558770343,0.3762162162162162,0.47090663058186744,0.9318484042553191,0.06815159574468085,0.8011695906432749,0.6540323102357677,0.37586396547769046,11,5,16,1,0.9375,0.45454545454545453,0.6122448979591837,13.0,52.0,0.5367686527106817,1863,"Sampled-label overlap, no point adjustment; delays among detected events only; no original-FPS seconds.",0.5666666666666667,0.6351633986928106,,3933,925,True
S10,0,reference_dino_frame_denoising_ae,0.99,0.18096871674060822,0.030059044551798177,0.010101010101010102,0.8622969378953422,0.5847202775168572,0.5838466773489862,0.6476457280348658,0.001081081081081081,0.252972972972973,0.49700797872340424,2850,158,663,262,0.6238095238095238,0.28324324324324324,0.3895910780669145,0.9474734042553191,0.052526595744680854,0.7912534960589881,0.6153583237492812,0.316829049662834,2857,151,698,227,0.6005291005291006,0.2454054054054054,0.3484267075978511,0.9498005319148937,0.050199468085106384,0.7841342486651411,0.5976029686601495,0.28089053337129605,11,5,31,12,0.6129032258064516,0.45454545454545453,0.521978021978022,13.0,52.0,6.4412238325281805,1863,"Sampled-label overlap, no point adjustment; delays among detected events only; no original-FPS seconds.",0.5666666666666667,0.6351633986928106,,3933,925,True
S10,0,reference_dino_frame_denoising_ae,0.995,0.19462063908576965,0.02254428341384863,0.005270092226613966,0.8622969378953422,0.5847202775168572,0.5838466773489862,0.6476457280348658,0.001081081081081081,0.252972972972973,0.49700797872340424,2866,142,721,204,0.5895953757225434,0.22054054054054054,0.3210070810385523,0.9527925531914894,0.04720744680851064,0.7805746249682176,0.5866665468660149,0.25952997994530735,2891,117,749,176,0.6006825938566553,0.19027027027027027,0.2889983579638752,0.9611037234042553,0.03889627659574468,0.779811848461734,0.5756869968372628,0.24449869718667505,11,5,26,10,0.6153846153846154,0.45454545454545453,0.5228758169934641,14.0,56.0,5.367686527106818,1863,"Sampled-label overlap, no point adjustment; delays among detected events only; no original-FPS seconds.",0.5666666666666667,0.6351633986928106,,3933,925,True
S10,0,reference_dino_frame_denoising_ae,0.999,0.22312720119953156,0.01288244766505636,0.0013175230566534915,0.8622969378953422,0.5847202775168572,0.5838466773489862,0.6476457280348658,0.001081081081081081,0.252972972972973,0.49700797872340424,2911,97,784,141,0.592436974789916,0.15243243243243243,0.24247635425623384,0.9677526595744681,0.032247340425531915,0.775997965929316,0.5600925460034503,0.21377882352116273,2976,32,818,107,0.7697841726618705,0.11567567567567567,0.20112781954887218,0.9893617021276596,0.010638297872340425,0.7838799898296466,0.5525186889016677,0.24126681454100787,11,5,16,7,0.5625,0.45454545454545453,0.5027932960893855,49.0,196.0,3.757380568974772,1863,"Sampled-label overlap, no point adjustment; delays among detected events only; no original-FPS seconds.",0.5666666666666667,0.6351633986928106,,3933,925,True
S10,0,reference_dino_full_ema,0.95,2.3429303686885485,0.09071390230810521,0.05006587615283267,0.8584161155836688,0.5531249387748516,0.5525407579750964,0.6176288550588662,0.0,0.0681081081081081,0.47074468085106386,2799,209,396,529,0.7168021680216802,0.5718918918918919,0.6361996392062538,0.9305186170212766,0.0694813829787234,0.8461734045258072,0.7512052544565843,0.5457640000384832,2803,205,414,511,0.7136871508379888,0.5524324324324325,0.6227909811090798,0.9318484042553191,0.06815159574468085,0.8426137808288838,0.7421404183438758,0.5322614647618139,11,5,13,1,0.9230769230769231,0.45454545454545453,0.6091370558375634,11.0,44.0,0.5367686527106817,1863,"Sampled-label overlap, no point adjustment; delays among detected events only; no original-FPS seconds.",0.6222222222222222,0.6602000287294405,,3933,925,True
S10,0,reference_dino_full_ema,0.975,3.0155489932272106,0.055823939881910895,0.025032938076416336,0.8584161155836688,0.5531249387748516,0.5525407579750964,0.6176288550588662,0.0,0.0681081081081081,0.47074468085106386,2808,200,529,396,0.6644295302013423,0.4281081081081081,0.5207100591715976,0.9335106382978723,0.06648936170212766,0.8146453089244852,0.6808093732029902,0.42771992840197726,2810,198,551,374,0.6538461538461539,0.4043243243243243,0.49966599866399464,0.9341755319148937,0.06582446808510638,0.8095601322145944,0.6692499281196089,0.40722647055227446,11,5,18,1,0.9444444444444444,0.45454545454545453,0.6137184115523465,13.0,52.0,0.5367686527106817,1863,"Sampled-label overlap, no point adjustment; delays among detected events only; no original-FPS seconds.",0.6222222222222222,0.6602000287294405,,3933,925,True
S10,0,reference_dino_full_ema,0.99,3.8284119448408154,0.029522275899087493,0.010101010101010102,0.8584161155836688,0.5531249387748516,0.5525407579750964,0.6176288550588662,0.0,0.0681081081081081,0.47074468085106386,2809,199,667,258,0.5645514223194749,0.2789189189189189,0.37337192474674386,0.933843085106383,0.06615691489361702,0.779811848461734,0.606381002012651,0.28158263634151826,2811,197,684,241,0.5502283105022832,0.26054054054054054,0.35363169479090245,0.9345079787234043,0.06549202127659574,0.775997965929316,0.5975242596319724,0.2629612737195581,11,5,15,1,0.9333333333333333,0.45454545454545453,0.611353711790393,15.0,60.0,0.5367686527106817,1863,"Sampled-label overlap, no point adjustment; delays among detected events only; no original-FPS seconds.",0.6222222222222222,0.6602000287294405,,3933,925,True
S10,0,reference_dino_full_ema,0.995,4.008661891556268,0.02522812667740204,0.005270092226613966,0.8584161155836688,0.5531249387748516,0.5525407579750964,0.6176288550588662,0.0,0.0681081081081081,0.47074468085106386,2809,199,697,228,0.5339578454332553,0.2464864864864865,0.33727810650887574,0.933843085106383,0.06615691489361702,0.772184083396898,0.5901647857964347,0.24584242993048902,2811,197,722,203,0.5075,0.21945945945945947,0.3064150943396226,0.9345079787234043,0.06549202127659574,0.7663361301805238,0.5769837190914319,0.2160413347032983,11,5,16,1,0.9375,0.45454545454545453,0.6122448979591837,25.0,100.0,0.5367686527106817,1863,"Sampled-label overlap, no point adjustment; delays among detected events only; no original-FPS seconds.",0.6222222222222222,0.6602000287294405,,3933,925,True
S10,0,reference_dino_full_ema,0.999,4.31998041416888,0.01878690284487386,0.0013175230566534915,0.8584161155836688,0.5531249387748516,0.5525407579750964,0.6176288550588662,0.0,0.0681081081081081,0.47074468085106386,2811,197,747,178,0.4746666666666667,0.19243243243243244,0.27384615384615385,0.9345079787234043,0.06549202127659574,0.7599796592931605,0.5634702055779184,0.183312076604735,2814,194,762,163,0.4565826330532213,0.17621621621621622,0.2542901716068643,0.9355053191489362,0.06449468085106383,0.7569285532672261,0.5558607676825762,0.16493537594004518,11,5,13,2,0.8461538461538461,0.45454545454545453,0.5913978494623656,26.0,104.0,1.0735373054213635,1863,"Sampled-label overlap, no point adjustment; delays among detected events only; no original-FPS seconds.",0.6222222222222222,0.6602000287294405,,3933,925,True
S11,0,prototype64,0.95,0.047478217631578445,0.033524904214559385,0.050156739811912224,0.562669281741195,0.26577536792600204,0.2654910363691019,0.47368421052631576,0.0,0.0,0.8038852913968547,2643,600,1145,20,0.03225806451612903,0.017167381974248927,0.022408963585434174,0.8149861239592969,0.18501387604070305,0.6041288566243194,0.41607675296677293,-0.21288638207160038,2693,550,1155,10,0.017857142857142856,0.008583690987124463,0.011594202898550725,0.8304039469626888,0.16959605303731112,0.6132032667876588,0.4194938189749066,-0.21319848437974026,11,3,19,16,0.15789473684210525,0.2727272727272727,0.19999999999999998,85.0,340.0,7.662835249042145,2088,"Sampled-label overlap, no point adjustment; delays among detected events only; no original-FPS seconds.",0.2,0.40151399555037326,,4408,1165,True
S11,0,prototype64,0.975,0.05407114326953888,0.014846743295019157,0.025078369905956112,0.562669281741195,0.26577536792600204,0.2654910363691019,0.47368421052631576,0.0,0.0,0.8038852913968547,2716,527,1157,8,0.014953271028037384,0.0068669527896995704,0.009411764705882354,0.8374961455442491,0.16250385445575086,0.6179673321234119,0.42218154916697437,-0.21015918425181723,2744,499,1163,2,0.003992015968063872,0.0017167381974248926,0.0024009603841536613,0.8461301264261486,0.15386987357385137,0.6229582577132486,0.42392343231178675,-0.21138626957590803,11,1,14,13,0.07142857142857142,0.09090909090909091,0.08,45.0,180.0,6.226053639846743,2088,"Sampled-label overlap, no point adjustment; delays among detected events only; no original-FPS seconds.",0.2,0.40151399555037326,,4408,1165,True
S11,0,prototype64,0.99,0.06253190338611603,0.007662835249042145,0.01018808777429467,0.562669281741195,0.26577536792600204,0.2654910363691019,0.47368421052631576,0.0,0.0,0.8038852913968547,2796,447,1164,1,0.002232142857142857,0.0008583690987124463,0.0012399256044637321,0.8621646623496763,0.13783533765032377,0.6345281306715064,0.43151151572419433,-0.19989290872307228,2819,424,1165,0,0.0,0.0,0.0,0.8692568609312366,0.1307431390687635,0.639519056261343,0.4346284304656183,-0.19552970802581385,11,0,10,10,0.0,0.0,0.0,,,4.7892720306513406,2088,"Sampled-label overlap, no point adjustment; delays among detected events only; no original-FPS seconds.",0.2,0.40151399555037326,,4408,1165,True
S11,0,prototype64,0.995,0.0709007978439331,0.004310344827586207,0.005094043887147335,0.562669281741195,0.26577536792600204,0.2654910363691019,0.47368421052631576,0.0,0.0,0.8038852913968547,2890,353,1165,0,0.0,0.0,0.0,0.8911501695960531,0.10884983040394697,0.6556261343012704,0.44557508479802654,-0.1768403687227888,2915,328,1165,0,0.0,0.0,0.0,0.898859081097749,0.101140918902251,0.6612976406533575,0.4494295405488745,-0.1699402796782971,11,0,12,12,0.0,0.0,0.0,,,5.747126436781609,2088,"Sampled-label overlap, no point adjustment; delays among detected events only; no original-FPS seconds.",0.2,0.40151399555037326,,4408,1165,True
S11,0,prototype64,0.999,0.08322487026453018,0.0023946360153256703,0.0011755485893416929,0.562669281741195,0.26577536792600204,0.2654910363691019,0.47368421052631576,0.0,0.0,0.8038852913968547,2967,276,1165,0,0.0,0.0,0.0,0.9148936170212766,0.0851063829787234,0.6730943738656987,0.4574468085106383,-0.154904442463165,2986,257,1165,0,0.0,0.0,0.0,0.9207523897625656,0.07924761023743447,0.6774047186932849,0.4603761948812828,-0.14913503597767183,11,0,10,10,0.0,0.0,0.0,,,4.7892720306513406,2088,"Sampled-label overlap, no point adjustment; delays among detected events only; no original-FPS seconds.",0.2,0.40151399555037326,,4408,1165,True
S11,0,prototype256,0.95,0.04094361513853073,0.0210727969348659,0.050156739811912224,0.6387854196360864,0.30805606155255366,0.30774912693355816,0.47368421052631576,0.0,0.0,0.7724329324699353,2638,605,1120,45,0.06923076923076923,0.03862660944206009,0.049586776859504134,0.8134443416589577,0.18655565834104224,0.6086660617059891,0.4260354755505089,-0.18397331578900872,2685,558,1139,26,0.04452054794520548,0.022317596566523604,0.029731275014293884,0.8279370952821462,0.17206290471785385,0.6150181488203267,0.42512734592433493,-0.19477100067374406,11,4,19,13,0.3157894736842105,0.36363636363636365,0.3380281690140845,45.0,180.0,6.226053639846743,2088,"Sampled-label overlap, no point adjustment; delays among detected events only; no original-FPS seconds.",0.23333333333333334,0.4116101493965271,,4408,1165,True
S11,0,prototype256,0.975,0.05094189569354057,0.007662835249042145,0.025078369905956112,0.6387854196360864,0.30805606155255366,0.30774912693355816,0.47368421052631576,0.0,0.0,0.7724329324699353,2739,504,1162,3,0.005917159763313609,0.002575107296137339,0.003588516746411483,0.8445883441258094,0.15541165587419056,0.6220508166969148,0.42358172571097336,-0.21123783314523806,2772,471,1165,0,0.0,0.0,0.0,0.8547641073080481,0.1452358926919519,0.6288566243194192,0.42738205365402404,-0.20730855978505425,11,0,13,13,0.0,0.0,0.0,,,6.226053639846743,2088,"Sampled-label overlap, no point adjustment; delays among detected events only; no original-FPS seconds.",0.23333333333333334,0.4116101493965271,,4408,1165,True
S11,0,prototype256,0.99,0.06209271773695946,0.0028735632183908046,0.01018808777429467,0.6387854196360864,0.30805606155255366,0.30774912693355816,0.47368421052631576,0.0,0.0,0.7724329324699353,2836,407,1165,0,0.0,0.0,0.0,0.8744989207523898,0.12550107924761023,0.6433756805807622,0.4372494603761949,-0.19116237487401805,2849,394,1165,0,0.0,0.0,0.0,0.8785075547332717,0.12149244526672834,0.6463248638838476,0.43925377736663584,-0.18777981859874934,11,0,9,9,0.0,0.0,0.0,,,4.310344827586206,2088,"Sampled-label overlap, no point adjustment; delays among detected events only; no original-FPS seconds.",0.23333333333333334,0.4116101493965271,,4408,1165,True
S11,0,prototype256,0.995,0.07414568960666656,0.0009578544061302681,0.005094043887147335,0.6387854196360864,0.30805606155255366,0.30774912693355816,0.47368421052631576,0.0,0.0,0.7724329324699353,2946,297,1165,0,0.0,0.0,0.0,0.9084181313598519,0.09158186864014801,0.6683303085299456,0.45420906567992597,-0.1610994191707624,2967,276,1165,0,0.0,0.0,0.0,0.9148936170212766,0.0851063829787234,0.6730943738656987,0.4574468085106383,-0.154904442463165,11,0,10,10,0.0,0.0,0.0,,,4.7892720306513406,2088,"Sampled-label overlap, no point adjustment; delays among detected events only; no original-FPS seconds.",0.23333333333333334,0.4116101493965271,,4408,1165,True
S11,0,prototype256,0.999,0.08488127589225769,0.0,0.0011755485893416929,0.6387854196360864,0.30805606155255366,0.30774912693355816,0.47368421052631576,0.0,0.0,0.7724329324699353,3010,233,1165,0,0.0,0.0,0.0,0.9281529448041936,0.07184705519580635,0.6828493647912885,0.4640764724020968,-0.1415921606334255,3022,221,1165,0,0.0,0.0,0.0,0.9318532223250077,0.06814677767499229,0.6855716878402904,0.46592661116250383,-0.13770006483510655,11,0,8,8,0.0,0.0,0.0,,,3.8314176245210727,2088,"Sampled-label overlap, no point adjustment; delays among detected events only; no original-FPS seconds.",0.23333333333333334,0.4116101493965271,,4408,1165,True
S11,0,prototype_motion,0.95,1.5097650289535522,0.026340996168582376,0.050156739811912224,0.5302291234074314,0.2515865089709711,0.2513210083254712,0.47368421052631576,0.0,0.0,0.9222941720629048,2597,646,1133,32,0.0471976401179941,0.027467811158798282,0.03472599023331524,0.8008017267961763,0.19919827320382363,0.596415607985481,0.4141347689774873,-0.20990100239281342,2693,550,1156,9,0.016100178890876567,0.007725321888412017,0.010440835266821345,0.8304039469626888,0.16959605303731112,0.6129764065335753,0.4190646344255504,-0.21449881926466363,11,3,19,16,0.15789473684210525,0.2727272727272727,0.19999999999999998,47.0,188.0,7.662835249042145,2088,"Sampled-label overlap, no point adjustment; delays among detected events only; no original-FPS seconds.",0.022222222222222223,0.35560573714211485,,4408,1165,True
S11,0,prototype_motion,0.975,1.9094734191894531,0.011973180076628353,0.025078369905956112,0.5302291234074314,0.2515865089709711,0.2513210083254712,0.47368421052631576,0.0,0.0,0.9222941720629048,2725,518,1162,3,0.005758157389635317,0.002575107296137339,0.0035587188612099647,0.8402713536848597,0.1597286463151403,0.6188747731397459,0.4214232304904985,-0.21465176833188723,2785,458,1165,0,0.0,0.0,0.0,0.85877274128893,0.14122725871107,0.6318058076225045,0.429386370644465,-0.20409091818518044,11,0,13,13,0.0,0.0,0.0,,,6.226053639846743,2088,"Sampled-label overlap, no point adjustment; delays among detected events only; no original-FPS seconds.",0.022222222222222223,0.35560573714211485,,4408,1165,True
S11,0,prototype_motion,0.99,2.5292344093322754,0.004789272030651341,0.01018808777429467,0.5302291234074314,0.2515865089709711,0.2513210083254712,0.47368421052631576,0.0,0.0,0.9222941720629048,2873,370,1165,0,0.0,0.0,0.0,0.8859081097748998,0.11409189022510022,0.6517695099818511,0.4429540548874499,-0.1814292031301746,2922,321,1165,0,0.0,0.0,0.0,0.9010175763182239,0.09898242368177614,0.6628856624319419,0.45050878815911194,-0.1679730800239735,11,0,11,11,0.0,0.0,0.0,,,5.268199233716476,2088,"Sampled-label overlap, no point adjustment; delays among detected events only; no original-FPS seconds.",0.022222222222222223,0.35560573714211485,,4408,1165,True
S11,0,prototype_motion,0.995,3.156585693359375,0.0014367816091954023,0.005094043887147335,0.5302291234074314,0.2515865089709711,0.2513210083254712,0.47368421052631576,0.0,0.0,0.9222941720629048,2981,262,1165,0,0.0,0.0,0.0,0.9192106074622264,0.08078939253777366,0.6762704174228675,0.4596053037311132,-0.150669547899955,3023,220,1165,0,0.0,0.0,0.0,0.9321615787850756,0.06783842121492445,0.6857985480943739,0.4660807893925378,-0.13737176942934018,11,0,9,9,0.0,0.0,0.0,,,4.310344827586206,2088,"Sampled-label overlap, no point adjustment; delays among detected events only; no original-FPS seconds.",0.022222222222222223,0.35560573714211485,,4408,1165,True
S11,0,prototype_motion,0.999,3.6430068016052246,0.0,0.0011755485893416929,0.5302291234074314,0.2515865089709711,0.2513210083254712,0.47368421052631576,0.0,0.0,0.9222941720629048,3050,193,1165,0,0.0,0.0,0.0,0.9404872032069072,0.05951279679309281,0.691923774954628,0.4702436016034536,-0.12825353769832618,3082,161,1165,0,0.0,0.0,0.0,0.950354609929078,0.04964539007092199,0.6991833030852994,0.475177304964539,-0.11669743109617477,11,0,6,6,0.0,0.0,0.0,,,2.8735632183908044,2088,"Sampled-label overlap, no point adjustment; delays among detected events only; no original-FPS seconds.",0.022222222222222223,0.35560573714211485,,4408,1165,True
S11,0,prototype_motion_ema,0.95,1.3992216188243853,0.025383141762452106,0.050156739811912224,0.5267252411598967,0.25107295699213117,0.2508387803936135,0.47368421052631576,0.0,0.0,0.9876657415972865,2603,640,1138,27,0.04047976011994003,0.02317596566523605,0.02947598253275109,0.8026518655565834,0.1973481344434166,0.5966424682395645,0.41291391561090973,-0.21431789035748194,2648,595,1146,19,0.030944625407166124,0.01630901287553648,0.021360314783586288,0.8165279062596361,0.18347209374036386,0.6050362976406534,0.4164184595675863,-0.21288445737222053,11,4,18,13,0.2777777777777778,0.36363636363636365,0.3149606299212599,47.5,190.0,6.226053639846743,2088,"Sampled-label overlap, no point adjustment; delays among detected events only; no original-FPS seconds.",0.1444444444444445,0.3845209885573663,,4408,1165,True
S11,0,prototype_motion_ema,0.975,1.6946302494360728,0.012452107279693486,0.025078369905956112,0.5267252411598967,0.25107295699213117,0.2508387803936135,0.47368421052631576,0.0,0.0,0.9876657415972865,2689,554,1161,4,0.007168458781362007,0.0034334763948497852,0.0046430644225188625,0.8291705211224175,0.17082947887758249,0.610934664246824,0.41630199875863366,-0.22199032926648773,2712,531,1163,2,0.00375234521575985,0.0017167381974248926,0.0023557126030624258,0.8362627197039778,0.1637372802960222,0.6156987295825771,0.41898972895070136,-0.2191326344933144,11,1,16,15,0.0625,0.09090909090909091,0.07407407407407407,48.0,192.0,7.183908045977011,2088,"Sampled-label overlap, no point adjustment; delays among detected events only; no original-FPS seconds.",0.1444444444444445,0.3845209885573663,,4408,1165,True
S11,0,prototype_motion_ema,0.99,2.4909881093000603,0.0014367816091954023,0.01018808777429467,0.5267252411598967,0.25107295699213117,0.2508387803936135,0.47368421052631576,0.0,0.0,0.9876657415972865,2882,361,1165,0,0.0,0.0,0.0,0.8886833179155104,0.11131668208448967,0.6538112522686026,0.4443416589577552,-0.17900966800026813,2899,344,1165,0,0.0,0.0,0.0,0.8939253777366636,0.10607462226333642,0.6576678765880217,0.4469626888683318,-0.1743780673373342,11,0,9,9,0.0,0.0,0.0,,,4.310344827586206,2088,"Sampled-label overlap, no point adjustment; delays among detected events only; no original-FPS seconds.",0.1444444444444445,0.3845209885573663,,4408,1165,True
S11,0,prototype_motion_ema,0.995,2.8743873262274886,0.0009578544061302681,0.005094043887147335,0.5267252411598967,0.25107295699213117,0.2508387803936135,0.47368421052631576,0.0,0.0,0.9876657415972865,2960,283,1165,0,0.0,0.0,0.0,0.9127351218008017,0.08726487819919827,0.6715063520871143,0.45636756090040087,-0.15698954460616912,2981,262,1165,0,0.0,0.0,0.0,0.9192106074622264,0.08078939253777366,0.6762704174228675,0.4596053037311132,-0.150669547899955,11,0,10,10,0.0,0.0,0.0,,,4.7892720306513406,2088,"Sampled-label overlap, no point adjustment; delays among detected events only; no original-FPS seconds.",0.1444444444444445,0.3845209885573663,,4408,1165,True
S11,0,prototype_motion_ema,0.999,3.3781057593845722,0.0,0.0011755485893416929,0.5267252411598967,0.25107295699213117,0.2508387803936135,0.47368421052631576,0.0,0.0,0.9876657415972865,3027,216,1165,0,0.0,0.0,0.0,0.9333950046253469,0.0666049953746531,0.6867059891107078,0.46669750231267343,-0.13605224952926362,3040,203,1165,0,0.0,0.0,0.0,0.9374036386062288,0.0625963613937712,0.6896551724137931,0.4687018193031144,-0.1316905183886467,11,0,7,7,0.0,0.0,0.0,,,3.352490421455939,2088,"Sampled-label overlap, no point adjustment; delays among detected events only; no original-FPS seconds.",0.1444444444444445,0.3845209885573663,,4408,1165,True
S11,0,prototype_fewshot3,0.95,0.18051253259181976,0.13505747126436782,0.050156739811912224,0.39617214495665143,0.21107570817923377,0.2108711690536696,0.47368421052631576,0.0,0.0,0.7533148319457292,2581,662,1165,0,0.0,0.0,0.0,0.795868023435091,0.20413197656490903,0.5855263157894737,0.3979340117175455,-0.25196173866634386,2643,600,1165,0,0.0,0.0,0.0,0.8149861239592969,0.18501387604070305,0.5995916515426497,0.40749306197964846,-0.23791216203766397,11,0,35,35,0.0,0.0,0.0,,,16.762452107279692,2088,"Sampled-label overlap, no point adjustment; delays among detected events only; no original-FPS seconds.",0.0,0.35310573714211485,,4408,1165,True
S11,0,prototype_fewshot3,0.975,0.19811813533306122,0.07662835249042145,0.025078369905956112,0.39617214495665143,0.21107570817923377,0.2108711690536696,0.47368421052631576,0.0,0.0,0.7533148319457292,2829,414,1165,0,0.0,0.0,0.0,0.8723404255319149,0.1276595744680851,0.6417876588021778,0.43617021276595747,-0.1929681479493813,2881,362,1165,0,0.0,0.0,0.0,0.8883749614554425,0.1116250385445575,0.653584392014519,0.44418748072772124,-0.17927958342274145,11,0,23,23,0.0,0.0,0.0,,,11.015325670498084,2088,"Sampled-label overlap, no point adjustment; delays among detected events only; no original-FPS seconds.",0.0,0.35310573714211485,,4408,1165,True
S11,0,prototype_fewshot3,0.99,0.21751439571380615,0.029693486590038315,0.01018808777429467,0.39617214495665143,0.21107570817923377,0.2108711690536696,0.47368421052631576,0.0,0.0,0.7533148319457292,3075,168,1165,0,0.0,0.0,0.0,0.9481961147086031,0.05180388529139685,0.6975952813067151,0.47409805735430155,-0.11930570211712326,3129,114,1165,0,0.0,0.0,0.0,0.9648473635522664,0.03515263644773358,0.7098457350272233,0.4824236817761332,-0.09765868991675795,11,0,16,16,0.0,0.0,0.0,,,7.662835249042145,2088,"Sampled-label overlap, no point adjustment; delays among detected events only; no original-FPS seconds.",0.0,0.35310573714211485,,4408,1165,True
S11,0,prototype_fewshot3,0.995,0.2239503115415573,0.015804597701149427,0.005094043887147335,0.39617214495665143,0.21107570817923377,0.2108711690536696,0.47368421052631576,0.0,0.0,0.7533148319457292,3127,116,1165,0,0.0,0.0,0.0,0.9642306506321308,0.035769349367869255,0.7093920145190563,0.4821153253160654,-0.09853457014138137,3174,69,1165,0,0.0,0.0,0.0,0.9787234042553191,0.02127659574468085,0.72005444646098,0.48936170212765956,-0.07558214425818101,11,0,13,13,0.0,0.0,0.0,,,6.226053639846743,2088,"Sampled-label overlap, no point adjustment; delays among detected events only; no original-FPS seconds.",0.0,0.35310573714211485,,4408,1165,True
S11,0,prototype_fewshot3,0.999,0.2372039258480072,0.007183908045977011,0.0011755485893416929,0.39617214495665143,0.21107570817923377,0.2108711690536696,0.47368421052631576,0.0,0.0,0.7533148319457292,3191,52,1165,0,0.0,0.0,0.0,0.9839654640764725,0.016034535923527597,0.7239110707803993,0.4919827320382362,-0.06548581315267908,3214,29,1165,0,0.0,0.0,0.0,0.9910576626580326,0.008942337341967314,0.7291288566243194,0.4955288313290163,-0.04877541965760054,11,0,6,6,0.0,0.0,0.0,,,2.8735632183908044,2088,"Sampled-label overlap, no point adjustment; delays among detected events only; no original-FPS seconds.",0.0,0.35310573714211485,,4408,1165,True
S11,0,prototype_neural,0.95,1.7922723293304443,0.02681992337164751,0.050156739811912224,0.6834031436477908,0.3320615614191995,0.3317650770654528,0.47368421052631576,0.0,0.0,0.6271970397779834,2604,639,1009,156,0.19622641509433963,0.13390557939914163,0.15918367346938775,0.8029602220166513,0.19703977798334876,0.6261343012704175,0.46843290070789645,-0.072407501824025,2638,605,1038,127,0.17349726775956284,0.10901287553648069,0.13389562467053243,0.8134443416589577,0.18655565834104224,0.6272686025408348,0.4612286085977192,-0.09188286484886586,11,6,22,10,0.5454545454545454,0.5454545454545454,0.5454545454545454,44.0,176.0,4.7892720306513406,2088,"Sampled-label overlap, no point adjustment; delays among detected events only; no original-FPS seconds.",0.2888888888888889,0.4276465639623534,,4408,1165,True
S11,0,prototype_neural,0.975,2.4668943881988525,0.012452107279693486,0.025078369905956112,0.6834031436477908,0.3320615614191995,0.3317650770654528,0.47368421052631576,0.0,0.0,0.6271970397779834,2715,528,1151,14,0.025830258302583026,0.01201716738197425,0.016403046280023436,0.8371877890841813,0.16281221091581868,0.6191016333938294,0.4246024782330778,-0.20248503706320056,2746,497,1160,5,0.0099601593625498,0.004291845493562232,0.005998800239952009,0.8467468393462843,0.1532531606537157,0.6240925589836661,0.42551934241992323,-0.20677210877835303,11,1,11,10,0.09090909090909091,0.09090909090909091,0.09090909090909091,47.0,188.0,4.7892720306513406,2088,"Sampled-label overlap, no point adjustment; delays among detected events only; no original-FPS seconds.",0.2888888888888889,0.4276465639623534,,4408,1165,True
S11,0,prototype_neural,0.99,3.4724717140197754,0.003352490421455939,0.01018808777429467,0.6834031436477908,0.3320615614191995,0.3317650770654528,0.47368421052631576,0.0,0.0,0.6271970397779834,2849,394,1165,0,0.0,0.0,0.0,0.8785075547332717,0.12149244526672834,0.6463248638838476,0.43925377736663584,-0.18777981859874934,2872,371,1165,0,0.0,0.0,0.0,0.885599753314832,0.11440024668516806,0.6515426497277677,0.442799876657416,-0.18169671204169502,11,0,10,10,0.0,0.0,0.0,,,4.7892720306513406,2088,"Sampled-label overlap, no point adjustment; delays among detected events only; no original-FPS seconds.",0.2888888888888889,0.4276465639623534,,4408,1165,True
S11,0,prototype_neural,0.995,3.9539425373077393,0.0028735632183908046,0.005094043887147335,0.6834031436477908,0.3320615614191995,0.3317650770654528,0.47368421052631576,0.0,0.0,0.6271970397779834,2909,334,1165,0,0.0,0.0,0.0,0.897008942337342,0.10299105766265804,0.6599364791288567,0.448504471168671,-0.17161380060451867,2930,313,1165,0,0.0,0.0,0.0,0.9034844279987666,0.09651557200123342,0.6647005444646098,0.4517422139993833,-0.1657046531735877,11,0,12,12,0.0,0.0,0.0,,,5.747126436781609,2088,"Sampled-label overlap, no point adjustment; delays among detected events only; no original-FPS seconds.",0.2888888888888889,0.4276465639623534,,4408,1165,True
S11,0,prototype_neural,0.999,4.49434757232666,0.0014367816091954023,0.0011755485893416929,0.6834031436477908,0.3320615614191995,0.3317650770654528,0.47368421052631576,0.0,0.0,0.6271970397779834,2970,273,1165,0,0.0,0.0,0.0,0.9158186864014801,0.0841813135985199,0.6737749546279492,0.45790934320074006,-0.15400437370497028,2994,249,1165,0,0.0,0.0,0.0,0.9232192414431082,0.07678075855689177,0.6792196007259528,0.4616096207215541,-0.14665426636951479,11,0,11,11,0.0,0.0,0.0,,,5.268199233716476,2088,"Sampled-label overlap, no point adjustment; delays among detected events only; no original-FPS seconds.",0.2888888888888889,0.4276465639623534,,4408,1165,True
S11,0,prototype_neural_ema,0.95,1.6624034549364737,0.028735632183908046,0.050156739811912224,0.6856939806966209,0.3351398901819767,0.3348589777594675,0.47368421052631576,0.0,0.0,0.6432315757015109,2590,653,977,188,0.2235434007134364,0.16137339055793992,0.18743768693918245,0.7986432315757015,0.20135676842429848,0.6302177858439202,0.48000831106682074,-0.0448710637863716,2609,634,995,170,0.21144278606965175,0.1459227467811159,0.17267648552564752,0.8045020043169905,0.19549799568300955,0.6304446460980037,0.47521237554905316,-0.05660840584287529,11,6,24,8,0.6666666666666666,0.5454545454545454,0.6,30.5,122.0,3.8314176245210727,2088,"Sampled-label overlap, no point adjustment; delays among detected events only; no original-FPS seconds.",0.33333333333333337,0.4453485841643736,,4408,1165,True
S11,0,prototype_neural_ema,0.975,2.3423574791258654,0.013888888888888888,0.025078369905956112,0.6856939806966209,0.3351398901819767,0.3348589777594675,0.47368421052631576,0.0,0.0,0.6432315757015109,2713,530,1147,18,0.032846715328467155,0.015450643776824034,0.021015761821366025,0.8365710761640457,0.16342892383595437,0.6195553539019963,0.42601085997043486,-0.19776547680526577,2734,509,1155,10,0.019267822736030827,0.008583690987124463,0.011876484560570071,0.8430465618254702,0.15695343817452975,0.6225045372050817,0.4258151264062973,-0.20299210314480345,11,2,12,10,0.16666666666666666,0.18181818181818182,0.17391304347826086,67.5,270.0,4.7892720306513406,2088,"Sampled-label overlap, no point adjustment; delays among detected events only; no original-FPS seconds.",0.33333333333333337,0.4453485841643736,,4408,1165,True
S11,0,prototype_neural_ema,0.99,3.43491270693193,0.003352490421455939,0.01018808777429467,0.6856939806966209,0.3351398901819767,0.3348589777594675,0.47368421052631576,0.0,0.0,0.6432315757015109,2850,393,1165,0,0.0,0.0,0.0,0.8788159111933395,0.1211840888066605,0.646551724137931,0.43940795559666973,-0.18751801139543503,2864,379,1165,0,0.0,0.0,0.0,0.8831329016342893,0.11686709836571076,0.6497277676950998,0.44156645081714463,-0.18382749097276646,11,0,8,8,0.0,0.0,0.0,,,3.8314176245210727,2088,"Sampled-label overlap, no point adjustment; delays among detected events only; no original-FPS seconds.",0.33333333333333337,0.4453485841643736,,4408,1165,True
S11,0,prototype_neural_ema,0.995,3.9051282366950373,0.0014367816091954023,0.005094043887147335,0.6856939806966209,0.3351398901819767,0.3348589777594675,0.47368421052631576,0.0,0.0,0.6432315757015109,2898,345,1165,0,0.0,0.0,0.0,0.8936170212765957,0.10638297872340426,0.6574410163339383,0.44680851063829785,-0.1746528290206152,2911,332,1165,0,0.0,0.0,0.0,0.8976256552574776,0.10237434474252236,0.6603901996370236,0.4488128276287388,-0.17105723294943598,11,0,10,10,0.0,0.0,0.0,,,4.7892720306513406,2088,"Sampled-label overlap, no point adjustment; delays among detected events only; no original-FPS seconds.",0.33333333333333337,0.4453485841643736,,4408,1165,True
S11,0,prototype_neural_ema,0.999,4.238450144821002,0.0014367816091954023,0.0011755485893416929,0.6856939806966209,0.3351398901819767,0.3348589777594675,0.47368421052631576,0.0,0.0,0.6432315757015109,2948,295,1165,0,0.0,0.0,0.0,0.9090348442799877,0.09096515572001233,0.6687840290381125,0.45451742213999385,-0.1605170396346879,2968,275,1165,0,0.0,0.0,0.0,0.9152019734813445,0.08479802651865556,0.6733212341197822,0.45760098674067223,-0.15460485671971758,11,0,10,10,0.0,0.0,0.0,,,4.7892720306513406,2088,"Sampled-label overlap, no point adjustment; delays among detected events only; no original-FPS seconds.",0.33333333333333337,0.4453485841643736,,4408,1165,True
S11,0,reference_dino_global_pca,0.95,0.0073626404628157616,0.03017241379310345,0.050156739811912224,0.62978749872621,0.30534505232178855,0.30503603410550195,0.47368421052631576,0.0,0.0,0.8307123034227567,2624,619,1048,117,0.15896739130434784,0.10042918454935622,0.12309310889005787,0.809127351218008,0.19087264878199198,0.6218239564428312,0.45477826788368214,-0.10693586388495764,2654,589,1083,82,0.12220566318926974,0.0703862660944206,0.08932461873638343,0.8183780450200432,0.18162195497995684,0.6206896551724138,0.4443821555572319,-0.1365393329320899,11,3,19,8,0.5789473684210527,0.2727272727272727,0.37078651685393255,45.0,180.0,3.8314176245210727,2088,"Sampled-label overlap, no point adjustment; delays among detected events only; no original-FPS seconds.",0.2777777777777778,0.42467037348616293,,4408,1165,True
S11,0,reference_dino_global_pca,0.975,0.010846923105418682,0.014367816091954023,0.025078369905956112,0.62978749872621,0.30534505232178855,0.30503603410550195,0.47368421052631576,0.0,0.0,0.8307123034227567,2752,491,1165,0,0.0,0.0,0.0,0.8485969781066913,0.15140302189330868,0.6243194192377496,0.42429848905334566,-0.2122039426516913,2770,473,1165,0,0.0,0.0,0.0,0.8541473943879124,0.14585260561208757,0.6284029038112523,0.4270736971939562,-0.2078010273623039,11,0,8,8,0.0,0.0,0.0,,,3.8314176245210727,2088,"Sampled-label overlap, no point adjustment; delays among detected events only; no original-FPS seconds.",0.2777777777777778,0.42467037348616293,,4408,1165,True
S11,0,reference_dino_global_pca,0.99,0.014685568399727345,0.003352490421455939,0.01018808777429467,0.62978749872621,0.30534505232178855,0.30503603410550195,0.47368421052631576,0.0,0.0,0.8307123034227567,2879,364,1165,0,0.0,0.0,0.0,0.8877582485353068,0.11224175146469319,0.6531306715063521,0.4438791242676534,-0.17981859777269307,2898,345,1165,0,0.0,0.0,0.0,0.8936170212765957,0.10638297872340426,0.6574410163339383,0.44680851063829785,-0.1746528290206152,11,0,11,11,0.0,0.0,0.0,,,5.268199233716476,2088,"Sampled-label overlap, no point adjustment; delays among detected events only; no original-FPS seconds.",0.2777777777777778,0.42467037348616293,,4408,1165,True
S11,0,reference_dino_global_pca,0.995,0.01567087322473526,0.0028735632183908046,0.005094043887147335,0.62978749872621,0.30534505232178855,0.30503603410550195,0.47368421052631576,0.0,0.0,0.8307123034227567,2900,343,1165,0,0.0,0.0,0.0,0.8942337341967315,0.10576626580326857,0.6578947368421053,0.44711686709836573,-0.1741030075418891,2926,317,1165,0,0.0,0.0,0.0,0.9022510021584952,0.09774899784150477,0.6637931034482759,0.4511255010792476,-0.16684161292908772,11,0,12,12,0.0,0.0,0.0,,,5.747126436781609,2088,"Sampled-label overlap, no point adjustment; delays among detected events only; no original-FPS seconds.",0.2777777777777778,0.42467037348616293,,4408,1165,True
S11,0,reference_dino_global_pca,0.999,0.018092546612024307,0.0023946360153256703,0.0011755485893416929,0.62978749872621,0.30534505232178855,0.30503603410550195,0.47368421052631576,0.0,0.0,0.8307123034227567,2962,281,1165,0,0.0,0.0,0.0,0.9133518347209374,0.08664816527906259,0.6719600725952813,0.4566759173604687,-0.15639591809268016,2980,263,1165,0,0.0,0.0,0.0,0.9189022510021585,0.0810977489978415,0.6760435571687841,0.45945112550107925,-0.15097501976845618,11,0,12,12,0.0,0.0,0.0,,,5.747126436781609,2088,"Sampled-label overlap, no point adjustment; delays among detected events only; no original-FPS seconds.",0.2777777777777778,0.42467037348616293,,4408,1165,True
S11,0,reference_dino_frame_denoising_ae,0.95,0.210373193025589,0.031130268199233715,0.050156739811912224,0.6771931356940467,0.3387713371646562,0.33844107008494373,0.47368421052631576,0.0,0.0,0.759481961147086,2586,657,862,303,0.315625,0.26008583690987125,0.2851764705882353,0.7974098057354302,0.20259019426456984,0.6553992740471869,0.5287478213226507,0.061425984311184664,2615,628,903,262,0.2943820224719101,0.22489270386266094,0.25498783454987833,0.8063521430773974,0.19364785692260253,0.6526769509981851,0.5156224234700292,0.034321947103960325,11,6,34,12,0.6470588235294118,0.5454545454545454,0.5919282511210763,31.0,124.0,5.747126436781609,2088,"Sampled-label overlap, no point adjustment; delays among detected events only; no original-FPS seconds.",0.33333333333333337,0.4453485841643736,,4408,1165,True
S11,0,reference_dino_frame_denoising_ae,0.975,0.3038875460624695,0.015804597701149427,0.025078369905956112,0.6771931356940467,0.3387713371646562,0.33844107008494373,0.47368421052631576,0.0,0.0,0.759481961147086,2737,506,1132,33,0.061224489795918366,0.02832618025751073,0.03873239436619719,0.8439716312056738,0.15602836879432624,0.6284029038112523,0.43614890573159226,-0.17188620763477608,2754,489,1150,15,0.02976190476190476,0.012875536480686695,0.01797483523067705,0.849213691026827,0.150786308973173,0.6281760435571688,0.43104461375375686,-0.19110165818198144,11,5,17,12,0.29411764705882354,0.45454545454545453,0.35714285714285715,85.0,340.0,5.747126436781609,2088,"Sampled-label overlap, no point adjustment; delays among detected events only; no original-FPS seconds.",0.33333333333333337,0.4453485841643736,,4408,1165,True
S11,0,reference_dino_frame_denoising_ae,0.99,0.39159563183784485,0.005747126436781609,0.01018808777429467,0.6771931356940467,0.3387713371646562,0.33844107008494373,0.47368421052631576,0.0,0.0,0.759481961147086,2817,426,1162,3,0.006993006993006993,0.002575107296137339,0.0037641154328732747,0.8686401480111008,0.13135985198889916,0.6397459165154264,0.43560762765361905,-0.19159547269271585,2829,414,1165,0,0.0,0.0,0.0,0.8723404255319149,0.1276595744680851,0.6417876588021778,0.43617021276595747,-0.1929681479493813,11,0,9,9,0.0,0.0,0.0,,,4.310344827586206,2088,"Sampled-label overlap, no point adjustment; delays among detected events only; no original-FPS seconds.",0.33333333333333337,0.4453485841643736,,4408,1165,True
S11,0,reference_dino_frame_denoising_ae,0.995,0.44488951563835144,0.003352490421455939,0.005094043887147335,0.6771931356940467,0.3387713371646562,0.33844107008494373,0.47368421052631576,0.0,0.0,0.759481961147086,2890,353,1165,0,0.0,0.0,0.0,0.8911501695960531,0.10884983040394697,0.6556261343012704,0.44557508479802654,-0.1768403687227888,2915,328,1165,0,0.0,0.0,0.0,0.898859081097749,0.101140918902251,0.6612976406533575,0.4494295405488745,-0.1699402796782971,11,0,12,12,0.0,0.0,0.0,,,5.747126436781609,2088,"Sampled-label overlap, no point adjustment; delays among detected events only; no original-FPS seconds.",0.33333333333333337,0.4453485841643736,,4408,1165,True
S11,0,reference_dino_frame_denoising_ae,0.999,0.508485734462738,0.0023946360153256703,0.0011755485893416929,0.6771931356940467,0.3387713371646562,0.33844107008494373,0.47368421052631576,0.0,0.0,0.759481961147086,2939,304,1165,0,0.0,0.0,0.0,0.9062596361393771,0.09374036386062289,0.6667422867513612,0.45312981806968855,-0.1631257810491378,2955,288,1165,0,0.0,0.0,0.0,0.9111933395004626,0.08880666049953746,0.6703720508166969,0.4555966697502313,-0.15846637532067212,11,0,11,11,0.0,0.0,0.0,,,5.268199233716476,2088,"Sampled-label overlap, no point adjustment; delays among detected events only; no original-FPS seconds.",0.33333333333333337,0.4453485841643736,,4408,1165,True
S11,0,reference_dino_full_ema,0.95,1.6022024333599005,0.03065134099616858,0.050156739811912224,0.7076010529115863,0.3501801487164464,0.3498883312449644,0.47368421052631576,0.0,0.0,0.6123959296947271,2570,673,817,348,0.34084231145935356,0.29871244635193134,0.3183897529734675,0.7924761023743447,0.20752389762565526,0.661978221415608,0.545594274363138,0.09531390690346224,2589,654,841,324,0.3312883435582822,0.27811158798283264,0.30237984134391044,0.7983348751156337,0.20166512488436633,0.6608439201451906,0.5382232315492332,0.08112922859601751,11,6,25,8,0.68,0.5454545454545454,0.6053412462908011,29.5,118.0,3.8314176245210727,2088,"Sampled-label overlap, no point adjustment; delays among detected events only; no original-FPS seconds.",0.34444444444444444,0.44983576365155314,,4408,1165,True
S11,0,reference_dino_full_ema,0.975,2.352813934681334,0.018199233716475097,0.025078369905956112,0.7076010529115863,0.3501801487164464,0.3498883312449644,0.47368421052631576,0.0,0.0,0.6123959296947271,2709,534,1074,91,0.1456,0.07811158798283262,0.10167597765363127,0.8353376503237743,0.16466234967622573,0.6352087114337568,0.4567246191533034,-0.10940801834907445,2723,520,1083,82,0.1362126245847176,0.0703862660944206,0.09281267685342387,0.8396546407647241,0.16034535923527599,0.6363430127041743,0.4550204534295723,-0.11551778905775467,11,5,19,10,0.47368421052631576,0.45454545454545453,0.4639175257731959,47.0,188.0,4.7892720306513406,2088,"Sampled-label overlap, no point adjustment; delays among detected events only; no original-FPS seconds.",0.34444444444444444,0.44983576365155314,,4408,1165,True
S11,0,reference_dino_full_ema,0.99,3.523336353022197,0.004789272030651341,0.01018808777429467,0.7076010529115863,0.3501801487164464,0.3498883312449644,0.47368421052631576,0.0,0.0,0.6123959296947271,2839,404,1165,0,0.0,0.0,0.0,0.8754239901325933,0.12457600986740672,0.6440562613430127,0.43771199506629666,-0.19038517893345763,2853,390,1165,0,0.0,0.0,0.0,0.879740980573543,0.12025901942645699,0.6472323049001815,0.4398704902867715,-0.18673117312964355,11,0,9,9,0.0,0.0,0.0,,,4.310344827586206,2088,"Sampled-label overlap, no point adjustment; delays among detected events only; no original-FPS seconds.",0.34444444444444444,0.44983576365155314,,4408,1165,True
S11,0,reference_dino_full_ema,0.995,3.9932744163936924,0.0038314176245210726,0.005094043887147335,0.7076010529115863,0.3501801487164464,0.3498883312449644,0.47368421052631576,0.0,0.0,0.6123959296947271,2899,344,1165,0,0.0,0.0,0.0,0.8939253777366636,0.10607462226333642,0.6576678765880217,0.4469626888683318,-0.1743780673373342,2911,332,1165,0,0.0,0.0,0.0,0.8976256552574776,0.10237434474252236,0.6603901996370236,0.4488128276287388,-0.17105723294943598,11,0,9,9,0.0,0.0,0.0,,,4.310344827586206,2088,"Sampled-label overlap, no point adjustment; delays among detected events only; no original-FPS seconds.",0.34444444444444444,0.44983576365155314,,4408,1165,True
S11,0,reference_dino_full_ema,0.999,4.5507615057207245,0.0014367816091954023,0.0011755485893416929,0.7076010529115863,0.3501801487164464,0.3498883312449644,0.47368421052631576,0.0,0.0,0.6123959296947271,2948,295,1165,0,0.0,0.0,0.0,0.9090348442799877,0.09096515572001233,0.6687840290381125,0.45451742213999385,-0.1605170396346879,2963,280,1165,0,0.0,0.0,0.0,0.9136601911810053,0.08633980881899475,0.6721869328493648,0.45683009559050264,-0.15609847480288538,11,0,11,11,0.0,0.0,0.0,,,5.268199233716476,2088,"Sampled-label overlap, no point adjustment; delays among detected events only; no original-FPS seconds.",0.34444444444444444,0.44983576365155314,,4408,1165,True
S12,0,prototype64,0.95,0.03783903270959854,0.026004728132387706,0.05029013539651837,0.409266166130146,0.18630551489123087,0.18602016387829975,0.4737609903989329,0.0,0.0,0.9447876447876448,2290,300,793,1,0.0033222591362126247,0.0012594458438287153,0.00182648401826484,0.8841698841698842,0.11583011583011583,0.6770094562647754,0.44271466500685647,-0.1705546544600178,2312,278,794,0,0.0,0.0,0.0,0.8926640926640926,0.10733590733590734,0.6832151300236406,0.4463320463320463,-0.16564641512498054,12,0,9,9,0.0,0.0,0.0,,,5.319148936170213,1692,"Sampled-label overlap, no point adjustment; delays among detected events only; no original-FPS seconds.",0.012345679012345684,0.33509474367317504,,3384,794,True
S12,0,prototype64,0.975,0.048576656728982925,0.016548463356973995,0.025145067698259187,0.409266166130146,0.18630551489123087,0.18602016387829975,0.4737609903989329,0.0,0.0,0.9447876447876448,2377,213,794,0,0.0,0.0,0.0,0.9177606177606178,0.08223938223938224,0.7024231678486997,0.4588803088803089,-0.14350004916953382,2389,201,794,0,0.0,0.0,0.0,0.9223938223938224,0.0776061776061776,0.7059692671394799,0.4611969111969112,-0.13913618095882913,12,0,5,5,0.0,0.0,0.0,,,2.955082742316785,1692,"Sampled-label overlap, no point adjustment; delays among detected events only; no original-FPS seconds.",0.012345679012345684,0.33509474367317504,,3384,794,True
S12,0,prototype64,0.99,0.061265360563993454,0.0065011820330969266,0.010154738878143133,0.409266166130146,0.18630551489123087,0.18602016387829975,0.4737609903989329,0.0,0.0,0.9447876447876448,2424,166,794,0,0.0,0.0,0.0,0.9359073359073359,0.06409266409266409,0.7163120567375887,0.46795366795366794,-0.12575387991026182,2433,157,794,0,0.0,0.0,0.0,0.9393822393822394,0.06061776061776062,0.7189716312056738,0.4696911196911197,-0.12212672546064214,12,0,8,8,0.0,0.0,0.0,,,4.7281323877068555,1692,"Sampled-label overlap, no point adjustment; delays among detected events only; no original-FPS seconds.",0.012345679012345684,0.33509474367317504,,3384,794,True
S12,0,prototype64,0.995,0.06664574146270752,0.002364066193853428,0.005319148936170213,0.409266166130146,0.18630551489123087,0.18602016387829975,0.4737609903989329,0.0,0.0,0.9447876447876448,2443,147,794,0,0.0,0.0,0.0,0.9432432432432433,0.05675675675675676,0.7219267139479906,0.47162162162162163,-0.11799067532634999,2460,130,794,0,0.0,0.0,0.0,0.9498069498069498,0.05019305019305019,0.7269503546099291,0.4749034749034749,-0.11066830823611258,12,0,7,7,0.0,0.0,0.0,,,4.137115839243498,1692,"Sampled-label overlap, no point adjustment; delays among detected events only; no original-FPS seconds.",0.012345679012345684,0.33509474367317504,,3384,794,True
S12,0,prototype64,0.999,0.07109618186950684,0.0017730496453900709,0.0014506769825918763,0.409266166130146,0.18630551489123087,0.18602016387829975,0.4737609903989329,0.0,0.0,0.9447876447876448,2456,134,794,0,0.0,0.0,0.0,0.9482625482625483,0.051737451737451735,0.7257683215130024,0.47413127413127415,-0.11242712057087222,2473,117,794,0,0.0,0.0,0.0,0.9548262548262548,0.04517374517374517,0.7307919621749409,0.4774131274131274,-0.10478008171556305,12,0,9,9,0.0,0.0,0.0,,,5.319148936170213,1692,"Sampled-label overlap, no point adjustment; delays among detected events only; no original-FPS seconds.",0.012345679012345684,0.33509474367317504,,3384,794,True
S12,0,prototype256,0.95,0.02871738187968731,0.02127659574468085,0.05029013539651837,0.531695243282145,0.22757535936518292,0.22723570210372623,0.47383265161337546,0.0,0.0,0.8166023166023166,2219,371,789,5,0.013297872340425532,0.006297229219143577,0.008547008547008546,0.8567567567567568,0.14324324324324325,0.6572104018912529,0.43152699298795016,-0.184661641144346,2250,340,790,4,0.011627906976744186,0.005037783375314861,0.0070298769771529,0.8687258687258688,0.13127413127413126,0.6660756501182034,0.43688182605059184,-0.1770225293499806,12,1,14,13,0.07142857142857142,0.08333333333333333,0.07692307692307691,5.0,20.0,7.68321513002364,1692,"Sampled-label overlap, no point adjustment; delays among detected events only; no original-FPS seconds.",0.19753086419753085,0.38189516547359686,,3384,794,True
S12,0,prototype256,0.975,0.04138774424791336,0.014184397163120567,0.025145067698259187,0.531695243282145,0.22757535936518292,0.22723570210372623,0.47383265161337546,0.0,0.0,0.8166023166023166,2352,238,793,1,0.0041841004184100415,0.0012594458438287153,0.0019361084220716356,0.9081081081081082,0.0918918918918919,0.6953309692671394,0.45468377697596846,-0.14991136516188638,2365,225,794,0,0.0,0.0,0.0,0.9131274131274131,0.08687258687258688,0.6988770685579196,0.45656370656370654,-0.14776678190656328,12,0,7,7,0.0,0.0,0.0,,,4.137115839243498,1692,"Sampled-label overlap, no point adjustment; delays among detected events only; no original-FPS seconds.",0.19753086419753085,0.38189516547359686,,3384,794,True
S12,0,prototype256,0.99,0.058677662163972855,0.004728132387706856,0.010154738878143133,0.531695243282145,0.22757535936518292,0.22723570210372623,0.47383265161337546,0.0,0.0,0.8166023166023166,2434,156,794,0,0.0,0.0,0.0,0.9397683397683397,0.06023166023166023,0.7192671394799054,0.46988416988416987,-0.1217183076363594,2443,147,794,0,0.0,0.0,0.0,0.9432432432432433,0.05675675675675676,0.7219267139479906,0.47162162162162163,-0.11799067532634999,12,0,6,6,0.0,0.0,0.0,,,3.5460992907801416,1692,"Sampled-label overlap, no point adjustment; delays among detected events only; no original-FPS seconds.",0.19753086419753085,0.38189516547359686,,3384,794,True
S12,0,prototype256,0.995,0.06556537747383118,0.0017730496453900709,0.005319148936170213,0.531695243282145,0.22757535936518292,0.22723570210372623,0.47383265161337546,0.0,0.0,0.8166023166023166,2456,134,794,0,0.0,0.0,0.0,0.9482625482625483,0.051737451737451735,0.7257683215130024,0.47413127413127415,-0.11242712057087222,2479,111,794,0,0.0,0.0,0.0,0.9571428571428572,0.04285714285714286,0.732565011820331,0.4785714285714286,-0.10196446759320009,12,0,6,6,0.0,0.0,0.0,,,3.5460992907801416,1692,"Sampled-label overlap, no point adjustment; delays among detected events only; no original-FPS seconds.",0.19753086419753085,0.38189516547359686,,3384,794,True
S12,0,prototype256,0.999,0.07226981967687607,0.000591016548463357,0.0014506769825918763,0.531695243282145,0.22757535936518292,0.22723570210372623,0.47383265161337546,0.0,0.0,0.8166023166023166,2483,107,794,0,0.0,0.0,0.0,0.9586872586872587,0.04131274131274131,0.7337470449172577,0.47934362934362934,-0.1000492960617536,2496,94,794,0,0.0,0.0,0.0,0.9637065637065637,0.036293436293436294,0.7375886524822695,0.48185328185328186,-0.0935893318956671,12,0,4,4,0.0,0.0,0.0,,,2.3640661938534278,1692,"Sampled-label overlap, no point adjustment; delays among detected events only; no original-FPS seconds.",0.19753086419753085,0.38189516547359686,,3384,794,True
S12,0,prototype_motion,0.95,1.9023557901382446,0.027777777777777776,0.05029013539651837,0.40734806414907176,0.18916864232426914,0.1888686035782535,0.47413977110384375,0.0,0.0,0.9972972972972973,2229,361,786,8,0.02168021680216802,0.010075566750629723,0.013757523645743763,0.8606177606177606,0.13938223938223937,0.6610520094562647,0.43534666368419517,-0.1758021687485535,2270,320,788,6,0.018404907975460124,0.007556675062972292,0.010714285714285714,0.8764478764478765,0.12355212355212356,0.6725768321513003,0.4420022757554244,-0.16659944147174358,12,1,14,13,0.07142857142857142,0.08333333333333333,0.07692307692307691,4.0,16.0,7.68321513002364,1692,"Sampled-label overlap, no point adjustment; delays among detected events only; no original-FPS seconds.",0.012345679012345684,0.33509474367317504,,3384,794,True
S12,0,prototype_motion,0.975,2.917938470840454,0.014184397163120567,0.025145067698259187,0.40734806414907176,0.18916864232426914,0.1888686035782535,0.47413977110384375,0.0,0.0,0.9972972972972973,2381,209,793,1,0.004761904761904762,0.0012594458438287153,0.00199203187250996,0.9193050193050193,0.0806949806949807,0.7039007092198581,0.460282232574424,-0.13952815410094363,2401,189,794,0,0.0,0.0,0.0,0.927027027027027,0.07297297297297298,0.70951536643026,0.4635135135135135,-0.13466534250794684,12,0,4,4,0.0,0.0,0.0,,,2.3640661938534278,1692,"Sampled-label overlap, no point adjustment; delays among detected events only; no original-FPS seconds.",0.012345679012345684,0.33509474367317504,,3384,794,True
S12,0,prototype_motion,0.99,4.105449676513672,0.004137115839243499,0.010154738878143133,0.40734806414907176,0.18916864232426914,0.1888686035782535,0.47413977110384375,0.0,0.0,0.9972972972972973,2442,148,794,0,0.0,0.0,0.0,0.9428571428571428,0.05714285714285714,0.7216312056737588,0.4714285714285714,-0.11840961537047721,2458,132,794,0,0.0,0.0,0.0,0.949034749034749,0.050965250965250966,0.7263593380614657,0.4745173745173745,-0.11155064000208022,12,0,7,7,0.0,0.0,0.0,,,4.137115839243498,1692,"Sampled-label overlap, no point adjustment; delays among detected events only; no original-FPS seconds.",0.012345679012345684,0.33509474367317504,,3384,794,True
S12,0,prototype_motion,0.995,4.5338454246521,0.002364066193853428,0.005319148936170213,0.40734806414907176,0.18916864232426914,0.1888686035782535,0.47413977110384375,0.0,0.0,0.9972972972972973,2471,119,794,0,0.0,0.0,0.0,0.9540540540540541,0.04594594594594595,0.7302009456264775,0.47702702702702704,-0.10570420325286717,2500,90,794,0,0.0,0.0,0.0,0.9652509652509652,0.03474903474903475,0.7387706855791962,0.4826254826254826,-0.09152080395399412,12,0,3,3,0.0,0.0,0.0,,,1.7730496453900708,1692,"Sampled-label overlap, no point adjustment; delays among detected events only; no original-FPS seconds.",0.012345679012345684,0.33509474367317504,,3384,794,True
S12,0,prototype_motion,0.999,5.068523406982422,0.0,0.0014506769825918763,0.40734806414907176,0.18916864232426914,0.1888686035782535,0.47413977110384375,0.0,0.0,0.9972972972972973,2491,99,794,0,0.0,0.0,0.0,0.9617760617760618,0.03822393822393822,0.7361111111111112,0.4808880308880309,-0.0961192292166744,2505,85,794,0,0.0,0.0,0.0,0.9671814671814671,0.032818532818532815,0.7402482269503546,0.48359073359073357,-0.0888748077428196,12,0,3,3,0.0,0.0,0.0,,,1.7730496453900708,1692,"Sampled-label overlap, no point adjustment; delays among detected events only; no original-FPS seconds.",0.012345679012345684,0.33509474367317504,,3384,794,True
S12,0,prototype_motion_ema,0.95,1.713376844944131,0.02304964539007092,0.05029013539651837,0.40019013255789077,0.18758429033207313,0.18728541220331882,0.47401180464948195,0.0,0.0,0.9984555984555985,2209,381,786,8,0.02056555269922879,0.010075566750629723,0.013524936601859678,0.8528957528957529,0.1471042471042471,0.6551418439716312,0.4314856598231913,-0.1820532324775753,2247,343,787,7,0.02,0.008816120906801008,0.012237762237762238,0.8675675675675676,0.13243243243243244,0.6660756501182034,0.4381918442371843,-0.17202600502015963,12,1,16,15,0.0625,0.08333333333333333,0.07142857142857144,5.0,20.0,8.865248226950355,1692,"Sampled-label overlap, no point adjustment; delays among detected events only; no original-FPS seconds.",0.03703703703703704,0.33862208053384524,,3384,794,True
S12,0,prototype_motion_ema,0.975,2.7049907172978602,0.013002364066193853,0.025145067698259187,0.40019013255789077,0.18758429033207313,0.18728541220331882,0.47401180464948195,0.0,0.0,0.9984555984555985,2380,210,794,0,0.0,0.0,0.0,0.918918918918919,0.08108108108108109,0.7033096926713948,0.4594594594594595,-0.1424185485368847,2395,195,794,0,0.0,0.0,0.0,0.9247104247104247,0.07528957528957529,0.70774231678487,0.4623552123552124,-0.13691480595257738,12,0,6,6,0.0,0.0,0.0,,,3.5460992907801416,1692,"Sampled-label overlap, no point adjustment; delays among detected events only; no original-FPS seconds.",0.03703703703703704,0.33862208053384524,,3384,794,True
S12,0,prototype_motion_ema,0.99,4.084666473067534,0.0035460992907801418,0.010154738878143133,0.40019013255789077,0.18758429033207313,0.18728541220331882,0.47401180464948195,0.0,0.0,0.9984555984555985,2439,151,794,0,0.0,0.0,0.0,0.9416988416988417,0.0583011583011583,0.7207446808510638,0.47084942084942083,-0.1196591712187767,2450,140,794,0,0.0,0.0,0.0,0.9459459459459459,0.05405405405405406,0.7239952718676123,0.47297297297297297,-0.11502280763339488,12,0,6,6,0.0,0.0,0.0,,,3.5460992907801416,1692,"Sampled-label overlap, no point adjustment; delays among detected events only; no original-FPS seconds.",0.03703703703703704,0.33862208053384524,,3384,794,True
S12,0,prototype_motion_ema,0.995,4.387826656969912,0.0,0.005319148936170213,0.40019013255789077,0.18758429033207313,0.18728541220331882,0.47401180464948195,0.0,0.0,0.9984555984555985,2460,130,794,0,0.0,0.0,0.0,0.9498069498069498,0.05019305019305019,0.7269503546099291,0.4749034749034749,-0.11066830823611258,2477,113,794,0,0.0,0.0,0.0,0.9563706563706563,0.04362934362934363,0.7319739952718676,0.47818532818532816,-0.10291041246388956,12,0,7,7,0.0,0.0,0.0,,,4.137115839243498,1692,"Sampled-label overlap, no point adjustment; delays among detected events only; no original-FPS seconds.",0.03703703703703704,0.33862208053384524,,3384,794,True
S12,0,prototype_motion_ema,0.999,4.8455420998548275,0.0,0.0014506769825918763,0.40019013255789077,0.18758429033207313,0.18728541220331882,0.47401180464948195,0.0,0.0,0.9984555984555985,2492,98,794,0,0.0,0.0,0.0,0.9621621621621622,0.03783783783783784,0.7364066193853428,0.4810810810810811,-0.0956179938271616,2501,89,794,0,0.0,0.0,0.0,0.9656370656370656,0.03436293436293436,0.7390661938534279,0.4828185328185328,-0.09099712327519545,12,0,3,3,0.0,0.0,0.0,,,1.7730496453900708,1692,"Sampled-label overlap, no point adjustment; delays among detected events only; no original-FPS seconds.",0.03703703703703704,0.33862208053384524,,3384,794,True
S12,0,prototype_fewshot3,0.95,0.21261461079120636,0.17966903073286053,0.05029013539651837,0.31422760471878863,0.16844842747381514,0.16824235227915227,0.47368421052631576,0.0,0.0,0.8988416988416988,2010,580,794,0,0.0,0.0,0.0,0.7760617760617761,0.22393822393822393,0.5939716312056738,0.38803088803088803,-0.2518171830006927,2044,546,794,0,0.0,0.0,0.0,0.7891891891891892,0.21081081081081082,0.6040189125295509,0.3945945945945946,-0.24285692678295925,12,0,18,18,0.0,0.0,0.0,,,10.638297872340425,1692,"Sampled-label overlap, no point adjustment; delays among detected events only; no original-FPS seconds.",0.0,0.3338601757719405,,3384,794,True
S12,0,prototype_fewshot3,0.975,0.23479808866977692,0.11997635933806147,0.025145067698259187,0.31422760471878863,0.16844842747381514,0.16824235227915227,0.47368421052631576,0.0,0.0,0.8988416988416988,2218,372,794,0,0.0,0.0,0.0,0.8563706563706563,0.14362934362934363,0.6554373522458629,0.4281853281853282,-0.1945827582666076,2262,328,794,0,0.0,0.0,0.0,0.8733590733590734,0.12664092664092663,0.6684397163120568,0.4366795366795367,-0.18139303865946757,12,0,14,14,0.0,0.0,0.0,,,8.274231678486997,1692,"Sampled-label overlap, no point adjustment; delays among detected events only; no original-FPS seconds.",0.0,0.3338601757719405,,3384,794,True
S12,0,prototype_fewshot3,0.99,0.25695767998695374,0.06205673758865248,0.010154738878143133,0.31422760471878863,0.16844842747381514,0.16824235227915227,0.47368421052631576,0.0,0.0,0.8988416988416988,2395,195,794,0,0.0,0.0,0.0,0.9247104247104247,0.07528957528957529,0.70774231678487,0.4623552123552124,-0.13691480595257738,2436,154,794,0,0.0,0.0,0.0,0.9405405405405406,0.05945945945945946,0.7198581560283688,0.4702702702702703,-0.12089809798432007,12,0,19,19,0.0,0.0,0.0,,,11.229314420803783,1692,"Sampled-label overlap, no point adjustment; delays among detected events only; no original-FPS seconds.",0.0,0.3338601757719405,,3384,794,True
S12,0,prototype_fewshot3,0.995,0.263876348733902,0.044326241134751775,0.005319148936170213,0.31422760471878863,0.16844842747381514,0.16824235227915227,0.47368421052631576,0.0,0.0,0.8988416988416988,2443,147,794,0,0.0,0.0,0.0,0.9432432432432433,0.05675675675675676,0.7219267139479906,0.47162162162162163,-0.11799067532634999,2481,109,794,0,0.0,0.0,0.0,0.9579150579150579,0.04208494208494209,0.7331560283687943,0.47895752895752897,-0.10101083611350477,12,0,17,17,0.0,0.0,0.0,,,10.047281323877069,1692,"Sampled-label overlap, no point adjustment; delays among detected events only; no original-FPS seconds.",0.0,0.3338601757719405,,3384,794,True
S12,0,prototype_fewshot3,0.999,0.2950955331325531,0.010638297872340425,0.0014506769825918763,0.31422760471878863,0.16844842747381514,0.16824235227915227,0.47368421052631576,0.0,0.0,0.8988416988416988,2549,41,794,0,0.0,0.0,0.0,0.9841698841698842,0.01583011583011583,0.7532505910165485,0.4920849420849421,-0.06131745333501275,2567,23,794,0,0.0,0.0,0.0,0.9911196911196911,0.00888030888030888,0.7585697399527187,0.49555984555984556,-0.04580258938722358,12,0,2,2,0.0,0.0,0.0,,,1.1820330969267139,1692,"Sampled-label overlap, no point adjustment; delays among detected events only; no original-FPS seconds.",0.0,0.3338601757719405,,3384,794,True
S12,0,prototype_neural,0.95,2.2202205657958984,0.018912529550827423,0.05029013539651837,0.5743097361485271,0.24639467145021615,0.2460297124927869,0.47381985496793927,0.0,0.0,0.7795366795366795,2236,354,785,9,0.024793388429752067,0.011335012594458438,0.015557476231633534,0.8633204633204633,0.13667953667953667,0.6634160756501182,0.4373277379574609,-0.17164723969959628,2251,339,787,7,0.02023121387283237,0.008816120906801008,0.012280701754385965,0.8691119691119691,0.1308880308880309,0.66725768321513,0.4389640450093851,-0.17074340534885152,12,2,12,10,0.16666666666666666,0.16666666666666666,0.16666666666666666,91.5,366.0,5.91016548463357,1692,"Sampled-label overlap, no point adjustment; delays among detected events only; no original-FPS seconds.",0.19753086419753085,0.38189516547359686,,3384,794,True
S12,0,prototype_neural,0.975,3.443052291870117,0.011229314420803783,0.025145067698259187,0.5743097361485271,0.24639467145021615,0.2460297124927869,0.47381985496793927,0.0,0.0,0.7795366795366795,2374,216,794,0,0.0,0.0,0.0,0.9166023166023166,0.0833976833976834,0.7015366430260047,0.4583011583011583,-0.14457548513517393,2393,197,794,0,0.0,0.0,0.0,0.9239382239382239,0.07606177606177607,0.7071513002364066,0.46196911196911195,-0.13765831538904003,12,0,5,5,0.0,0.0,0.0,,,2.955082742316785,1692,"Sampled-label overlap, no point adjustment; delays among detected events only; no original-FPS seconds.",0.19753086419753085,0.38189516547359686,,3384,794,True
S12,0,prototype_neural,0.99,4.5592803955078125,0.004137115839243499,0.010154738878143133,0.5743097361485271,0.24639467145021615,0.2460297124927869,0.47381985496793927,0.0,0.0,0.7795366795366795,2417,173,794,0,0.0,0.0,0.0,0.9332046332046332,0.0667953667953668,0.7142434988179669,0.4666023166023166,-0.1285177956715458,2428,162,794,0,0.0,0.0,0.0,0.9374517374517375,0.06254826254826255,0.7174940898345153,0.46872586872586874,-0.12415239686955108,12,0,7,7,0.0,0.0,0.0,,,4.137115839243498,1692,"Sampled-label overlap, no point adjustment; delays among detected events only; no original-FPS seconds.",0.19753086419753085,0.38189516547359686,,3384,794,True
S12,0,prototype_neural,0.995,5.309758186340332,0.001182033096926714,0.005319148936170213,0.5743097361485271,0.24639467145021615,0.2460297124927869,0.47381985496793927,0.0,0.0,0.7795366795366795,2433,157,794,0,0.0,0.0,0.0,0.9393822393822394,0.06061776061776062,0.7189716312056738,0.4696911196911197,-0.12212672546064214,2443,147,794,0,0.0,0.0,0.0,0.9432432432432433,0.05675675675675676,0.7219267139479906,0.47162162162162163,-0.11799067532634999,12,0,5,5,0.0,0.0,0.0,,,2.955082742316785,1692,"Sampled-label overlap, no point adjustment; delays among detected events only; no original-FPS seconds.",0.19753086419753085,0.38189516547359686,,3384,794,True
S12,0,prototype_neural,0.999,5.795161724090576,0.0,0.0014506769825918763,0.5743097361485271,0.24639467145021615,0.2460297124927869,0.47381985496793927,0.0,0.0,0.7795366795366795,2458,132,794,0,0.0,0.0,0.0,0.949034749034749,0.050965250965250966,0.7263593380614657,0.4745173745173745,-0.11155064000208022,2471,119,794,0,0.0,0.0,0.0,0.9540540540540541,0.04594594594594595,0.7302009456264775,0.47702702702702704,-0.10570420325286717,12,0,5,5,0.0,0.0,0.0,,,2.955082742316785,1692,"Sampled-label overlap, no point adjustment; delays among detected events only; no original-FPS seconds.",0.19753086419753085,0.38189516547359686,,3384,794,True
S12,0,prototype_neural_ema,0.95,2.1120789693204407,0.018321513002364065,0.05029013539651837,0.5732418816801688,0.24807670394331144,0.2477118996582221,0.47368421052631576,0.0,0.0,0.7945945945945946,2228,362,784,10,0.026881720430107527,0.012594458438287154,0.017152658662092625,0.8602316602316602,0.13976833976833977,0.6613475177304965,0.43641305933497365,-0.17228961703349502,2244,346,786,8,0.022598870056497175,0.010075566750629723,0.013937282229965159,0.8664092664092664,0.1335907335907336,0.66548463356974,0.43824241657994806,-0.17102416445158633,12,2,10,8,0.2,0.16666666666666666,0.1818181818181818,92.5,370.0,4.7281323877068555,1692,"Sampled-label overlap, no point adjustment; delays among detected events only; no original-FPS seconds.",0.19753086419753085,0.38189516547359686,,3384,794,True
S12,0,prototype_neural_ema,0.975,3.202649445333795,0.01182033096926714,0.025145067698259187,0.5732418816801688,0.24807670394331144,0.2477118996582221,0.47368421052631576,0.0,0.0,0.7945945945945946,2366,224,794,0,0.0,0.0,0.0,0.9135135135135135,0.08648648648648649,0.6991725768321513,0.45675675675675675,-0.1474147149601911,2379,211,794,0,0.0,0.0,0.0,0.9185328185328185,0.08146718146718147,0.7030141843971631,0.45926640926640927,-0.1427797314497816,12,0,6,6,0.0,0.0,0.0,,,3.5460992907801416,1692,"Sampled-label overlap, no point adjustment; delays among detected events only; no original-FPS seconds.",0.19753086419753085,0.38189516547359686,,3384,794,True
S12,0,prototype_neural_ema,0.99,4.5352820528349564,0.0017730496453900709,0.010154738878143133,0.5732418816801688,0.24807670394331144,0.2477118996582221,0.47368421052631576,0.0,0.0,0.7945945945945946,2412,178,794,0,0.0,0.0,0.0,0.9312741312741313,0.06872586872586872,0.7127659574468085,0.46563706563706564,-0.13046337562471244,2421,169,794,0,0.0,0.0,0.0,0.9347490347490347,0.06525096525096526,0.7154255319148937,0.46737451737451735,-0.1269443081001481,12,0,5,5,0.0,0.0,0.0,,,2.955082742316785,1692,"Sampled-label overlap, no point adjustment; delays among detected events only; no original-FPS seconds.",0.19753086419753085,0.38189516547359686,,3384,794,True
S12,0,prototype_neural_ema,0.995,5.034929786954493,0.000591016548463357,0.005319148936170213,0.5732418816801688,0.24807670394331144,0.2477118996582221,0.47368421052631576,0.0,0.0,0.7945945945945946,2428,162,794,0,0.0,0.0,0.0,0.9374517374517375,0.06254826254826255,0.7174940898345153,0.46872586872586874,-0.12415239686955108,2439,151,794,0,0.0,0.0,0.0,0.9416988416988417,0.0583011583011583,0.7207446808510638,0.47084942084942083,-0.1196591712187767,12,0,5,5,0.0,0.0,0.0,,,2.955082742316785,1692,"Sampled-label overlap, no point adjustment; delays among detected events only; no original-FPS seconds.",0.19753086419753085,0.38189516547359686,,3384,794,True
S12,0,prototype_neural_ema,0.999,5.425964627152684,0.0,0.0014506769825918763,0.5732418816801688,0.24807670394331144,0.2477118996582221,0.47368421052631576,0.0,0.0,0.7945945945945946,2441,149,794,0,0.0,0.0,0.0,0.9424710424710425,0.05752895752895753,0.7213356973995272,0.47123552123552126,-0.11882733603501532,2451,139,794,0,0.0,0.0,0.0,0.9463320463320464,0.05366795366795367,0.724290780141844,0.4731660231660232,-0.11459361466297775,12,0,6,6,0.0,0.0,0.0,,,3.5460992907801416,1692,"Sampled-label overlap, no point adjustment; delays among detected events only; no original-FPS seconds.",0.19753086419753085,0.38189516547359686,,3384,794,True
S12,0,reference_dino_global_pca,0.95,0.012332950718700886,0.015957446808510637,0.05029013539651837,0.554968489540278,0.24358529385846517,0.24320967322587403,0.47368421052631576,0.0,0.0,0.844015444015444,2306,284,794,0,0.0,0.0,0.0,0.8903474903474904,0.10965250965250965,0.6814420803782506,0.4451737451737452,-0.16758636932031606,2325,265,794,0,0.0,0.0,0.0,0.8976833976833977,0.10231660231660232,0.6870567375886525,0.44884169884169883,-0.16138962733484444,12,0,9,9,0.0,0.0,0.0,,,5.319148936170213,1692,"Sampled-label overlap, no point adjustment; delays among detected events only; no original-FPS seconds.",0.18518518518518517,0.37695689386865855,,3384,794,True
S12,0,reference_dino_global_pca,0.975,0.016253728419542313,0.0065011820330969266,0.025145067698259187,0.554968489540278,0.24358529385846517,0.24320967322587403,0.47368421052631576,0.0,0.0,0.844015444015444,2377,213,794,0,0.0,0.0,0.0,0.9177606177606178,0.08223938223938224,0.7024231678486997,0.4588803088803089,-0.14350004916953382,2386,204,794,0,0.0,0.0,0.0,0.9212355212355212,0.07876447876447877,0.7050827423167849,0.4606177606177606,-0.14023676760074624,12,0,5,5,0.0,0.0,0.0,,,2.955082742316785,1692,"Sampled-label overlap, no point adjustment; delays among detected events only; no original-FPS seconds.",0.18518518518518517,0.37695689386865855,,3384,794,True
S12,0,reference_dino_global_pca,0.99,0.02004777267575264,0.0,0.010154738878143133,0.554968489540278,0.24358529385846517,0.24320967322587403,0.47368421052631576,0.0,0.0,0.844015444015444,2399,191,794,0,0.0,0.0,0.0,0.9262548262548262,0.07374517374517374,0.7089243498817966,0.4631274131274131,-0.13541837359760156,2406,184,794,0,0.0,0.0,0.0,0.9289575289575289,0.07104247104247104,0.7109929078014184,0.46447876447876446,-0.1327682685260794,12,0,3,3,0.0,0.0,0.0,,,1.7730496453900708,1692,"Sampled-label overlap, no point adjustment; delays among detected events only; no original-FPS seconds.",0.18518518518518517,0.37695689386865855,,3384,794,True
S12,0,reference_dino_global_pca,0.995,0.02420593425631523,0.0,0.005319148936170213,0.554968489540278,0.24358529385846517,0.24320967322587403,0.47368421052631576,0.0,0.0,0.844015444015444,2422,168,794,0,0.0,0.0,0.0,0.9351351351351351,0.06486486486486487,0.7157210401891253,0.46756756756756757,-0.12654849657214912,2428,162,794,0,0.0,0.0,0.0,0.9374517374517375,0.06254826254826255,0.7174940898345153,0.46872586872586874,-0.12415239686955108,12,0,6,6,0.0,0.0,0.0,,,3.5460992907801416,1692,"Sampled-label overlap, no point adjustment; delays among detected events only; no original-FPS seconds.",0.18518518518518517,0.37695689386865855,,3384,794,True
S12,0,reference_dino_global_pca,0.999,0.030977431684732437,0.0,0.0014506769825918763,0.554968489540278,0.24358529385846517,0.24320967322587403,0.47368421052631576,0.0,0.0,0.844015444015444,2467,123,794,0,0.0,0.0,0.0,0.9525096525096525,0.04749034749034749,0.7290189125295509,0.47625482625482624,-0.1075319510041715,2481,109,794,0,0.0,0.0,0.0,0.9579150579150579,0.04208494208494209,0.7331560283687943,0.47895752895752897,-0.10101083611350477,12,0,5,5,0.0,0.0,0.0,,,2.955082742316785,1692,"Sampled-label overlap, no point adjustment; delays among detected events only; no original-FPS seconds.",0.18518518518518517,0.37695689386865855,,3384,794,True
S12,0,reference_dino_frame_denoising_ae,0.95,0.23305276036262512,0.014775413711583925,0.05029013539651837,0.6359656886105249,0.2780032225484865,0.27760277544523293,0.47381729563885205,0.0,0.0,0.6737451737451737,2254,336,781,13,0.03724928366762178,0.0163727959697733,0.02274715660542432,0.8702702702702703,0.12972972972972974,0.6699172576832151,0.44332153312002176,-0.15794873864730188,2274,316,784,10,0.03067484662576687,0.012594458438287154,0.017857142857142856,0.877992277992278,0.122007722007722,0.6749408983451537,0.44529336821528254,-0.1571457228511285,12,2,11,9,0.18181818181818182,0.16666666666666666,0.17391304347826086,91.5,366.0,5.319148936170213,1692,"Sampled-label overlap, no point adjustment; delays among detected events only; no original-FPS seconds.",0.19753086419753085,0.38189516547359686,,3384,794,True
S12,0,reference_dino_frame_denoising_ae,0.975,0.33598095178604126,0.00591016548463357,0.025145067698259187,0.6359656886105249,0.2780032225484865,0.27760277544523293,0.47381729563885205,0.0,0.0,0.6737451737451737,2364,226,794,0,0.0,0.0,0.0,0.9127413127413128,0.08725868725868725,0.6985815602836879,0.4563706563706564,-0.1481182341893325,2380,210,794,0,0.0,0.0,0.0,0.918918918918919,0.08108108108108109,0.7033096926713948,0.4594594594594595,-0.1424185485368847,12,0,6,6,0.0,0.0,0.0,,,3.5460992907801416,1692,"Sampled-label overlap, no point adjustment; delays among detected events only; no original-FPS seconds.",0.19753086419753085,0.38189516547359686,,3384,794,True
S12,0,reference_dino_frame_denoising_ae,0.99,0.4284459948539734,0.0017730496453900709,0.010154738878143133,0.6359656886105249,0.2780032225484865,0.27760277544523293,0.47381729563885205,0.0,0.0,0.6737451737451737,2399,191,794,0,0.0,0.0,0.0,0.9262548262548262,0.07374517374517374,0.7089243498817966,0.4631274131274131,-0.13541837359760156,2404,186,794,0,0.0,0.0,0.0,0.9281853281853282,0.07181467181467181,0.710401891252955,0.4640926640926641,-0.13352961953654302,12,0,4,4,0.0,0.0,0.0,,,2.3640661938534278,1692,"Sampled-label overlap, no point adjustment; delays among detected events only; no original-FPS seconds.",0.19753086419753085,0.38189516547359686,,3384,794,True
S12,0,reference_dino_frame_denoising_ae,0.995,0.4836196005344391,0.000591016548463357,0.005319148936170213,0.6359656886105249,0.2780032225484865,0.27760277544523293,0.47381729563885205,0.0,0.0,0.6737451737451737,2421,169,794,0,0.0,0.0,0.0,0.9347490347490347,0.06525096525096526,0.7154255319148937,0.46737451737451735,-0.1269443081001481,2430,160,794,0,0.0,0.0,0.0,0.9382239382239382,0.06177606177606178,0.7180851063829787,0.4691119691119691,-0.12334536768848987,12,0,7,7,0.0,0.0,0.0,,,4.137115839243498,1692,"Sampled-label overlap, no point adjustment; delays among detected events only; no original-FPS seconds.",0.19753086419753085,0.38189516547359686,,3384,794,True
S12,0,reference_dino_frame_denoising_ae,0.999,0.6946734189987183,0.0,0.0014506769825918763,0.6359656886105249,0.2780032225484865,0.27760277544523293,0.47381729563885205,0.0,0.0,0.6737451737451737,2479,111,794,0,0.0,0.0,0.0,0.9571428571428572,0.04285714285714286,0.732565011820331,0.4785714285714286,-0.10196446759320009,2487,103,794,0,0.0,0.0,0.0,0.9602316602316602,0.03976833976833977,0.7349290780141844,0.4801158301158301,-0.09810154933710931,12,0,5,5,0.0,0.0,0.0,,,2.955082742316785,1692,"Sampled-label overlap, no point adjustment; delays among detected events only; no original-FPS seconds.",0.19753086419753085,0.38189516547359686,,3384,794,True
S12,0,reference_dino_full_ema,0.95,2.0711339348512174,0.014184397163120567,0.05029013539651837,0.6210230201414081,0.2720248729820929,0.27163122982907384,0.47368421052631576,0.0,0.0,0.7351351351351352,2253,337,781,13,0.037142857142857144,0.0163727959697733,0.022727272727272724,0.8698841698841698,0.1301158301158301,0.6696217494089834,0.44312848292697155,-0.158286228747091,2266,324,783,11,0.03283582089552239,0.013853904282115869,0.019486271036315325,0.8749034749034749,0.1250965250965251,0.6728723404255319,0.44437868959279536,-0.15784478198323623,12,2,8,6,0.25,0.16666666666666666,0.2,92.5,370.0,3.5460992907801416,1692,"Sampled-label overlap, no point adjustment; delays among detected events only; no original-FPS seconds.",0.19753086419753085,0.38189516547359686,,3384,794,True
S12,0,reference_dino_full_ema,0.975,3.0632427768090027,0.0035460992907801418,0.025145067698259187,0.6210230201414081,0.2720248729820929,0.27163122982907384,0.47368421052631576,0.0,0.0,0.7351351351351352,2373,217,794,0,0.0,0.0,0.0,0.9162162162162162,0.08378378378378379,0.7012411347517731,0.4581081081081081,-0.14493264043493828,2384,206,794,0,0.0,0.0,0.0,0.9204633204633205,0.07953667953667953,0.7044917257683215,0.46023166023166023,-0.14096686222915977,12,0,6,6,0.0,0.0,0.0,,,3.5460992907801416,1692,"Sampled-label overlap, no point adjustment; delays among detected events only; no original-FPS seconds.",0.19753086419753085,0.38189516547359686,,3384,794,True
S12,0,reference_dino_full_ema,0.99,4.083156167485806,0.000591016548463357,0.010154738878143133,0.6210230201414081,0.2720248729820929,0.27163122982907384,0.47368421052631576,0.0,0.0,0.7351351351351352,2404,186,794,0,0.0,0.0,0.0,0.9281853281853282,0.07181467181467181,0.710401891252955,0.4640926640926641,-0.13352961953654302,2410,180,794,0,0.0,0.0,0.0,0.9305019305019305,0.0694980694980695,0.7121749408983451,0.46525096525096526,-0.13123520923909276,12,0,3,3,0.0,0.0,0.0,,,1.7730496453900708,1692,"Sampled-label overlap, no point adjustment; delays among detected events only; no original-FPS seconds.",0.19753086419753085,0.38189516547359686,,3384,794,True
S12,0,reference_dino_full_ema,0.995,4.425264900543734,0.0,0.005319148936170213,0.6210230201414081,0.2720248729820929,0.27163122982907384,0.47368421052631576,0.0,0.0,0.7351351351351352,2416,174,794,0,0.0,0.0,0.0,0.9328185328185328,0.06718146718146718,0.7139479905437353,0.4664092664092664,-0.12890877373000936,2425,165,794,0,0.0,0.0,0.0,0.9362934362934363,0.0637065637065637,0.7166075650118203,0.46814671814671815,-0.1253550553365091,12,0,6,6,0.0,0.0,0.0,,,3.5460992907801416,1692,"Sampled-label overlap, no point adjustment; delays among detected events only; no original-FPS seconds.",0.19753086419753085,0.38189516547359686,,3384,794,True
S12,0,reference_dino_full_ema,0.999,6.0137988026880995,0.0,0.0014506769825918763,0.6210230201414081,0.2720248729820929,0.27163122982907384,0.47368421052631576,0.0,0.0,0.7351351351351352,2469,121,794,0,0.0,0.0,0.0,0.9532818532818533,0.04671814671814672,0.7296099290780141,0.47664092664092667,-0.10662143355456113,2475,115,794,0,0.0,0.0,0.0,0.9555984555984556,0.0444015444015444,0.7313829787234043,0.4777992277992278,-0.1038488828662516,12,0,3,3,0.0,0.0,0.0,,,1.7730496453900708,1692,"Sampled-label overlap, no point adjustment; delays among detected events only; no original-FPS seconds.",0.19753086419753085,0.38189516547359686,,3384,794,True
