scene,seed,kind,checkpoint,epoch,chosen_by_normal_tuning,auroc,average_precision,pr_auc_trapezoid,partial_auroc_fpr10,diagnostic_tpr_at_fpr1,diagnostic_tpr_at_fpr5,diagnostic_fpr_at_tpr95,frame_tn,frame_fp,frame_fn,frame_tp,frame_precision,frame_recall,frame_f1,frame_specificity,frame_normal_fpr,frame_accuracy,frame_balanced_accuracy,frame_mcc,alarm_tn,alarm_fp,alarm_fn,alarm_tp,alarm_precision,alarm_recall,alarm_f1,alarm_specificity,alarm_normal_fpr,alarm_accuracy,alarm_balanced_accuracy,alarm_mcc,gt_events_sampled,detected_gt_events,predicted_alert_events,false_alert_events,event_precision_overlap,event_recall_overlap,event_f1_overlap,median_detected_delay_observations,median_detected_delay_original_frames,false_alerts_per_1000_normal_only_video_observations,normal_only_video_observations,event_warning,video_auroc_top5mean,video_ap_top5mean,video_metric_reason,threshold_normal_q99,n_test,n_test_anomaly,test_diagnostic_thresholds_not_used_for_deployment
R01,0,plain_ae,epoch10,10,False,0.8320666471791874,0.6158586600058229,0.61351056384681,0.5747571940667219,0.022508038585209004,0.19614147909967847,0.37337662337662336,158,458,0,311,0.4044213263979194,1.0,0.5759259259259258,0.2564935064935065,0.7435064935064936,0.505933117583603,0.6282467532467533,0.3220736625502887,203,413,0,311,0.42955801104972374,1.0,0.6009661835748792,0.32954545454545453,0.6704545454545454,0.5544768069039914,0.6647727272727273,0.376243126189732,8,8,18,10,0.4444444444444444,1.0,0.6153846153846153,0.0,0.0,24.691358024691358,405,"Sampled-label overlap, no point adjustment; delays among detected events only; no original-FPS seconds.",0.5714285714285714,0.5550459956709957,,0.8499889373779297,927,311,True
R01,0,plain_ae,epoch25,25,False,0.867796592475049,0.6883023612936845,0.6861331028360683,0.6283734035468678,0.01929260450160772,0.3440514469453376,0.3717532467532468,154,462,0,311,0.4023285899094437,1.0,0.5738007380073801,0.25,0.75,0.5016181229773463,0.625,0.31714688628041254,196,420,0,311,0.42544459644322846,1.0,0.5969289827255279,0.3181818181818182,0.6818181818181818,0.5469255663430421,0.6590909090909091,0.3679249043377416,8,8,19,11,0.42105263157894735,1.0,0.5925925925925926,0.0,0.0,27.160493827160494,405,"Sampled-label overlap, no point adjustment; delays among detected events only; no original-FPS seconds.",0.5714285714285714,0.5550459956709957,,0.626491129398346,927,311,True
R01,0,plain_ae,epoch5,5,False,0.8313410865661669,0.619645228606936,0.6173767892976949,0.5787462664260768,0.022508038585209004,0.21864951768488747,0.39935064935064934,156,460,0,311,0.4033722438391699,1.0,0.5748613678373383,0.2532467532467532,0.7467532467532467,0.5037756202804746,0.6266233766233766,0.31961337753937563,201,415,0,311,0.4283746556473829,1.0,0.5998071359691418,0.3262987012987013,0.6737012987012987,0.552319309600863,0.6631493506493507,0.37386908645543215,8,8,21,13,0.38095238095238093,1.0,0.5517241379310345,0.0,0.0,32.098765432098766,405,"Sampled-label overlap, no point adjustment; delays among detected events only; no original-FPS seconds.",0.4285714285714286,0.49570013320013323,,1.101003646850586,927,311,True
R01,0,plain_ae,epoch50,50,False,0.8779126821731322,0.7037847263845659,0.7014343899229112,0.6318240060836101,0.03858520900321544,0.3086816720257235,0.3522727272727273,147,469,0,311,0.39871794871794874,1.0,0.5701191567369387,0.23863636363636365,0.7613636363636364,0.49406688241639696,0.6193181818181819,0.30846166925341206,192,424,0,311,0.4231292517006803,1.0,0.5946462715105163,0.3116883116883117,0.6883116883116883,0.5426105717367853,0.6558441558441559,0.3631589763292706,8,8,18,10,0.4444444444444444,1.0,0.6153846153846153,0.0,0.0,24.691358024691358,405,"Sampled-label overlap, no point adjustment; delays among detected events only; no original-FPS seconds.",0.625,0.5987959956709956,,0.5702453255653381,927,311,True
R01,0,plain_ae,best_normal_tune,78,True,0.8675303795882575,0.6832738653070402,0.6807283329338604,0.6098896026971844,0.04501607717041801,0.2347266881028939,0.3522727272727273,152,464,0,311,0.4012903225806452,1.0,0.572744014732965,0.24675324675324675,0.7532467532467533,0.4994606256742179,0.6233766233766234,0.31467394233941887,196,420,0,311,0.42544459644322846,1.0,0.5969289827255279,0.3181818181818182,0.6818181818181818,0.5469255663430421,0.6590909090909091,0.3679249043377416,8,8,17,9,0.47058823529411764,1.0,0.6399999999999999,0.0,0.0,22.22222222222222,405,"Sampled-label overlap, no point adjustment; delays among detected events only; no original-FPS seconds.",0.625,0.5987959956709956,,0.5714536905288696,927,311,True
R01,0,denoising_ae,epoch10,10,False,0.8437225957322421,0.6357153303270259,0.6335195845944901,0.5927190088638726,0.0,0.2282958199356913,0.3685064935064935,154,462,0,311,0.4023285899094437,1.0,0.5738007380073801,0.25,0.75,0.5016181229773463,0.625,0.31714688628041254,203,413,0,311,0.42955801104972374,1.0,0.6009661835748792,0.32954545454545453,0.6704545454545454,0.5544768069039914,0.6647727272727273,0.376243126189732,8,8,18,10,0.4444444444444444,1.0,0.6153846153846153,0.0,0.0,24.691358024691358,405,"Sampled-label overlap, no point adjustment; delays among detected events only; no original-FPS seconds.",0.4642857142857143,0.5094627594627594,,0.7173668146133423,927,311,True
R01,0,denoising_ae,epoch100,100,False,0.833465569799975,0.6242834102271962,0.6217514148475254,0.5848342721756159,0.02572347266881029,0.24437299035369775,0.3961038961038961,144,472,0,311,0.39719029374201786,1.0,0.5685557586837293,0.23376623376623376,0.7662337662337663,0.49083063646170444,0.6168831168831169,0.304712453071048,195,421,0,311,0.4248633879781421,1.0,0.5963566634707574,0.31655844155844154,0.6834415584415584,0.5458468176914779,0.6582792207792207,0.3667343615937838,8,8,19,11,0.42105263157894735,1.0,0.5925925925925926,0.0,0.0,27.160493827160494,405,"Sampled-label overlap, no point adjustment; delays among detected events only; no original-FPS seconds.",0.5892857142857143,0.5654626623376623,,0.4481193423271179,927,311,True
R01,0,denoising_ae,epoch25,25,False,0.8401574309934439,0.6307029056035235,0.6283292796780449,0.590048638110916,0.012861736334405145,0.2347266881028939,0.38311688311688313,142,474,0,311,0.3961783439490446,1.0,0.5675182481751825,0.2305194805194805,0.7694805194805194,0.4886731391585761,0.6152597402597403,0.3022032859520257,186,430,0,311,0.41970310391363025,1.0,0.591254752851711,0.30194805194805197,0.698051948051948,0.5361380798274002,0.650974025974026,0.3559895147659148,8,8,17,9,0.47058823529411764,1.0,0.6399999999999999,0.0,0.0,22.22222222222222,405,"Sampled-label overlap, no point adjustment; delays among detected events only; no original-FPS seconds.",0.5714285714285714,0.5550459956709957,,0.5351974964141846,927,311,True
R01,0,denoising_ae,epoch5,5,False,0.8328809454211384,0.609771714198173,0.6075624387463964,0.5722626501946184,0.0,0.19292604501607716,0.37012987012987014,162,454,0,311,0.4065359477124183,1.0,0.5780669144981413,0.262987012987013,0.737012987012987,0.5102481121898598,0.6314935064935066,0.3269765657669268,211,405,0,311,0.43435754189944137,1.0,0.6056475170399221,0.3425324675324675,0.6574675324675324,0.5631067961165048,0.6712662337662337,0.3857221287638976,8,8,19,11,0.42105263157894735,1.0,0.5925925925925926,0.0,0.0,27.160493827160494,405,"Sampled-label overlap, no point adjustment; delays among detected events only; no original-FPS seconds.",0.3035714285714286,0.4457799145299145,,0.9481969475746155,927,311,True
R01,0,denoising_ae,epoch50,50,False,0.8307930012110076,0.6186614374936943,0.6162304211142802,0.583378205818551,0.01607717041800643,0.24758842443729903,0.39285714285714285,134,482,0,311,0.3921815889029004,1.0,0.5634057971014493,0.21753246753246752,0.7824675324675324,0.48004314994606256,0.6087662337662337,0.2920825718094999,185,431,0,311,0.4191374663072776,1.0,0.5906932573599241,0.3003246753246753,0.6996753246753247,0.535059331175836,0.6501623376623377,0.3547919439405864,8,8,19,11,0.42105263157894735,1.0,0.5925925925925926,0.0,0.0,27.160493827160494,405,"Sampled-label overlap, no point adjustment; delays among detected events only; no original-FPS seconds.",0.5714285714285714,0.5550459956709957,,0.46153122186660767,927,311,True
R01,0,denoising_ae,best_normal_tune,100,True,0.833465569799975,0.6242834102271962,0.6217514148475254,0.5848342721756159,0.02572347266881029,0.24437299035369775,0.3961038961038961,144,472,0,311,0.39719029374201786,1.0,0.5685557586837293,0.23376623376623376,0.7662337662337663,0.49083063646170444,0.6168831168831169,0.304712453071048,195,421,0,311,0.4248633879781421,1.0,0.5963566634707574,0.31655844155844154,0.6834415584415584,0.5458468176914779,0.6582792207792207,0.3667343615937838,8,8,19,11,0.42105263157894735,1.0,0.5925925925925926,0.0,0.0,27.160493827160494,405,"Sampled-label overlap, no point adjustment; delays among detected events only; no original-FPS seconds.",0.5892857142857143,0.5654626623376623,,0.4481193423271179,927,311,True
R02,0,plain_ae,epoch10,10,False,0.791897088049771,0.7221302158019387,0.7219327960470955,0.6919617298380026,0.2883435582822086,0.4601226993865031,0.6564945226917058,1255,23,429,223,0.9065040650406504,0.34202453987730064,0.49665924276169265,0.9820031298904538,0.017996870109546165,0.7658031088082902,0.6620138348838772,0.45954995217201644,1266,12,443,209,0.9457013574660633,0.3205521472392638,0.4788087056128293,0.9906103286384976,0.009389671361502348,0.7642487046632125,0.6555812379388807,0.462178006509893,15,4,8,2,0.75,0.26666666666666666,0.3934426229508197,2.5,10.0,0.0,295,"Sampled-label overlap, no point adjustment; delays among detected events only; no original-FPS seconds.",0.7,0.9451515151515152,,0.6684199571609497,1930,652,True
R02,0,plain_ae,epoch100,100,False,0.7903471442149832,0.7303358639626971,0.7301666289747833,0.704413832761575,0.36349693251533743,0.4616564417177914,0.6377151799687011,1261,17,385,267,0.9401408450704225,0.40950920245398775,0.5705128205128205,0.986697965571205,0.013302034428794992,0.7917098445595855,0.6981035840125964,0.5289778263250879,1270,8,402,250,0.9689922480620154,0.3834355828220859,0.5494505494505494,0.9937402190923318,0.006259780907668232,0.7875647668393783,0.6885879009572089,0.5242097057003079,15,4,11,1,0.9090909090909091,0.26666666666666666,0.41237113402061853,2.0,8.0,0.0,295,"Sampled-label overlap, no point adjustment; delays among detected events only; no original-FPS seconds.",0.7,0.9451515151515152,,0.4232293665409088,1930,652,True
R02,0,plain_ae,epoch25,25,False,0.8022000441640985,0.7352425911614725,0.7350613700648458,0.6999342591624083,0.3128834355828221,0.4616564417177914,0.6408450704225352,1258,20,395,257,0.927797833935018,0.3941717791411043,0.5532831001076426,0.9843505477308294,0.01564945226917058,0.7849740932642487,0.6892611634359669,0.510627752135246,1267,11,414,238,0.9558232931726908,0.36503067484662577,0.5283018867924528,0.9913928012519562,0.008607198748043818,0.7797927461139896,0.6782117380492909,0.5028888376702944,15,4,12,2,0.8333333333333334,0.26666666666666666,0.40404040404040403,2.5,10.0,0.0,295,"Sampled-label overlap, no point adjustment; delays among detected events only; no original-FPS seconds.",0.7,0.9451515151515152,,0.5186145901679993,1930,652,True
R02,0,plain_ae,epoch5,5,False,0.7875466843323061,0.7139240268869554,0.7137127272189194,0.6894339163095388,0.2684049079754601,0.455521472392638,0.6314553990610329,1257,21,444,208,0.9082969432314411,0.31901840490797545,0.47219069239500566,0.9835680751173709,0.01643192488262911,0.7590673575129534,0.6512932400126732,0.44255662459698725,1269,9,454,198,0.9565217391304348,0.30368098159509205,0.46100116414435394,0.9929577464788732,0.007042253521126761,0.7601036269430052,0.6483193640369826,0.45340808875251737,15,4,8,2,0.75,0.26666666666666666,0.3934426229508197,2.5,10.0,0.0,295,"Sampled-label overlap, no point adjustment; delays among detected events only; no original-FPS seconds.",0.7,0.9451515151515152,,0.8585610389709473,1930,652,True
R02,0,plain_ae,epoch50,50,False,0.7917746766899968,0.7314565081944168,0.731287086803124,0.7040537993504745,0.3512269938650307,0.4616564417177914,0.6424100156494522,1260,18,389,263,0.9359430604982206,0.40337423312883436,0.5637727759914255,0.9859154929577465,0.014084507042253521,0.7891191709844559,0.6946448630432904,0.5220338674851897,1268,10,404,248,0.9612403100775194,0.3803680981595092,0.5450549450549451,0.9921752738654147,0.00782472613458529,0.7854922279792746,0.686271686012462,0.5177714222878428,15,4,12,2,0.8333333333333334,0.26666666666666666,0.40404040404040403,2.0,8.0,0.0,295,"Sampled-label overlap, no point adjustment; delays among detected events only; no original-FPS seconds.",0.7,0.9451515151515152,,0.4539336860179901,1930,652,True
R02,0,plain_ae,best_normal_tune,99,True,0.7891092293364824,0.7295132587939712,0.7293432235940515,0.7043683548570149,0.36503067484662577,0.4616564417177914,0.6447574334898278,1261,17,385,267,0.9401408450704225,0.40950920245398775,0.5705128205128205,0.986697965571205,0.013302034428794992,0.7917098445595855,0.6981035840125964,0.5289778263250879,1270,8,402,250,0.9689922480620154,0.3834355828220859,0.5494505494505494,0.9937402190923318,0.006259780907668232,0.7875647668393783,0.6885879009572089,0.5242097057003079,15,4,11,1,0.9090909090909091,0.26666666666666666,0.41237113402061853,2.0,8.0,0.0,295,"Sampled-label overlap, no point adjustment; delays among detected events only; no original-FPS seconds.",0.7,0.9451515151515152,,0.42313632369041443,1930,652,True
R02,0,denoising_ae,epoch10,10,False,0.8099143600526129,0.7256129753651649,0.7253918762226201,0.6844566123104645,0.22392638036809817,0.4616564417177914,0.5845070422535211,1254,24,446,206,0.8956521739130435,0.3159509202453988,0.4671201814058957,0.9812206572769953,0.018779342723004695,0.7564766839378239,0.648585788761197,0.4338185473628913,1263,15,458,194,0.9282296650717703,0.29754601226993865,0.4506387921022067,0.9882629107981221,0.011737089201877934,0.7549222797927461,0.6429044615340304,0.43501219306228106,15,4,10,4,0.6,0.26666666666666666,0.36923076923076925,2.5,10.0,3.389830508474576,295,"Sampled-label overlap, no point adjustment; delays among detected events only; no original-FPS seconds.",0.7,0.9451515151515152,,0.7126576900482178,1930,652,True
R02,0,denoising_ae,epoch100,100,False,0.7989057384525283,0.733681152499752,0.7335035624018112,0.702072983951858,0.3205521472392638,0.4616564417177914,0.6244131455399061,1257,21,388,264,0.9263157894736842,0.4049079754601227,0.5635005336179295,0.9835680751173709,0.01643192488262911,0.7880829015544042,0.6942380252887468,0.5179026026096679,1266,12,402,250,0.9541984732824428,0.3834355828220859,0.5470459518599563,0.9906103286384976,0.009389671361502348,0.7854922279792746,0.6870229557302918,0.5164942226331749,15,4,11,2,0.8181818181818182,0.26666666666666666,0.4022346368715084,2.0,8.0,0.0,295,"Sampled-label overlap, no point adjustment; delays among detected events only; no original-FPS seconds.",0.7,0.9451515151515152,,0.3936314582824707,1930,652,True
R02,0,denoising_ae,epoch25,25,False,0.8021676411570994,0.7262138606365229,0.7260124891708787,0.6931858434357445,0.23466257668711657,0.4616564417177914,0.6056338028169014,1254,24,405,247,0.9114391143911439,0.37883435582822084,0.5352112676056338,0.9812206572769953,0.018779342723004695,0.777720207253886,0.680027506552608,0.49017397389418,1266,12,417,235,0.951417004048583,0.3604294478527607,0.5228031145717463,0.9906103286384976,0.009389671361502348,0.777720207253886,0.6755198882456291,0.4969984331146584,15,4,11,2,0.8181818181818182,0.26666666666666666,0.4022346368715084,2.0,8.0,0.0,295,"Sampled-label overlap, no point adjustment; delays among detected events only; no original-FPS seconds.",0.7,0.9451515151515152,,0.5083243250846863,1930,652,True
R02,0,denoising_ae,epoch5,5,False,0.7925391476329003,0.7048868406080641,0.704644813079012,0.6776210306000607,0.1901840490797546,0.4601226993865031,0.6142410015649452,1257,21,482,170,0.8900523560209425,0.2607361963190184,0.4033214709371293,0.9835680751173709,0.01643192488262911,0.7393782383419689,0.6221521357181946,0.38694907287495783,1266,12,496,156,0.9285714285714286,0.2392638036809816,0.3804878048780488,0.9906103286384976,0.009389671361502348,0.7367875647668394,0.6149370661597396,0.3856752190350495,15,4,13,3,0.7692307692307693,0.26666666666666666,0.39603960396039606,2.5,10.0,3.389830508474576,295,"Sampled-label overlap, no point adjustment; delays among detected events only; no original-FPS seconds.",0.7,0.9451515151515152,,0.9718782901763916,1930,652,True
R02,0,denoising_ae,epoch50,50,False,0.7961574834144609,0.7310772807737225,0.7308926778735955,0.6996967634385945,0.28680981595092025,0.4616564417177914,0.6502347417840375,1255,23,395,257,0.9178571428571428,0.3941717791411043,0.5515021459227468,0.9820031298904538,0.017996870109546165,0.783419689119171,0.688087454515779,0.5051938576863638,1266,12,411,241,0.9525691699604744,0.3696319018404908,0.532596685082873,0.9906103286384976,0.009389671361502348,0.7808290155440415,0.6801211152394941,0.5048438334603622,15,4,11,2,0.8181818181818182,0.26666666666666666,0.4022346368715084,2.0,8.0,0.0,295,"Sampled-label overlap, no point adjustment; delays among detected events only; no original-FPS seconds.",0.7,0.9451515151515152,,0.4310859739780426,1930,652,True
R02,0,denoising_ae,best_normal_tune,97,True,0.7998070220916501,0.7328647727836085,0.7326856686921464,0.7009524589145031,0.31441717791411045,0.4616564417177914,0.6064162754303599,1257,21,396,256,0.924187725631769,0.39263803680981596,0.551130247578041,0.9835680751173709,0.01643192488262911,0.7839378238341969,0.6881030559635934,0.5075031712407131,1266,12,411,241,0.9525691699604744,0.3696319018404908,0.532596685082873,0.9906103286384976,0.009389671361502348,0.7808290155440415,0.6801211152394941,0.5048438334603622,15,4,11,2,0.8181818181818182,0.26666666666666666,0.4022346368715084,2.0,8.0,0.0,295,"Sampled-label overlap, no point adjustment; delays among detected events only; no original-FPS seconds.",0.7,0.9451515151515152,,0.397164911031723,1930,652,True
R03,0,plain_ae,epoch10,10,False,0.5637964546867829,0.4814033695056984,0.4809392406028026,0.52045551473807,0.03785488958990536,0.09305993690851735,0.9160437032777459,1707,32,1196,72,0.6923076923076923,0.056782334384858045,0.10495626822157435,0.9815986198964922,0.018401380103507763,0.5916195543731294,0.5191904771406751,0.10372537145763619,1720,19,1207,61,0.7625,0.04810725552050473,0.09050445103857567,0.9890741805635422,0.010925819436457734,0.5922846691054207,0.5185907180420235,0.11409831291256015,17,4,9,5,0.4444444444444444,0.23529411764705882,0.30769230769230765,63.0,252.0,13.812154696132596,362,"Sampled-label overlap, no point adjustment; delays among detected events only; no original-FPS seconds.",0.1,0.7969485525367879,,0.784536600112915,3007,1268,True
R03,0,plain_ae,epoch25,25,False,0.6051503547308635,0.5125195122742046,0.5120452982058772,0.5263200380905207,0.0473186119873817,0.10725552050473186,0.8815411155836688,1704,35,1187,81,0.6982758620689655,0.0638801261829653,0.1170520231213873,0.9798734905117884,0.020126509488211614,0.5936148985700034,0.5218768083473768,0.11219418165199606,1711,28,1199,69,0.711340206185567,0.05441640378548896,0.10109890109890111,0.9838987924094307,0.016101207590569294,0.591952111739275,0.5191575980974599,0.10708980058950851,17,6,9,3,0.6666666666666666,0.35294117647058826,0.46153846153846156,106.5,426.0,8.287292817679557,362,"Sampled-label overlap, no point adjustment; delays among detected events only; no original-FPS seconds.",0.1,0.7969485525367879,,0.643263041973114,3007,1268,True
R03,0,plain_ae,epoch5,5,False,0.5100984013075429,0.44679243175912825,0.4463201061441495,0.5161574898293364,0.022082018927444796,0.09384858044164038,0.9459459459459459,1710,29,1209,59,0.6704545454545454,0.04652996845425868,0.08702064896755163,0.983323749281196,0.01667625071880391,0.5882939807116727,0.5149268588677274,0.08746805240700603,1719,20,1223,45,0.6923076923076923,0.03548895899053628,0.06751687921980495,0.9884991374353076,0.011500862564692352,0.5866311938809444,0.5119940482129219,0.0814567711507623,17,2,8,4,0.5,0.11764705882352941,0.19047619047619047,7.0,28.0,11.049723756906078,362,"Sampled-label overlap, no point adjustment; delays among detected events only; no original-FPS seconds.",0.06666666666666667,0.7858374414256768,,0.9158201217651367,3007,1268,True
R03,0,plain_ae,epoch50,50,False,0.6026000747374665,0.5130971019483835,0.5126396596003711,0.5262169255920162,0.04889589905362776,0.10883280757097792,0.8832662449683726,1701,38,1177,91,0.7054263565891473,0.07176656151419558,0.13027916964924838,0.9781483611270846,0.02185163887291547,0.5959428001330229,0.52495746132064,0.12164648661867185,1711,28,1189,79,0.7383177570093458,0.062302839116719244,0.1149090909090909,0.9838987924094307,0.016101207590569294,0.5952776854007317,0.523100815763075,0.12316174744147562,17,7,10,3,0.7,0.4117647058823529,0.5185185185185185,111.0,444.0,8.287292817679557,362,"Sampled-label overlap, no point adjustment; delays among detected events only; no original-FPS seconds.",0.1,0.7969485525367879,,0.5673317909240723,3007,1268,True
R03,0,plain_ae,best_normal_tune,77,True,0.6021331923238091,0.5130589946787896,0.5125933866307537,0.5259973341600155,0.04968454258675079,0.10410094637223975,0.8723404255319149,1700,39,1176,92,0.7022900763358778,0.07255520504731862,0.1315225160829164,0.9775733179988499,0.022426682001150087,0.5959428001330229,0.5250642615230843,0.12127303267963847,1712,27,1188,80,0.7476635514018691,0.06309148264984227,0.11636363636363636,0.9844738355376653,0.015526164462334674,0.5959428001330229,0.5237826590937538,0.1267969877268837,17,7,10,3,0.7,0.4117647058823529,0.5185185185185185,111.0,444.0,8.287292817679557,362,"Sampled-label overlap, no point adjustment; delays among detected events only; no original-FPS seconds.",0.1,0.7969485525367879,,0.5380408763885498,3007,1268,True
R03,0,denoising_ae,epoch10,10,False,0.5932490480950109,0.500039287931556,0.4995725196788974,0.5205450221152441,0.04258675078864353,0.0914826498422713,0.882691201840138,1712,27,1191,77,0.7403846153846154,0.06072555205047318,0.11224489795918367,0.9844738355376653,0.015526164462334674,0.594945128034586,0.5225996937940692,0.12215233714278555,1726,13,1201,67,0.8375,0.0528391167192429,0.09940652818991097,0.99252443933295,0.007475560667050029,0.5962753574991686,0.5226817780260964,0.13920670523778744,17,5,9,4,0.5555555555555556,0.29411764705882354,0.3846153846153846,101.0,404.0,11.049723756906078,362,"Sampled-label overlap, no point adjustment; delays among detected events only; no original-FPS seconds.",0.1,0.7969485525367879,,0.7297431230545044,3007,1268,True
R03,0,denoising_ae,epoch25,25,False,0.5804928863355604,0.4993163217466434,0.4988591373005079,0.52305958269799,0.04810725552050473,0.09700315457413249,0.8861414606095457,1708,31,1184,84,0.7304347826086957,0.06624605678233439,0.12147505422993493,0.9821736630247269,0.017826336975273145,0.5959428001330229,0.5242098599035306,0.12467621960133361,1722,17,1199,69,0.8023255813953488,0.05441640378548896,0.10192023633677992,0.9902242668200115,0.0097757331799885,0.5956102427668772,0.5223203353027502,0.13225896620611088,17,5,10,5,0.5,0.29411764705882354,0.37037037037037035,100.0,400.0,13.812154696132596,362,"Sampled-label overlap, no point adjustment; delays among detected events only; no original-FPS seconds.",0.1,0.7969485525367879,,0.5973049998283386,3007,1268,True
R03,0,denoising_ae,epoch5,5,False,0.5791285194181361,0.4896881249241467,0.48921692020936824,0.5197797937119898,0.03943217665615142,0.09227129337539432,0.9206440483036228,1712,27,1189,79,0.7452830188679245,0.062302839116719244,0.11499272197962154,0.9844738355376653,0.015526164462334674,0.5956102427668772,0.5233883373271923,0.12525987252540743,1725,14,1205,63,0.8181818181818182,0.04968454258675079,0.09368029739776952,0.9919493962047153,0.008050603795284647,0.5946125706684403,0.5208169693957331,0.13016006128188268,17,6,11,4,0.6363636363636364,0.35294117647058826,0.4540540540540541,105.5,422.0,11.049723756906078,362,"Sampled-label overlap, no point adjustment; delays among detected events only; no original-FPS seconds.",0.1,0.7969485525367879,,0.8585545420646667,3007,1268,True
R03,0,denoising_ae,epoch50,50,False,0.5985428008046976,0.5127098604758368,0.5122390959474485,0.5249604807028301,0.04337539432176656,0.09858044164037855,0.9125934445083381,1711,28,1189,79,0.7383177570093458,0.062302839116719244,0.1149090909090909,0.9838987924094307,0.016101207590569294,0.5952776854007317,0.523100815763075,0.12316174744147562,1724,15,1201,67,0.8170731707317073,0.0528391167192429,0.09925925925925926,0.9913743530764807,0.008625646923519264,0.5956102427668772,0.5221067348978617,0.1340584381361323,17,4,8,4,0.5,0.23529411764705882,0.31999999999999995,57.0,228.0,11.049723756906078,362,"Sampled-label overlap, no point adjustment; delays among detected events only; no original-FPS seconds.",0.1,0.7969485525367879,,0.5765454173088074,3007,1268,True
R03,0,denoising_ae,best_normal_tune,86,True,0.60768181430642,0.5232614490958412,0.5228161621616343,0.5254440592259096,0.04416403785488959,0.10488958990536278,0.9102932719953997,1700,39,1176,92,0.7022900763358778,0.07255520504731862,0.1315225160829164,0.9775733179988499,0.022426682001150087,0.5959428001330229,0.5250642615230843,0.12127303267963847,1711,28,1189,79,0.7383177570093458,0.062302839116719244,0.1149090909090909,0.9838987924094307,0.016101207590569294,0.5952776854007317,0.523100815763075,0.12316174744147562,17,7,10,3,0.7,0.4117647058823529,0.5185185185185185,111.0,444.0,8.287292817679557,362,"Sampled-label overlap, no point adjustment; delays among detected events only; no original-FPS seconds.",0.1,0.7969485525367879,,0.49017825722694397,3007,1268,True
R04,0,plain_ae,epoch10,10,False,0.744281993435258,0.7508553751884361,0.7505330266930264,0.5520677001132854,0.05240174672489083,0.14410480349344978,0.6685144124168514,871,31,1022,123,0.7987012987012987,0.10742358078602621,0.18937644341801388,0.9656319290465631,0.03436807095343681,0.4855886663409868,0.5365277549162947,0.1375065293366347,892,10,1089,56,0.8484848484848485,0.04890829694323144,0.09248554913294797,0.9889135254988913,0.011086474501108648,0.46311675622862725,0.5189109112210614,0.10630024317673982,26,8,15,3,0.8,0.3076923076923077,0.4444444444444444,14.0,56.0,,0,"Sampled-label overlap, no point adjustment; delays among detected events only; no original-FPS seconds.",,,Both label classes required; not replaced by zero or fabricated.,0.6145384311676025,2047,1145,True
R04,0,plain_ae,epoch25,25,False,0.7513695911075823,0.7613294654008498,0.7609595430059679,0.5649658232860301,0.05327510917030567,0.17117903930131004,0.6740576496674058,848,54,923,222,0.8043478260869565,0.19388646288209607,0.3124560168895144,0.9401330376940134,0.0598669623059867,0.5227161700048852,0.5670097502880547,0.1948095242224865,871,31,994,151,0.8296703296703297,0.13187772925764193,0.22758100979653356,0.9656319290465631,0.03436807095343681,0.49926722032242304,0.5487548291521025,0.17008990344846697,26,13,25,3,0.88,0.5,0.6376811594202899,11.0,44.0,,0,"Sampled-label overlap, no point adjustment; delays among detected events only; no original-FPS seconds.",,,Both label classes required; not replaced by zero or fabricated.,0.43232131004333496,2047,1145,True
R04,0,plain_ae,epoch5,5,False,0.7310924776576071,0.7314897570643784,0.7311204936241746,0.5397413546647533,0.02794759825327511,0.12139737991266375,0.7006651884700665,875,27,1053,92,0.773109243697479,0.08034934497816594,0.14556962025316456,0.9700665188470067,0.02993348115299335,0.47239863214460187,0.5252079319125863,0.10696611669083579,892,10,1117,28,0.7368421052631579,0.02445414847161572,0.047337278106508875,0.9889135254988913,0.011086474501108648,0.449438202247191,0.5066838369852535,0.04916772232751744,26,3,8,3,0.625,0.11538461538461539,0.19480519480519481,16.0,64.0,,0,"Sampled-label overlap, no point adjustment; delays among detected events only; no original-FPS seconds.",,,Both label classes required; not replaced by zero or fabricated.,0.8561180830001831,2047,1145,True
R04,0,plain_ae,epoch50,50,False,0.7536837111126173,0.7636737685136532,0.7632433581039226,0.5715611417412517,0.05414847161572053,0.20611353711790392,0.6674057649667405,860,42,937,208,0.832,0.18165938864628822,0.2982078853046595,0.9534368070953437,0.04656319290465632,0.5217391304347826,0.567548097870816,0.20483543515965152,879,23,1009,136,0.8553459119496856,0.11877729257641921,0.2085889570552147,0.9745011086474501,0.025498891352549888,0.495847581827064,0.5466392006119346,0.1730165105206692,26,12,23,4,0.8260869565217391,0.46153846153846156,0.5922077922077922,12.0,48.0,,0,"Sampled-label overlap, no point adjustment; delays among detected events only; no original-FPS seconds.",,,Both label classes required; not replaced by zero or fabricated.,0.40073177218437195,2047,1145,True
R04,0,plain_ae,best_normal_tune,78,True,0.7623476214913003,0.7735912243777006,0.7731849499462582,0.5796862968525216,0.05764192139737991,0.21746724890829694,0.6396895787139689,862,40,914,231,0.8523985239852399,0.2017467248908297,0.32627118644067793,0.9556541019955654,0.04434589800443459,0.5339521250610649,0.5787004134431976,0.23057217456628143,879,23,985,160,0.8743169398907104,0.13973799126637554,0.24096385542168675,0.9745011086474501,0.025498891352549888,0.5075720566682951,0.5571195499569128,0.19877981674416467,26,13,28,4,0.8571428571428571,0.5,0.631578947368421,9.0,36.0,,0,"Sampled-label overlap, no point adjustment; delays among detected events only; no original-FPS seconds.",,,Both label classes required; not replaced by zero or fabricated.,0.38679951429367065,2047,1145,True
R04,0,denoising_ae,epoch10,10,False,0.7521364459377027,0.7652187703208188,0.7649384392942277,0.5647803267694406,0.06462882096069869,0.19388646288209607,0.6818181818181818,874,28,1009,136,0.8292682926829268,0.11877729257641921,0.20779220779220778,0.9689578713968958,0.031042128603104215,0.4934049829018075,0.5438675819866575,0.16044737646363366,897,5,1079,66,0.9295774647887324,0.05764192139737991,0.10855263157894737,0.9944567627494457,0.005543237250554324,0.4704445530043967,0.5260493420734128,0.1413546573263879,26,8,13,2,0.8461538461538461,0.3076923076923077,0.45128205128205134,14.0,56.0,,0,"Sampled-label overlap, no point adjustment; delays among detected events only; no original-FPS seconds.",,,Both label classes required; not replaced by zero or fabricated.,0.5453813076019287,2047,1145,True
R04,0,denoising_ae,epoch25,25,False,0.7612418787943338,0.775610237550179,0.775344992712935,0.5777324681585547,0.06812227074235808,0.20698689956331878,0.6352549889135255,854,48,886,259,0.8436482084690554,0.2262008733624454,0.35674931129476584,0.9467849223946785,0.05321507760532151,0.5437225207620908,0.586492897878562,0.24053187900682935,877,25,957,188,0.8826291079812206,0.16419213973799127,0.2768777614138439,0.9722838137472284,0.02771618625277162,0.5202735710796287,0.5682379767426098,0.2219078582808946,26,11,32,4,0.875,0.4230769230769231,0.5703703703703704,6.0,24.0,,0,"Sampled-label overlap, no point adjustment; delays among detected events only; no original-FPS seconds.",,,Both label classes required; not replaced by zero or fabricated.,0.3602931499481201,2047,1145,True
R04,0,denoising_ae,epoch5,5,False,0.7339468817474994,0.7413744917448177,0.7410524206158597,0.5458280865167984,0.043668122270742356,0.15196506550218342,0.688470066518847,889,13,1085,60,0.821917808219178,0.05240174672489083,0.09852216748768472,0.9855875831485588,0.014412416851441241,0.46360527601367857,0.5189946649367247,0.10170273697632677,902,0,1134,11,1.0,0.00960698689956332,0.01903114186851211,1.0,0.0,0.44601856375183196,0.5048034934497817,0.06523910301034463,26,2,3,0,1.0,0.07692307692307693,0.14285714285714288,10.5,42.0,,0,"Sampled-label overlap, no point adjustment; delays among detected events only; no original-FPS seconds.",,,Both label classes required; not replaced by zero or fabricated.,0.7954424023628235,2047,1145,True
R04,0,denoising_ae,epoch50,50,False,0.7636208716195935,0.7731654213100767,0.7728694890850198,0.5725212390963466,0.0611353711790393,0.17467248908296942,0.6252771618625277,844,58,869,276,0.8263473053892215,0.2410480349344978,0.37322515212981744,0.9356984478935698,0.06430155210643015,0.5471421592574499,0.5883732414140338,0.23746788132896077,868,34,945,200,0.8547008547008547,0.17467248908296942,0.29006526468455396,0.9623059866962306,0.037694013303769404,0.5217391304347826,0.5684892378896,0.2137231225283873,26,13,35,5,0.8571428571428571,0.5,0.631578947368421,8.0,32.0,,0,"Sampled-label overlap, no point adjustment; delays among detected events only; no original-FPS seconds.",,,Both label classes required; not replaced by zero or fabricated.,0.31253746151924133,2047,1145,True
R04,0,denoising_ae,best_normal_tune,95,True,0.77350090531473,0.7798475061549444,0.7795327461192418,0.5763544940353187,0.05240174672489083,0.18427947598253275,0.6175166297117517,843,59,850,295,0.8333333333333334,0.2576419213973799,0.3935957304869913,0.934589800443459,0.06541019955654102,0.5559355153883733,0.5961158609204195,0.25234863391239226,865,37,922,223,0.8576923076923076,0.1947598253275109,0.31743772241992885,0.958980044345898,0.041019955654102,0.5315095261358085,0.5768699348367045,0.2292152827198095,26,13,28,6,0.7857142857142857,0.5,0.6111111111111112,8.0,32.0,,0,"Sampled-label overlap, no point adjustment; delays among detected events only; no original-FPS seconds.",,,Both label classes required; not replaced by zero or fabricated.,0.2892706096172333,2047,1145,True
S01,0,plain_ae,epoch10,10,False,0.46220804188653003,0.3822382018491979,0.3804862120491931,0.4767628360384333,0.0,0.0,0.9816091954022989,380,55,258,23,0.2948717948717949,0.08185053380782918,0.12813370473537605,0.8735632183908046,0.12643678160919541,0.5628491620111732,0.4777068760993169,-0.06987809762291929,396,39,277,4,0.09302325581395349,0.014234875444839857,0.024691358024691357,0.9103448275862069,0.0896551724137931,0.5586592178770949,0.4622898515155234,-0.15500448576198295,10,2,7,5,0.2857142857142857,0.2,0.23529411764705882,26.0,104.0,14.204545454545453,352,"Sampled-label overlap, no point adjustment; delays among detected events only; no original-FPS seconds.",0.21818181818181817,0.3673398569954297,,0.6848522424697876,716,281,True
S01,0,plain_ae,epoch100,100,False,0.5175931607150162,0.4139683462270771,0.4121399996467621,0.4801859231463122,0.0,0.0,0.9149425287356322,348,87,167,114,0.5671641791044776,0.40569395017793597,0.4730290456431535,0.8,0.2,0.6452513966480447,0.602846975088968,0.22352065618144779,359,76,175,106,0.5824175824175825,0.37722419928825623,0.4578833693304536,0.825287356321839,0.17471264367816092,0.6494413407821229,0.6012557778050476,0.22711262432682994,10,4,12,5,0.5833333333333334,0.4,0.4745762711864407,2.0,8.0,14.204545454545453,352,"Sampled-label overlap, no point adjustment; delays among detected events only; no original-FPS seconds.",0.2545454545454545,0.37989938080495356,,0.22607587277889252,716,281,True
S01,0,plain_ae,epoch25,25,False,0.48006708389577457,0.3981611418473806,0.3963088105098105,0.4814130675812122,0.0,0.0,0.9425287356321839,356,79,202,79,0.5,0.28113879003558717,0.35990888382687924,0.8183908045977012,0.18160919540229886,0.6075418994413407,0.5497647973166442,0.1171937309995596,369,66,213,68,0.5074626865671642,0.24199288256227758,0.327710843373494,0.8482758620689655,0.15172413793103448,0.6103351955307262,0.5451343723156216,0.11301115139582657,10,4,9,5,0.4444444444444444,0.4,0.4210526315789474,8.0,32.0,14.204545454545453,352,"Sampled-label overlap, no point adjustment; delays among detected events only; no original-FPS seconds.",0.24545454545454545,0.3751374760430488,,0.35691314935684204,716,281,True
S01,0,plain_ae,epoch5,5,False,0.49030964944573974,0.39883773382426124,0.39695050883047134,0.48160682722882797,0.0,0.0035587188612099642,0.9655172413793104,386,49,255,26,0.3466666666666667,0.09252669039145907,0.14606741573033707,0.8873563218390804,0.11264367816091954,0.5754189944134078,0.48994150611526976,-0.03207754285465724,401,34,268,13,0.2765957446808511,0.046263345195729534,0.07926829268292682,0.9218390804597701,0.07816091954022988,0.5782122905027933,0.4840512128277498,-0.06289171807003129,10,1,9,5,0.4444444444444444,0.1,0.163265306122449,2.0,8.0,14.204545454545453,352,"Sampled-label overlap, no point adjustment; delays among detected events only; no original-FPS seconds.",0.2363636363636364,0.37275652366209644,,0.8615335822105408,716,281,True
S01,0,plain_ae,epoch50,50,False,0.48631733955086515,0.40337432054651656,0.40154297989061133,0.48169294262776835,0.0,0.0,0.9333333333333333,350,85,172,109,0.5618556701030928,0.3879003558718861,0.4589473684210526,0.8045977011494253,0.19540229885057472,0.6410614525139665,0.5962490285106556,0.21148911617978358,364,71,183,98,0.5798816568047337,0.3487544483985765,0.4355555555555556,0.8367816091954023,0.1632183908045977,0.6452513966480447,0.5927680287969894,0.21334825600384796,10,4,11,5,0.5454545454545454,0.4,0.4615384615384615,2.0,8.0,14.204545454545453,352,"Sampled-label overlap, no point adjustment; delays among detected events only; no original-FPS seconds.",0.2545454545454545,0.37989938080495356,,0.251985102891922,716,281,True
S01,0,plain_ae,best_normal_tune,99,True,0.5185585143371375,0.41346348843304015,0.41163837107582724,0.47997063464896134,0.0,0.0,0.9080459770114943,349,86,168,113,0.5678391959798995,0.40213523131672596,0.4708333333333333,0.8022988505747126,0.19770114942528735,0.6452513966480447,0.6022170409457193,0.22283288283219735,360,75,176,105,0.5833333333333334,0.3736654804270463,0.455531453362256,0.8275862068965517,0.1724137931034483,0.6494413407821229,0.600625843661799,0.22652632078113744,10,4,12,5,0.5833333333333334,0.4,0.4745762711864407,2.0,8.0,14.204545454545453,352,"Sampled-label overlap, no point adjustment; delays among detected events only; no original-FPS seconds.",0.2545454545454545,0.37989938080495356,,0.22658587992191315,716,281,True
S01,0,denoising_ae,epoch10,10,False,0.43577535075878426,0.3683205216266573,0.366617358342692,0.47579403780035434,0.0,0.0,0.9655172413793104,385,50,268,13,0.20634920634920634,0.046263345195729534,0.07558139534883719,0.8850574712643678,0.11494252873563218,0.5558659217877095,0.4656604082300487,-0.1183848277752395,400,35,279,2,0.05405405405405406,0.0071174377224199285,0.012578616352201257,0.9195402298850575,0.08045977011494253,0.5614525139664804,0.4633288338037387,-0.1617769920716569,10,1,6,5,0.16666666666666666,0.1,0.125,22.0,88.0,14.204545454545453,352,"Sampled-label overlap, no point adjustment; delays among detected events only; no original-FPS seconds.",0.21818181818181817,0.3673398569954297,,0.6633043885231018,716,281,True
S01,0,denoising_ae,epoch100,100,False,0.5471837035219045,0.4263360139957576,0.4244676804183553,0.4844701642435946,0.0,0.0035587188612099642,0.8482758620689655,351,84,159,122,0.5922330097087378,0.43416370106761565,0.5010266940451746,0.8068965517241379,0.19310344827586207,0.6606145251396648,0.6205301263958768,0.260018768977285,360,75,165,116,0.6073298429319371,0.4128113879003559,0.4915254237288136,0.8275862068965517,0.1724137931034483,0.664804469273743,0.6201987973984537,0.26541873275243316,10,4,10,5,0.5,0.4,0.4444444444444445,2.0,8.0,14.204545454545453,352,"Sampled-label overlap, no point adjustment; delays among detected events only; no original-FPS seconds.",0.2818181818181818,0.3896052631578948,,0.1885232925415039,716,281,True
S01,0,denoising_ae,epoch25,25,False,0.4804924939665399,0.39817340008387225,0.3963459601260192,0.48102554828598065,0.0,0.0,0.9402298850574713,358,77,205,76,0.49673202614379086,0.2704626334519573,0.3502304147465438,0.8229885057471265,0.17701149425287357,0.6061452513966481,0.5467255695995419,0.11132237816359222,370,65,222,59,0.47580645161290325,0.2099644128113879,0.291358024691358,0.8505747126436781,0.14942528735632185,0.5991620111731844,0.530269562727533,0.07812000013359956,10,4,11,5,0.5454545454545454,0.4,0.4615384615384615,8.0,32.0,14.204545454545453,352,"Sampled-label overlap, no point adjustment; delays among detected events only; no original-FPS seconds.",0.21818181818181817,0.3673398569954297,,0.32932302355766296,716,281,True
S01,0,denoising_ae,epoch5,5,False,0.42181044708962245,0.3545983455174673,0.35295777161509256,0.47476065301307013,0.0,0.0,0.9954022988505747,390,45,276,5,0.1,0.017793594306049824,0.03021148036253777,0.896551724137931,0.10344827586206896,0.5516759776536313,0.45717265922199046,-0.1641068753687331,405,30,281,0,0.0,0.0,0.0,0.9310344827586207,0.06896551724137931,0.5656424581005587,0.46551724137931033,-0.16807654070313943,10,0,5,5,0.0,0.0,0.0,,,14.204545454545453,352,"Sampled-label overlap, no point adjustment; delays among detected events only; no original-FPS seconds.",0.19090909090909094,0.35509238224795503,,0.9008709192276001,716,281,True
S01,0,denoising_ae,epoch50,50,False,0.5274266781200148,0.42025601394009576,0.41838046658911987,0.485051443186442,0.0,0.0035587188612099642,0.903448275862069,353,82,167,114,0.5816326530612245,0.40569395017793597,0.4779874213836478,0.8114942528735632,0.18850574712643678,0.6522346368715084,0.6085941015257497,0.23785063381292876,366,69,175,106,0.6057142857142858,0.37722419928825623,0.4649122807017544,0.8413793103448276,0.15862068965517243,0.659217877094972,0.6093017548165419,0.24839180403477845,10,4,12,5,0.5833333333333334,0.4,0.4745762711864407,2.0,8.0,14.204545454545453,352,"Sampled-label overlap, no point adjustment; delays among detected events only; no original-FPS seconds.",0.2545454545454545,0.37989938080495356,,0.22533018887043,716,281,True
S01,0,denoising_ae,best_normal_tune,100,True,0.5471837035219045,0.4263360139957576,0.4244676804183553,0.4844701642435946,0.0,0.0035587188612099642,0.8482758620689655,351,84,159,122,0.5922330097087378,0.43416370106761565,0.5010266940451746,0.8068965517241379,0.19310344827586207,0.6606145251396648,0.6205301263958768,0.260018768977285,360,75,165,116,0.6073298429319371,0.4128113879003559,0.4915254237288136,0.8275862068965517,0.1724137931034483,0.664804469273743,0.6201987973984537,0.26541873275243316,10,4,10,5,0.5,0.4,0.4444444444444445,2.0,8.0,14.204545454545453,352,"Sampled-label overlap, no point adjustment; delays among detected events only; no original-FPS seconds.",0.2818181818181818,0.3896052631578948,,0.1885232925415039,716,281,True
S02,0,plain_ae,epoch10,10,False,0.5075139544869043,0.23133647543707622,0.22939773657459672,0.5383939207646178,0.0,0.17647058823529413,0.9582898852971846,920,39,209,29,0.4264705882352941,0.12184873949579832,0.18954248366013074,0.959332638164755,0.040667361835245046,0.7928153717627402,0.5405906888302766,0.13997573992229895,929,30,213,25,0.45454545454545453,0.10504201680672269,0.1706484641638225,0.9687174139728885,0.03128258602711158,0.7969924812030075,0.5368797153898056,0.14060505736034437,8,1,8,4,0.5,0.125,0.2,8.0,32.0,5.772005772005772,693,"Sampled-label overlap, no point adjustment; delays among detected events only; no original-FPS seconds.",0.18181818181818182,0.31428394822841416,,1.1030488014221191,1197,238,True
S02,0,plain_ae,epoch100,100,False,0.5795427660115141,0.25641115278218546,0.2544549269205998,0.5358804297746759,0.0,0.15966386554621848,0.959332638164755,926,33,212,26,0.4406779661016949,0.1092436974789916,0.17508417508417506,0.9655891553701773,0.03441084462982273,0.7953216374269005,0.5374164264245844,0.13797263146223793,933,26,215,23,0.46938775510204084,0.09663865546218488,0.1602787456445993,0.97288842544317,0.027111574556830033,0.7986633249791144,0.5347635404526775,0.1400498970725782,8,1,5,3,0.4,0.125,0.19047619047619047,8.0,32.0,4.329004329004329,693,"Sampled-label overlap, no point adjustment; delays among detected events only; no original-FPS seconds.",0.2840909090909091,0.3498426603496263,,0.9102098345756531,1197,238,True
S02,0,plain_ae,epoch25,25,False,0.546253537911515,0.2459702680854782,0.24400349181912384,0.5398697319880699,0.0,0.18067226890756302,0.9676746611053181,921,38,206,32,0.45714285714285713,0.13445378151260504,0.20779220779220778,0.9603753910323254,0.03962460896767466,0.7961570593149541,0.5474145862724652,0.16129791929045148,930,29,207,31,0.5166666666666667,0.13025210084033614,0.20805369127516782,0.9697601668404588,0.03023983315954119,0.8028404344193818,0.5500061338403975,0.18293432370404836,8,1,6,4,0.3333333333333333,0.125,0.18181818181818182,8.0,32.0,5.772005772005772,693,"Sampled-label overlap, no point adjustment; delays among detected events only; no original-FPS seconds.",0.25,0.33198551749248345,,0.9188308119773865,1197,238,True
S02,0,plain_ae,epoch5,5,False,0.47062328581067464,0.21181325820754787,0.21000816087421717,0.5299564312855376,0.0,0.15126050420168066,0.9551616266944735,926,33,226,12,0.26666666666666666,0.05042016806722689,0.08480565371024736,0.9655891553701773,0.03441084462982273,0.783625730994152,0.5080046617187021,0.03359218585657362,935,24,233,5,0.1724137931034483,0.02100840336134454,0.03745318352059925,0.9749739311783108,0.02502606882168926,0.7852965747702589,0.4979911672698277,-0.010429203295883701,8,1,4,3,0.25,0.125,0.16666666666666666,20.0,80.0,4.329004329004329,693,"Sampled-label overlap, no point adjustment; delays among detected events only; no original-FPS seconds.",0.1590909090909091,0.30462485731932326,,1.4494301080703735,1197,238,True
S02,0,plain_ae,epoch50,50,False,0.5662235697198588,0.25244887168478314,0.2504929010490886,0.536987288192265,0.0,0.1638655462184874,0.9770594369134515,924,35,209,29,0.453125,0.12184873949579832,0.1920529801324503,0.9635036496350365,0.0364963503649635,0.7961570593149541,0.5426761945654174,0.15142881447786946,932,27,214,24,0.47058823529411764,0.10084033613445378,0.1660899653979239,0.9718456725755996,0.028154327424400417,0.7986633249791144,0.5363430043550267,0.1436386143879885,8,1,6,4,0.3333333333333333,0.125,0.18181818181818182,8.0,32.0,5.772005772005772,693,"Sampled-label overlap, no point adjustment; delays among detected events only; no original-FPS seconds.",0.2840909090909091,0.3498426603496263,,0.8823979496955872,1197,238,True
S02,0,plain_ae,best_normal_tune,97,True,0.578670884412159,0.2561602272263784,0.2542077951953312,0.535834310673943,0.0,0.15966386554621848,0.9624608967674662,925,34,215,23,0.40350877192982454,0.09663865546218488,0.1559322033898305,0.9645464025026069,0.035453597497393116,0.7919799498746867,0.530592528982396,0.11467092199892019,933,26,218,20,0.43478260869565216,0.08403361344537816,0.14084507042253525,0.97288842544317,0.027111574556830033,0.7961570593149541,0.528461019444274,0.11818480749273375,8,1,4,3,0.25,0.125,0.16666666666666666,8.0,32.0,4.329004329004329,693,"Sampled-label overlap, no point adjustment; delays among detected events only; no original-FPS seconds.",0.2840909090909091,0.3498426603496263,,0.9219428300857544,1197,238,True
S02,0,denoising_ae,epoch10,10,False,0.5250392127653981,0.23547042582968875,0.23354299239196513,0.5380019084083884,0.0,0.18067226890756302,0.9520333680917622,920,39,207,31,0.44285714285714284,0.13025210084033614,0.2012987012987013,0.959332638164755,0.040667361835245046,0.7944862155388471,0.5447923695025456,0.15237749749269364,930,29,210,28,0.49122807017543857,0.11764705882352941,0.18983050847457628,0.9697601668404588,0.03023983315954119,0.8003341687552213,0.5437036128319941,0.1638156028556003,8,1,7,4,0.42857142857142855,0.125,0.19354838709677416,8.0,32.0,5.772005772005772,693,"Sampled-label overlap, no point adjustment; delays among detected events only; no original-FPS seconds.",0.18181818181818182,0.31041490060936655,,1.048163890838623,1197,238,True
S02,0,denoising_ae,epoch100,100,False,0.5996442372569466,0.2693599282537552,0.26728941658290756,0.5433286645430357,0.0,0.18067226890756302,0.9530761209593326,925,34,204,34,0.5,0.14285714285714285,0.22222222222222224,0.9645464025026069,0.035453597497393116,0.8011695906432749,0.5537017726798749,0.18518890865428445,932,27,210,28,0.509090909090909,0.11764705882352941,0.1911262798634812,0.9718456725755996,0.028154327424400417,0.8020050125313283,0.5447463656995645,0.17059690535446356,8,1,6,3,0.5,0.125,0.2,8.0,32.0,4.329004329004329,693,"Sampled-label overlap, no point adjustment; delays among detected events only; no original-FPS seconds.",0.2840909090909091,0.3498426603496263,,0.8315346240997314,1197,238,True
S02,0,denoising_ae,epoch25,25,False,0.57004845733914,0.25570036752474257,0.25365482710517095,0.541922031970683,0.0,0.18487394957983194,0.9551616266944735,922,37,204,34,0.4788732394366197,0.14285714285714285,0.22006472491909382,0.9614181438998958,0.03858185610010428,0.7986633249791144,0.5521376433785193,0.1761898173423771,931,28,210,28,0.5,0.11764705882352941,0.19047619047619047,0.9708029197080292,0.029197080291970802,0.8011695906432749,0.5442249892657793,0.1671701292478166,8,1,7,4,0.42857142857142855,0.125,0.19354838709677416,8.0,32.0,5.772005772005772,693,"Sampled-label overlap, no point adjustment; delays among detected events only; no original-FPS seconds.",0.2840909090909091,0.3498426603496263,,0.8656038641929626,1197,238,True
S02,0,denoising_ae,epoch5,5,False,0.4804593370194793,0.21564111326376043,0.21385685444648198,0.530627464201201,0.0,0.14285714285714285,0.9676746611053181,922,37,218,20,0.3508771929824561,0.08403361344537816,0.13559322033898305,0.9614181438998958,0.03858185610010428,0.7869674185463659,0.522725878672637,0.08518411348491214,931,28,224,14,0.3333333333333333,0.058823529411764705,0.1,0.9708029197080292,0.029197080291970802,0.7894736842105263,0.514813224559897,0.0642631111374339,8,1,7,4,0.42857142857142855,0.125,0.19354838709677416,8.0,32.0,5.772005772005772,693,"Sampled-label overlap, no point adjustment; delays among detected events only; no original-FPS seconds.",0.1477272727272727,0.30178394822841415,,1.2996405363082886,1197,238,True
S02,0,denoising_ae,epoch50,50,False,0.5865309627500636,0.26571887475694567,0.26363968624389955,0.5441818679065941,0.0,0.18487394957983194,0.954118873826903,924,35,204,34,0.4927536231884058,0.14285714285714285,0.2214983713355049,0.9635036496350365,0.0364963503649635,0.8003341687552213,0.5531803962460897,0.18213786919177924,932,27,210,28,0.509090909090909,0.11764705882352941,0.1911262798634812,0.9718456725755996,0.028154327424400417,0.8020050125313283,0.5447463656995645,0.17059690535446356,8,1,6,3,0.5,0.125,0.2,8.0,32.0,4.329004329004329,693,"Sampled-label overlap, no point adjustment; delays among detected events only; no original-FPS seconds.",0.2840909090909091,0.3498426603496263,,0.8218293190002441,1197,238,True
S02,0,denoising_ae,best_normal_tune,98,True,0.6017428869357963,0.27058228059927925,0.26849532844767887,0.5439512724029296,0.0,0.18067226890756302,0.9499478623566214,925,34,204,34,0.5,0.14285714285714285,0.22222222222222224,0.9645464025026069,0.035453597497393116,0.8011695906432749,0.5537017726798749,0.18518890865428445,932,27,210,28,0.509090909090909,0.11764705882352941,0.1911262798634812,0.9718456725755996,0.028154327424400417,0.8020050125313283,0.5447463656995645,0.17059690535446356,8,1,6,3,0.5,0.125,0.2,8.0,32.0,4.329004329004329,693,"Sampled-label overlap, no point adjustment; delays among detected events only; no original-FPS seconds.",0.2840909090909091,0.3498426603496263,,0.8239970207214355,1197,238,True
S03,0,plain_ae,epoch10,10,False,0.8082002418510753,0.46624218671488127,0.4654659229332948,0.5108887358476741,0.01782178217821782,0.047524752475247525,0.4823811152925077,2798,125,967,43,0.25595238095238093,0.04257425742574258,0.07300509337860782,0.9572357167293876,0.04276428327061239,0.7223493516399695,0.4999049870775651,-0.0004105354224659439,2835,88,979,31,0.2605042016806723,0.030693069306930693,0.054915854738706825,0.9698939445774889,0.03010605542251112,0.7287058225273328,0.5002935069422098,0.0014971304485013987,10,2,16,12,0.25,0.2,0.22222222222222224,34.5,138.0,6.4412238325281805,1863,"Sampled-label overlap, no point adjustment; delays among detected events only; no original-FPS seconds.",0.5111111111111111,0.5338381501539397,,0.5938307642936707,3933,1010,True
S03,0,plain_ae,epoch100,100,False,0.8427209262150984,0.5224698425317498,0.521642531686469,0.5378161058268709,0.01782178217821782,0.08712871287128712,0.3995894628806021,2793,130,932,78,0.375,0.07722772277227723,0.12807881773399013,0.9555251453985631,0.04447485460143688,0.7299771167048055,0.5163764340854202,0.06393366862725335,2830,93,952,58,0.3841059602649007,0.05742574257425743,0.09991386735572783,0.9681833732466644,0.03181662675333562,0.7342995169082126,0.5128045579104609,0.058226467494763186,10,4,17,10,0.4117647058823529,0.4,0.40579710144927533,21.0,84.0,4.830917874396135,1863,"Sampled-label overlap, no point adjustment; delays among detected events only; no original-FPS seconds.",0.5777777777777778,0.5718082356240252,,0.5490794777870178,3933,1010,True
S03,0,plain_ae,epoch25,25,False,0.8288371840947352,0.5002279294629757,0.4994236128778115,0.5276621401449074,0.01782178217821782,0.07623762376237624,0.42695860417379405,2813,110,958,52,0.32098765432098764,0.05148514851485148,0.08873720136518772,0.9623674307218612,0.0376325692781389,0.7284515636918383,0.5069262896183563,0.030452290499967206,2847,76,969,41,0.3504273504273504,0.040594059405940595,0.07275953859804793,0.9739993157714677,0.026000684228532328,0.7342995169082126,0.5072966875887042,0.03752612565562512,10,3,15,10,0.3333333333333333,0.3,0.3157894736842105,37.0,148.0,5.367686527106818,1863,"Sampled-label overlap, no point adjustment; delays among detected events only; no original-FPS seconds.",0.5777777777777778,0.5718082356240252,,0.558249294757843,3933,1010,True
S03,0,plain_ae,epoch5,5,False,0.7806947629419116,0.4316523668465461,0.4309153932603481,0.5037563932492066,0.01485148514851485,0.03861386138613861,0.5480670543961683,2850,73,987,23,0.23958333333333334,0.02277227722772277,0.04159132007233273,0.9750256585699624,0.02497434143003763,0.7304856343757946,0.4988989678988426,-0.006234096998744894,2867,56,990,20,0.2631578947368421,0.019801980198019802,0.03683241252302026,0.9808416010947657,0.01915839890523435,0.734045258072718,0.5003217906463927,0.002042428635610665,10,1,6,5,0.16666666666666666,0.1,0.125,7.0,28.0,2.683843263553409,1863,"Sampled-label overlap, no point adjustment; delays among detected events only; no original-FPS seconds.",0.5,0.5285351198509094,,0.7114802002906799,3933,1010,True
S03,0,plain_ae,epoch50,50,False,0.8350142095974907,0.5127205508592714,0.5118981333673751,0.5341006272332582,0.01881188118811881,0.0900990099009901,0.43551146082791653,2806,117,949,61,0.34269662921348315,0.060396039603960394,0.1026936026936027,0.9599726308587068,0.04002736914129319,0.7289600813628273,0.5101843352313336,0.04280778972525034,2845,78,966,44,0.36065573770491804,0.04356435643564356,0.07773851590106007,0.9733150872391378,0.02668491276086213,0.7345537757437071,0.5084397218373907,0.042533765618669915,10,2,13,9,0.3076923076923077,0.2,0.24242424242424246,10.0,40.0,4.830917874396135,1863,"Sampled-label overlap, no point adjustment; delays among detected events only; no original-FPS seconds.",0.5777777777777778,0.5718082356240252,,0.5463748574256897,3933,1010,True
S03,0,plain_ae,best_normal_tune,97,True,0.8417223590302924,0.5205427749040871,0.5197176985962675,0.536119261853261,0.016831683168316833,0.08613861386138613,0.4023263770099213,2787,136,934,76,0.3584905660377358,0.07524752475247524,0.1243862520458265,0.9534724598015737,0.046527540198426275,0.7279430460208492,0.5143599922770244,0.05555990968429475,2822,101,956,54,0.34838709677419355,0.053465346534653464,0.0927038626609442,0.9654464591173452,0.034553540882654804,0.7312484108822782,0.5094559028259993,0.04246305780077894,10,4,15,9,0.4,0.4,0.4000000000000001,21.0,84.0,4.294149221685454,1863,"Sampled-label overlap, no point adjustment; delays among detected events only; no original-FPS seconds.",0.5777777777777778,0.5718082356240252,,0.5485092997550964,3933,1010,True
S03,0,denoising_ae,epoch10,10,False,0.8265650034042062,0.4913449736754788,0.49057908911836945,0.5238532442112893,0.015841584158415842,0.06435643564356436,0.4112213479302087,2848,75,986,24,0.24242424242424243,0.023762376237623763,0.04328223624887286,0.9743414300376325,0.02565856996236743,0.7302313755403,0.49905190313762815,-0.005288276422431921,2866,57,989,21,0.2692307692307692,0.020792079207920793,0.03860294117647058,0.9804994868286008,0.019500513171399246,0.734045258072718,0.5006457830182608,0.00404699080979625,10,1,6,5,0.16666666666666666,0.1,0.125,6.0,24.0,2.683843263553409,1863,"Sampled-label overlap, no point adjustment; delays among detected events only; no original-FPS seconds.",0.5777777777777778,0.5718082356240252,,0.554928183555603,3933,1010,True
S03,0,denoising_ae,epoch100,100,False,0.8527130338760869,0.5349724792324859,0.5340991560400572,0.5406048986698191,0.015841584158415842,0.08316831683168317,0.4125898049948683,2765,158,911,99,0.3852140077821012,0.09801980198019802,0.15627466456195738,0.9459459459459459,0.05405405405405406,0.7281973048563437,0.521982873963072,0.0777204393771568,2793,130,926,84,0.3925233644859813,0.08316831683168317,0.1372549019607843,0.9555251453985631,0.04447485460143688,0.7315026697177727,0.5193467311151232,0.07452340850442218,10,4,20,12,0.4,0.4,0.4000000000000001,19.0,76.0,4.294149221685454,1863,"Sampled-label overlap, no point adjustment; delays among detected events only; no original-FPS seconds.",0.5555555555555556,0.5577209340367235,,0.3992694914340973,3933,1010,True
S03,0,denoising_ae,epoch25,25,False,0.8455093268478404,0.5182955174218475,0.5172670427654917,0.5281516897931038,0.015841584158415842,0.06435643564356436,0.3609305508039685,2805,118,967,43,0.2670807453416149,0.04257425742574258,0.07344150298889839,0.959630516592542,0.04036948340745809,0.7241291634884313,0.5011023870091422,0.004861165386910345,2835,88,979,31,0.2605042016806723,0.030693069306930693,0.054915854738706825,0.9698939445774889,0.03010605542251112,0.7287058225273328,0.5002935069422098,0.0014971304485013987,10,3,13,9,0.3076923076923077,0.3,0.3037974683544304,38.0,152.0,3.757380568974772,1863,"Sampled-label overlap, no point adjustment; delays among detected events only; no original-FPS seconds.",0.5666666666666667,0.5648637911795807,,0.45679783821105957,3933,1010,True
S03,0,denoising_ae,epoch5,5,False,0.7999102373460063,0.4546508132955349,0.45391490184837874,0.509500668272708,0.015841584158415842,0.041584158415841586,0.5087239137872049,2845,78,987,23,0.22772277227722773,0.02277227722772277,0.041404140414041404,0.9733150872391378,0.02668491276086213,0.7292143401983219,0.4980436822334303,-0.010806151505608895,2863,60,990,20,0.25,0.019801980198019802,0.03669724770642201,0.9794731440301061,0.020526855969893943,0.7330282227307399,0.49963756211406296,-0.0022433352511288893,10,1,6,5,0.16666666666666666,0.1,0.125,7.0,28.0,2.683843263553409,1863,"Sampled-label overlap, no point adjustment; delays among detected events only; no original-FPS seconds.",0.5444444444444445,0.5505780768938664,,0.6261208653450012,3933,1010,True
S03,0,denoising_ae,epoch50,50,False,0.8458209556843471,0.519189125451826,0.5183171033646998,0.5290699965075464,0.015841584158415842,0.06831683168316832,0.3985631200821074,2787,136,947,63,0.3165829145728643,0.062376237623762376,0.10421836228287841,0.9534724598015737,0.046527540198426275,0.7246376811594203,0.507924348712668,0.03159038899614604,2819,104,957,53,0.3375796178343949,0.05247524752475247,0.09083119108826049,0.9644201163188505,0.035579883681149505,0.7302313755403,0.5084476819218015,0.03770307954567458,10,4,15,9,0.4,0.4,0.4000000000000001,28.0,112.0,3.757380568974772,1863,"Sampled-label overlap, no point adjustment; delays among detected events only; no original-FPS seconds.",0.5444444444444445,0.5505780768938664,,0.4237726926803589,3933,1010,True
S03,0,denoising_ae,best_normal_tune,100,True,0.8527130338760869,0.5349724792324859,0.5340991560400572,0.5406048986698191,0.015841584158415842,0.08316831683168317,0.4125898049948683,2765,158,911,99,0.3852140077821012,0.09801980198019802,0.15627466456195738,0.9459459459459459,0.05405405405405406,0.7281973048563437,0.521982873963072,0.0777204393771568,2793,130,926,84,0.3925233644859813,0.08316831683168317,0.1372549019607843,0.9555251453985631,0.04447485460143688,0.7315026697177727,0.5193467311151232,0.07452340850442218,10,4,20,12,0.4,0.4,0.4000000000000001,19.0,76.0,4.294149221685454,1863,"Sampled-label overlap, no point adjustment; delays among detected events only; no original-FPS seconds.",0.5555555555555556,0.5577209340367235,,0.3992694914340973,3933,1010,True
S04,0,plain_ae,epoch10,10,False,0.5108381262731916,0.3285969754379017,0.32833389632854076,0.47368421052631576,0.0,0.0,0.8916341569137408,1987,320,1265,0,0.0,0.0,0.0,0.8612917208495882,0.13870827915041178,0.5562709966405375,0.4306458604247941,-0.23228501092253842,2009,298,1265,0,0.0,0.0,0.0,0.8708279150411791,0.129172084958821,0.5624300111982082,0.43541395752058953,-0.22340364773360502,12,0,11,11,0.0,0.0,0.0,,,6.501182033096927,1692,"Sampled-label overlap, no point adjustment; delays among detected events only; no original-FPS seconds.",0.3888888888888889,0.4642313680471575,,0.8660171627998352,3572,1265,True
S04,0,plain_ae,epoch25,25,False,0.5469108453221079,0.3482014768351339,0.34793377178088053,0.47368421052631576,0.0,0.0,0.8742956220199393,2006,301,1265,0,0.0,0.0,0.0,0.8695275249241439,0.1304724750758561,0.5615901455767077,0.43476376246207193,-0.22462828493498624,2033,274,1265,0,0.0,0.0,0.0,0.8812310359774599,0.1187689640225401,0.5691489361702128,0.44061551798872994,-0.21343784200083282,12,0,9,9,0.0,0.0,0.0,,,5.319148936170213,1692,"Sampled-label overlap, no point adjustment; delays among detected events only; no original-FPS seconds.",0.39999999999999997,0.4685170823328718,,0.818049967288971,3572,1265,True
S04,0,plain_ae,epoch5,5,False,0.4888555367664318,0.31757033715429817,0.3173098207995788,0.47368421052631576,0.0,0.0,0.8773298656263546,2006,301,1265,0,0.0,0.0,0.0,0.8695275249241439,0.1304724750758561,0.5615901455767077,0.43476376246207193,-0.22462828493498624,2030,277,1265,0,0.0,0.0,0.0,0.8799306458604248,0.1200693541395752,0.5683090705487122,0.4399653229302124,-0.21470078907047563,12,0,12,12,0.0,0.0,0.0,,,7.092198581560283,1692,"Sampled-label overlap, no point adjustment; delays among detected events only; no original-FPS seconds.",0.25555555555555554,0.4180891769049664,,1.0282050371170044,3572,1265,True
S04,0,plain_ae,epoch50,50,False,0.5673692885204163,0.359561272996861,0.35929097362281387,0.47368421052631576,0.0,0.0,0.8513220632856524,2007,300,1265,0,0.0,0.0,0.0,0.8699609882964889,0.13003901170351106,0.5618701007838746,0.43498049414824447,-0.22422056642918192,2029,278,1265,0,0.0,0.0,0.0,0.8794971824880797,0.12050281751192024,0.5680291153415453,0.43974859124403987,-0.21512063245200597,12,0,9,9,0.0,0.0,0.0,,,5.319148936170213,1692,"Sampled-label overlap, no point adjustment; delays among detected events only; no original-FPS seconds.",0.39999999999999997,0.4685170823328718,,0.8216860890388489,3572,1265,True
S04,0,plain_ae,best_normal_tune,76,True,0.5721312177579493,0.361915728776616,0.3616457101578773,0.47368421052631576,0.0,0.0,0.834850455136541,2003,304,1265,0,0.0,0.0,0.0,0.8682271348071088,0.1317728651928912,0.5607502799552072,0.4341135674035544,-0.22584851189926763,2024,283,1265,0,0.0,0.0,0.0,0.8773298656263546,0.12267013437364542,0.5666293393057111,0.4386649328131773,-0.21721146588737103,12,0,9,9,0.0,0.0,0.0,,,5.319148936170213,1692,"Sampled-label overlap, no point adjustment; delays among detected events only; no original-FPS seconds.",0.39999999999999997,0.4685170823328718,,0.8069708347320557,3572,1265,True
S04,0,denoising_ae,epoch10,10,False,0.5400035293855614,0.34382324663049424,0.3435563101669784,0.47368421052631576,0.0,0.0,0.8621586475942783,1986,321,1265,0,0.0,0.0,0.0,0.8608582574772432,0.13914174252275682,0.5559910414333706,0.4304291287386216,-0.23268345133233523,2004,303,1265,0,0.0,0.0,0.0,0.8686605981794538,0.13133940182054615,0.561030235162374,0.4343302990897269,-0.22544225479864488,12,0,13,13,0.0,0.0,0.0,,,7.68321513002364,1692,"Sampled-label overlap, no point adjustment; delays among detected events only; no original-FPS seconds.",0.3888888888888889,0.4642313680471575,,0.8348051905632019,3572,1265,True
S04,0,denoising_ae,epoch25,25,False,0.5814570194510263,0.36717417871236796,0.3669039723356671,0.47368421052631576,0.0,0.0,0.812743823146944,2008,299,1265,0,0.0,0.0,0.0,0.870394451668834,0.12960554833116603,0.5621500559910414,0.435197225834417,-0.2238123550058431,2035,272,1265,0,0.0,0.0,0.0,0.88209796272215,0.11790203727785002,0.5697088465845465,0.441048981361075,-0.2125929936674988,12,0,10,10,0.0,0.0,0.0,,,5.91016548463357,1692,"Sampled-label overlap, no point adjustment; delays among detected events only; no original-FPS seconds.",0.39999999999999997,0.4685170823328718,,0.8254660367965698,3572,1265,True
S04,0,denoising_ae,epoch5,5,False,0.49363734021392186,0.3191301703051228,0.31887091776414883,0.47368421052631576,0.0,0.0,0.8708279150411791,2007,300,1265,0,0.0,0.0,0.0,0.8699609882964889,0.13003901170351106,0.5618701007838746,0.43498049414824447,-0.22422056642918192,2027,280,1265,0,0.0,0.0,0.0,0.8786302557433897,0.12136974425661032,0.5674692049272116,0.43931512787169485,-0.21595863207311972,12,0,12,12,0.0,0.0,0.0,,,7.092198581560283,1692,"Sampled-label overlap, no point adjustment; delays among detected events only; no original-FPS seconds.",0.18888888888888888,0.39749717903355675,,0.9316718578338623,3572,1265,True
S04,0,denoising_ae,epoch50,50,False,0.5923007995942919,0.37347291729779436,0.3732036663405737,0.47368421052631576,0.0,0.0,0.8166449934980494,2023,284,1265,0,0.0,0.0,0.0,0.8768964022540096,0.12310359774599046,0.5663493840985442,0.4384482011270048,-0.21762798004228792,2048,259,1265,0,0.0,0.0,0.0,0.8877329865626354,0.11226701343736455,0.5733482642777156,0.4438664932813177,-0.20704303706374425,12,0,9,9,0.0,0.0,0.0,,,5.319148936170213,1692,"Sampled-label overlap, no point adjustment; delays among detected events only; no original-FPS seconds.",0.39999999999999997,0.4685170823328718,,0.8297055959701538,3572,1265,True
S04,0,denoising_ae,best_normal_tune,84,True,0.601035514870535,0.378253786052708,0.37798400478562566,0.47368421052631576,0.0,0.0,0.7984395318595578,2025,282,1265,0,0.0,0.0,0.0,0.8777633289986996,0.1222366710013004,0.566909294512878,0.4388816644993498,-0.21679440543976977,2048,259,1265,0,0.0,0.0,0.0,0.8877329865626354,0.11226701343736455,0.5733482642777156,0.4438664932813177,-0.20704303706374425,12,0,9,9,0.0,0.0,0.0,,,5.319148936170213,1692,"Sampled-label overlap, no point adjustment; delays among detected events only; no original-FPS seconds.",0.39999999999999997,0.4685170823328718,,0.8134485483169556,3572,1265,True
S05,0,plain_ae,epoch10,10,False,0.4282006369426752,0.03887721676082273,0.036421046534254736,0.47368421052631576,0.0,0.0,0.9928343949044586,1243,13,50,0,0.0,0.0,0.0,0.9896496815286624,0.010350318471337579,0.9517611026033691,0.4948248407643312,-0.020006107411781902,1254,2,50,0,0.0,0.0,0.0,0.9984076433121019,0.0015923566878980893,0.9601837672281777,0.49920382165605093,-0.007813873653219958,4,0,1,1,0.0,0.0,0.0,,,1.2738853503184713,785,"Sampled-label overlap, no point adjustment; delays among detected events only; no original-FPS seconds.",0.4666666666666667,0.41111111111111115,,0.18167951703071594,1306,50,True
S05,0,plain_ae,epoch100,100,False,0.5142038216560509,0.04557667148558869,0.04259332009109529,0.48312101910828026,0.0,0.0,0.85828025477707,1235,21,50,0,0.0,0.0,0.0,0.98328025477707,0.016719745222929936,0.945635528330781,0.491640127388535,-0.025506347133270123,1251,5,50,0,0.0,0.0,0.0,0.9960191082802548,0.003980891719745223,0.9578866768759571,0.4980095541401274,-0.012369055447259808,4,0,2,2,0.0,0.0,0.0,,,1.2738853503184713,785,"Sampled-label overlap, no point adjustment; delays among detected events only; no original-FPS seconds.",0.7333333333333333,0.7,,0.06776222586631775,1306,50,True
S05,0,plain_ae,epoch25,25,False,0.4623248407643312,0.03758057813869644,0.035349541551286376,0.47368421052631576,0.0,0.0,0.8941082802547771,1242,14,50,0,0.0,0.0,0.0,0.9888535031847133,0.011146496815286623,0.9509954058192955,0.49442675159235666,-0.02076935183927957,1253,3,50,0,0.0,0.0,0.0,0.9976114649681529,0.0023885350318471337,0.9594180704441041,0.49880573248407645,-0.009573673273518712,4,0,1,1,0.0,0.0,0.0,,,1.2738853503184713,785,"Sampled-label overlap, no point adjustment; delays among detected events only; no original-FPS seconds.",0.6,0.4777777777777778,,0.10966183990240097,1306,50,True
S05,0,plain_ae,epoch5,5,False,0.3309713375796179,0.02804724322630666,0.02647473094656752,0.47368421052631576,0.0,0.0,0.9968152866242038,1243,13,50,0,0.0,0.0,0.0,0.9896496815286624,0.010350318471337579,0.9517611026033691,0.4948248407643312,-0.020006107411781902,1253,3,50,0,0.0,0.0,0.0,0.9976114649681529,0.0023885350318471337,0.9594180704441041,0.49880573248407645,-0.009573673273518712,4,0,2,2,0.0,0.0,0.0,,,2.5477707006369426,785,"Sampled-label overlap, no point adjustment; delays among detected events only; no original-FPS seconds.",0.4,0.38333333333333336,,0.2752462923526764,1306,50,True
S05,0,plain_ae,epoch50,50,False,0.5303980891719744,0.04366976492673093,0.04101780282470842,0.47368421052631576,0.0,0.0,0.8168789808917197,1238,18,50,0,0.0,0.0,0.0,0.9856687898089171,0.014331210191082803,0.9479326186830015,0.4928343949044586,-0.023586771702445348,1251,5,50,0,0.0,0.0,0.0,0.9960191082802548,0.003980891719745223,0.9578866768759571,0.4980095541401274,-0.012369055447259808,4,0,2,2,0.0,0.0,0.0,,,1.2738853503184713,785,"Sampled-label overlap, no point adjustment; delays among detected events only; no original-FPS seconds.",0.7333333333333333,0.7,,0.08261390030384064,1306,50,True
S05,0,plain_ae,best_normal_tune,97,True,0.5192515923566878,0.04334934468263091,0.04062972865233247,0.4741032517599732,0.0,0.0,0.8192675159235668,1232,24,50,0,0.0,0.0,0.0,0.9808917197452229,0.01910828025477707,0.9433384379785605,0.49044585987261147,-0.027299317574728997,1249,7,50,0,0.0,0.0,0.0,0.9944267515923567,0.005573248407643312,0.9563552833078101,0.49721337579617836,-0.014646526002017136,4,0,3,3,0.0,0.0,0.0,,,2.5477707006369426,785,"Sampled-label overlap, no point adjustment; delays among detected events only; no original-FPS seconds.",0.7333333333333333,0.7,,0.06531579792499542,1306,50,True
S05,0,denoising_ae,epoch10,10,False,0.45656050955414,0.044903202187454555,0.04185438903073402,0.47876299027824337,0.0,0.0,0.964171974522293,1239,17,50,0,0.0,0.0,0.0,0.9864649681528662,0.013535031847133758,0.9486983154670751,0.4932324840764331,-0.022913328658717643,1252,4,50,0,0.0,0.0,0.0,0.9968152866242038,0.0031847133757961785,0.9586523736600306,0.4984076433121019,-0.01105897015472552,4,0,2,2,0.0,0.0,0.0,,,2.5477707006369426,785,"Sampled-label overlap, no point adjustment; delays among detected events only; no original-FPS seconds.",0.4666666666666667,0.41111111111111115,,0.12491219490766525,1306,50,True
S05,0,denoising_ae,epoch100,100,False,0.5679299363057325,0.0468393649840389,0.043716237210370504,0.5066711364398256,0.0,0.12,0.6648089171974523,1217,39,50,0,0.0,0.0,0.0,0.9689490445859873,0.03105095541401274,0.9318529862174579,0.48447452229299365,-0.03500533019172366,1239,17,50,0,0.0,0.0,0.0,0.9864649681528662,0.013535031847133758,0.9486983154670751,0.4932324840764331,-0.022913328658717643,4,0,3,3,0.0,0.0,0.0,,,2.5477707006369426,785,"Sampled-label overlap, no point adjustment; delays among detected events only; no original-FPS seconds.",0.9333333333333333,0.9166666666666666,,0.044335585087537766,1306,50,True
S05,0,denoising_ae,epoch25,25,False,0.4784554140127388,0.04085746364159984,0.03807556408761992,0.49711699631243716,0.0,0.0,0.8542993630573248,1237,19,50,0,0.0,0.0,0.0,0.9848726114649682,0.015127388535031847,0.947166921898928,0.4924363057324841,-0.024242517036925426,1248,8,50,0,0.0,0.0,0.0,0.9936305732484076,0.006369426751592357,0.9555895865237366,0.4968152866242038,-0.01566382526281854,4,0,3,3,0.0,0.0,0.0,,,2.5477707006369426,785,"Sampled-label overlap, no point adjustment; delays among detected events only; no original-FPS seconds.",0.6666666666666666,0.5333333333333333,,0.07718929648399353,1306,50,True
S05,0,denoising_ae,epoch5,5,False,0.37609872611464973,0.03181962578247988,0.029876985779994952,0.47368421052631576,0.0,0.0,0.9952229299363057,1242,14,50,0,0.0,0.0,0.0,0.9888535031847133,0.011146496815286623,0.9509954058192955,0.49442675159235666,-0.02076935183927957,1249,7,50,0,0.0,0.0,0.0,0.9944267515923567,0.005573248407643312,0.9563552833078101,0.49721337579617836,-0.014646526002017136,4,0,2,2,0.0,0.0,0.0,,,2.5477707006369426,785,"Sampled-label overlap, no point adjustment; delays among detected events only; no original-FPS seconds.",0.4,0.38333333333333336,,0.21786756813526154,1306,50,True
S05,0,denoising_ae,epoch50,50,False,0.5115923566878982,0.041049421152050666,0.03841714521342275,0.49242373449547433,0.0,0.0,0.7635350318471338,1229,27,50,0,0.0,0.0,0.0,0.9785031847133758,0.021496815286624203,0.94104134762634,0.4892515923566879,-0.02898923749943148,1249,7,50,0,0.0,0.0,0.0,0.9944267515923567,0.005573248407643312,0.9563552833078101,0.49721337579617836,-0.014646526002017136,4,0,3,3,0.0,0.0,0.0,,,2.5477707006369426,785,"Sampled-label overlap, no point adjustment; delays among detected events only; no original-FPS seconds.",0.8666666666666667,0.8055555555555556,,0.05872185528278351,1306,50,True
S05,0,denoising_ae,best_normal_tune,100,True,0.5679299363057325,0.0468393649840389,0.043716237210370504,0.5066711364398256,0.0,0.12,0.6648089171974523,1217,39,50,0,0.0,0.0,0.0,0.9689490445859873,0.03105095541401274,0.9318529862174579,0.48447452229299365,-0.03500533019172366,1239,17,50,0,0.0,0.0,0.0,0.9864649681528662,0.013535031847133758,0.9486983154670751,0.4932324840764331,-0.022913328658717643,4,0,3,3,0.0,0.0,0.0,,,2.5477707006369426,785,"Sampled-label overlap, no point adjustment; delays among detected events only; no original-FPS seconds.",0.9333333333333333,0.9166666666666666,,0.044335585087537766,1306,50,True
S06,0,plain_ae,epoch10,10,False,0.46452894055453664,0.16665626850077803,0.1662578555903066,0.4736984061188682,0.0,0.0,0.975,2300,180,598,0,0.0,0.0,0.0,0.9274193548387096,0.07258064516129033,0.7472384665367121,0.4637096774193548,-0.12238038456119356,2311,169,598,0,0.0,0.0,0.0,0.9318548387096774,0.06814516129032258,0.7508122157244964,0.4659274193548387,-0.11835762537422681,9,0,6,6,0.0,0.0,0.0,,,3.775959723096287,1589,"Sampled-label overlap, no point adjustment; delays among detected events only; no original-FPS seconds.",0.25555555555555554,0.3735139917415459,,0.3413195312023163,3078,598,True
S06,0,plain_ae,epoch25,25,False,0.505463777106484,0.18073374695962482,0.18030103480400642,0.47379777526673517,0.0,0.0,0.9794354838709678,2307,173,598,0,0.0,0.0,0.0,0.930241935483871,0.06975806451612904,0.7495126705653021,0.4651209677419355,-0.11983253170983249,2325,155,598,0,0.0,0.0,0.0,0.9375,0.0625,0.7553606237816765,0.46875,-0.11307749863661251,9,0,6,6,0.0,0.0,0.0,,,3.775959723096287,1589,"Sampled-label overlap, no point adjustment; delays among detected events only; no original-FPS seconds.",0.28888888888888886,0.3877997060272602,,0.3045496642589569,3078,598,True
S06,0,plain_ae,epoch5,5,False,0.4351184054374797,0.1578186653247639,0.15744702532531782,0.47368421052631576,0.0,0.0,0.9370967741935484,2311,169,598,0,0.0,0.0,0.0,0.9318548387096774,0.06814516129032258,0.7508122157244964,0.4659274193548387,-0.11835762537422681,2321,159,598,0,0.0,0.0,0.0,0.9358870967741936,0.06411290322580646,0.7540610786224822,0.4679435483870968,-0.11460571269801052,9,0,4,4,0.0,0.0,0.0,,,2.5173064820641913,1589,"Sampled-label overlap, no point adjustment; delays among detected events only; no original-FPS seconds.",0.2444444444444444,0.37033938856694276,,0.42890506982803345,3078,598,True
S06,0,plain_ae,epoch50,50,False,0.5349019581400367,0.19142857238035532,0.1909778334295557,0.47368421052631576,0.0,0.0,0.9584677419354839,2315,165,598,0,0.0,0.0,0.0,0.9334677419354839,0.06653225806451613,0.7521117608836907,0.46673387096774194,-0.11686823397948906,2324,156,598,0,0.0,0.0,0.0,0.9370967741935484,0.06290322580645161,0.7550357374918778,0.4685483870967742,-0.11346108830774894,9,0,5,5,0.0,0.0,0.0,,,3.1466331025802394,1589,"Sampled-label overlap, no point adjustment; delays among detected events only; no original-FPS seconds.",0.31111111111111106,0.3943084206242101,,0.31000611186027527,3078,598,True
S06,0,plain_ae,best_normal_tune,80,True,0.5489602438234977,0.19688372717527558,0.19642682218640084,0.47371260171142066,0.0,0.0,0.9693548387096774,2319,161,598,0,0.0,0.0,0.0,0.9350806451612903,0.06491935483870968,0.753411306042885,0.46754032258064515,-0.1153637793016114,2331,149,598,0,0.0,0.0,0.0,0.9399193548387097,0.06008064516129032,0.7573099415204678,0.46995967741935485,-0.11075368881296124,9,0,4,4,0.0,0.0,0.0,,,2.5173064820641913,1589,"Sampled-label overlap, no point adjustment; delays among detected events only; no original-FPS seconds.",0.29999999999999993,0.3910404467680009,,0.31812798976898193,3078,598,True
S06,0,denoising_ae,epoch10,10,False,0.5118075035063114,0.18105997453168482,0.18063439608825815,0.4737942263685971,0.0,0.0,0.9620967741935483,2312,168,598,0,0.0,0.0,0.0,0.932258064516129,0.06774193548387097,0.751137102014295,0.4661290322580645,-0.11798665749506311,2327,153,598,0,0.0,0.0,0.0,0.9383064516129033,0.06169354838709677,0.7560103963612735,0.46915322580645163,-0.11230718243196404,9,0,6,6,0.0,0.0,0.0,,,3.775959723096287,1589,"Sampled-label overlap, no point adjustment; delays among detected events only; no original-FPS seconds.",0.28888888888888886,0.3877997060272602,,0.3200136721134186,3078,598,True
S06,0,denoising_ae,epoch100,100,False,0.5981794152551516,0.22033527984434803,0.2198575794685265,0.47394682898853563,0.0,0.0,0.975,2313,167,598,0,0.0,0.0,0.0,0.9326612903225806,0.06733870967741935,0.7514619883040936,0.4663306451612903,-0.11761477563343062,2327,153,598,0,0.0,0.0,0.0,0.9383064516129033,0.06169354838709677,0.7560103963612735,0.46915322580645163,-0.11230718243196404,9,0,6,6,0.0,0.0,0.0,,,3.775959723096287,1589,"Sampled-label overlap, no point adjustment; delays among detected events only; no original-FPS seconds.",0.2666666666666666,0.381572599800154,,0.26541799306869507,3078,598,True
S06,0,denoising_ae,epoch25,25,False,0.5585742798575898,0.20075567002824374,0.20029675276622017,0.4739219867015689,0.0,0.0,0.9584677419354839,2314,166,598,0,0.0,0.0,0.0,0.9330645161290323,0.06693548387096775,0.7517868745938922,0.46653225806451615,-0.11724197082744006,2330,150,598,0,0.0,0.0,0.0,0.9395161290322581,0.06048387096774194,0.7569850552306693,0.46975806451612906,-0.11114369858220481,9,0,5,5,0.0,0.0,0.0,,,3.1466331025802394,1589,"Sampled-label overlap, no point adjustment; delays among detected events only; no original-FPS seconds.",0.2666666666666666,0.3820353632531135,,0.281350314617157,3078,598,True
S06,0,denoising_ae,epoch5,5,False,0.45782413151364754,0.16386372998073692,0.1634812782071605,0.47368421052631576,0.0,0.0,0.9669354838709677,2313,167,598,0,0.0,0.0,0.0,0.9326612903225806,0.06733870967741935,0.7514619883040936,0.4663306451612903,-0.11761477563343062,2321,159,598,0,0.0,0.0,0.0,0.9358870967741936,0.06411290322580646,0.7540610786224822,0.4679435483870968,-0.11460571269801052,9,0,4,4,0.0,0.0,0.0,,,2.5173064820641913,1589,"Sampled-label overlap, no point adjustment; delays among detected events only; no original-FPS seconds.",0.23333333333333328,0.3642547324822867,,0.40110474824905396,3078,598,True
S06,0,denoising_ae,epoch50,50,False,0.5802311468335312,0.2112196280287726,0.21074972953351911,0.4738545576369449,0.0,0.0,0.9762096774193548,2302,178,598,0,0.0,0.0,0.0,0.9282258064516129,0.0717741935483871,0.7478882391163093,0.46411290322580645,-0.12165662211370035,2319,161,598,0,0.0,0.0,0.0,0.9350806451612903,0.06491935483870968,0.753411306042885,0.46754032258064515,-0.1153637793016114,9,0,7,7,0.0,0.0,0.0,,,4.405286343612335,1589,"Sampled-label overlap, no point adjustment; delays among detected events only; no original-FPS seconds.",0.27777777777777773,0.38462510285265705,,0.2646889090538025,3078,598,True
S06,0,denoising_ae,best_normal_tune,98,True,0.5982191984032796,0.22008629637817728,0.21960851755163854,0.47396457347922616,0.0,0.0,0.9641129032258065,2316,164,598,0,0.0,0.0,0.0,0.9338709677419355,0.06612903225806452,0.7524366471734892,0.4669354838709677,-0.11649355585336561,2330,150,598,0,0.0,0.0,0.0,0.9395161290322581,0.06048387096774194,0.7569850552306693,0.46975806451612906,-0.11114369858220481,9,0,5,5,0.0,0.0,0.0,,,3.1466331025802394,1589,"Sampled-label overlap, no point adjustment; delays among detected events only; no original-FPS seconds.",0.2666666666666666,0.381572599800154,,0.26383355259895325,3078,598,True
S07,0,plain_ae,epoch10,10,False,0.4612972890014361,0.14210276828580656,0.1416088194810288,0.47373181036914974,0.0,0.0,0.9238991021804189,2248,91,468,0,0.0,0.0,0.0,0.9610944848225738,0.03890551517742625,0.8008550053437834,0.4805472424112869,-0.08187732189432821,2252,87,468,0,0.0,0.0,0.0,0.9628046173578453,0.037195382642154766,0.8022800142500891,0.48140230867892264,-0.07999871110296373,11,0,2,2,0.0,0.0,0.0,,,1.5432098765432098,1296,"Sampled-label overlap, no point adjustment; delays among detected events only; no original-FPS seconds.",0.13333333333333336,0.38036514440152214,,1.5134538412094116,2807,468,True
S07,0,plain_ae,epoch25,25,False,0.4952277070703749,0.15146628551006835,0.15095601300824574,0.47373181036914974,0.0,0.0,0.8952543822146216,2247,92,468,0,0.0,0.0,0.0,0.9606669516887559,0.03933304831124412,0.800498753117207,0.48033347584437797,-0.08234112803671141,2252,87,468,0,0.0,0.0,0.0,0.9628046173578453,0.037195382642154766,0.8022800142500891,0.48140230867892264,-0.07999871110296373,11,0,3,3,0.0,0.0,0.0,,,2.314814814814815,1296,"Sampled-label overlap, no point adjustment; delays among detected events only; no original-FPS seconds.",0.15555555555555559,0.38869847773485544,,1.33882474899292,2807,468,True
S07,0,plain_ae,epoch5,5,False,0.4252301187957451,0.13367603401357667,0.13320227096555268,0.47372700230421705,0.0,0.0,0.9333048311244121,2255,84,468,0,0.0,0.0,0.0,0.9640872167592989,0.03591278324070116,0.8033487709298183,0.48204360837964944,-0.07856400923022511,2257,82,468,0,0.0,0.0,0.0,0.9649422830269346,0.035057716973065416,0.8040612753829711,0.4824711415134673,-0.07759459818377035,11,0,2,2,0.0,0.0,0.0,,,1.5432098765432098,1296,"Sampled-label overlap, no point adjustment; delays among detected events only; no original-FPS seconds.",0.0888888888888889,0.3697607487971265,,1.8842824697494507,2807,468,True
S07,0,plain_ae,epoch50,50,False,0.5121408447616229,0.15752618018975745,0.1570059602965061,0.47370777004448616,0.0,0.0,0.8931167165455323,2246,93,468,0,0.0,0.0,0.0,0.960239418554938,0.03976058144506199,0.8001425008906305,0.480119709277469,-0.08280267519834925,2248,91,468,0,0.0,0.0,0.0,0.9610944848225738,0.03890551517742625,0.8008550053437834,0.4805472424112869,-0.08187732189432821,11,0,2,2,0.0,0.0,0.0,,,1.5432098765432098,1296,"Sampled-label overlap, no point adjustment; delays among detected events only; no original-FPS seconds.",0.15555555555555559,0.38869847773485544,,1.3215625286102295,2807,468,True
S07,0,plain_ae,best_normal_tune,82,True,0.5243100090256995,0.1617633313185478,0.1612354700188024,0.4737173861743516,0.0,0.0,0.9016673792218897,2247,92,468,0,0.0,0.0,0.0,0.9606669516887559,0.03933304831124412,0.800498753117207,0.48033347584437797,-0.08234112803671141,2249,90,468,0,0.0,0.0,0.0,0.9615220179563916,0.03847798204360838,0.8012112575703598,0.4807610089781958,-0.0814112177818096,11,0,2,2,0.0,0.0,0.0,,,1.5432098765432098,1296,"Sampled-label overlap, no point adjustment; delays among detected events only; no original-FPS seconds.",0.15555555555555559,0.38869847773485544,,1.3349087238311768,2807,468,True
S07,0,denoising_ae,epoch10,10,False,0.4968665840833434,0.15249180884121308,0.15197465268369642,0.4738558584444141,0.0,0.0,0.8952543822146216,2249,90,468,0,0.0,0.0,0.0,0.9615220179563916,0.03847798204360838,0.8012112575703598,0.4807610089781958,-0.0814112177818096,2252,87,468,0,0.0,0.0,0.0,0.9628046173578453,0.037195382642154766,0.8022800142500891,0.48140230867892264,-0.07999871110296373,11,0,2,2,0.0,0.0,0.0,,,1.5432098765432098,1296,"Sampled-label overlap, no point adjustment; delays among detected events only; no original-FPS seconds.",0.1777777777777778,0.39445605349243124,,1.5351052284240723,2807,468,True
S07,0,denoising_ae,epoch25,25,False,0.5204695190800365,0.16246371104304436,0.1619287924409633,0.47395682780800125,0.0,0.0,0.9230440359127833,2246,93,468,0,0.0,0.0,0.0,0.960239418554938,0.03976058144506199,0.8001425008906305,0.480119709277469,-0.08280267519834925,2249,90,468,0,0.0,0.0,0.0,0.9615220179563916,0.03847798204360838,0.8012112575703598,0.4807610089781958,-0.0814112177818096,11,0,2,2,0.0,0.0,0.0,,,1.5432098765432098,1296,"Sampled-label overlap, no point adjustment; delays among detected events only; no original-FPS seconds.",0.23333333333333334,0.4134187574551351,,1.2963272333145142,2807,468,True
S07,0,denoising_ae,epoch5,5,False,0.45551554283918544,0.14040717459631522,0.1399190905940445,0.47378854553535593,0.0,0.0,0.9354424967935014,2253,86,468,0,0.0,0.0,0.0,0.9632321504916631,0.0367678495083369,0.8026362664766655,0.48161607524583155,-0.07952300273472884,2256,83,468,0,0.0,0.0,0.0,0.9645147498931167,0.03548525010688328,0.8037050231563947,0.48225737494655835,-0.07808063024928348,11,0,2,2,0.0,0.0,0.0,,,1.5432098765432098,1296,"Sampled-label overlap, no point adjustment; delays among detected events only; no original-FPS seconds.",0.11111111111111113,0.3747302237666015,,1.8405624628067017,2807,468,True
S07,0,denoising_ae,epoch50,50,False,0.5404959749765222,0.17054131434176453,0.1699945150675765,0.47392269054697894,0.0,0.0,0.9153484395040615,2250,89,468,0,0.0,0.0,0.0,0.9619495510902095,0.03805044890979051,0.8015675097969363,0.48097477554510476,-0.08094277561873321,2255,84,468,0,0.0,0.0,0.0,0.9640872167592989,0.03591278324070116,0.8033487709298183,0.48204360837964944,-0.07856400923022511,11,0,2,2,0.0,0.0,0.0,,,1.5432098765432098,1296,"Sampled-label overlap, no point adjustment; delays among detected events only; no original-FPS seconds.",0.30000000000000004,0.4430435770799548,,1.2391849756240845,2807,468,True
S07,0,denoising_ae,best_normal_tune,90,True,0.546429367506751,0.17326931607185947,0.17271776745712947,0.4739856761975976,0.0,0.0,0.9093629756306114,2252,87,468,0,0.0,0.0,0.0,0.9628046173578453,0.037195382642154766,0.8022800142500891,0.48140230867892264,-0.07999871110296373,2255,84,468,0,0.0,0.0,0.0,0.9640872167592989,0.03591278324070116,0.8033487709298183,0.48204360837964944,-0.07856400923022511,11,0,2,2,0.0,0.0,0.0,,,1.5432098765432098,1296,"Sampled-label overlap, no point adjustment; delays among detected events only; no original-FPS seconds.",0.30000000000000004,0.4430435770799548,,1.2154346704483032,2807,468,True
S08,0,plain_ae,epoch10,10,False,0.6365623252613015,0.24232744027603875,0.24177490371344487,0.47385211059822985,0.0,0.0,0.7982708933717579,2048,34,536,0,0.0,0.0,0.0,0.983669548511047,0.01633045148895293,0.7822765469824293,0.4918347742555235,-0.05820164184804045,2060,22,536,0,0.0,0.0,0.0,0.989433237271854,0.010566762728146013,0.7868601986249045,0.494716618635927,-0.046709049376312255,10,0,5,5,0.0,0.0,0.0,,,4.061738424045491,1231,"Sampled-label overlap, no point adjustment; delays among detected events only; no original-FPS seconds.",0.26666666666666666,0.41913715670294616,,1.4090240001678467,2618,536,True
S08,0,plain_ae,epoch25,25,False,0.6684122614592742,0.26259678909217277,0.2620063336176278,0.4741049039649319,0.0,0.0,0.7776176753121998,2052,30,536,0,0.0,0.0,0.0,0.9855907780979827,0.01440922190201729,0.7838044308632544,0.49279538904899134,-0.054628656967630494,2063,19,536,0,0.0,0.0,0.0,0.9908741594620557,0.009125840537944284,0.7880061115355232,0.49543707973102785,-0.04338261163242794,10,0,5,5,0.0,0.0,0.0,,,4.061738424045491,1231,"Sampled-label overlap, no point adjustment; delays among detected events only; no original-FPS seconds.",0.37777777777777777,0.46048136804715756,,1.2611403465270996,2618,536,True
S08,0,plain_ae,epoch5,5,False,0.6006907107115719,0.225560306823482,0.22504527729667834,0.47368421052631576,0.0,0.0,0.7934678194044188,2047,35,536,0,0.0,0.0,0.0,0.9831892411143132,0.01681075888568684,0.7818945760122231,0.4915946205571566,-0.059062775460635875,2057,25,536,0,0.0,0.0,0.0,0.9879923150816523,0.012007684918347743,0.7857142857142857,0.49399615754082615,-0.04982080932055738,10,0,5,5,0.0,0.0,0.0,,,4.061738424045491,1231,"Sampled-label overlap, no point adjustment; delays among detected events only; no original-FPS seconds.",0.25555555555555554,0.4149704900362795,,1.5835919380187988,2618,536,True
S08,0,plain_ae,epoch50,50,False,0.6805875163089453,0.2765025324278391,0.27589851331377646,0.47429355573112747,0.0,0.0,0.8760806916426513,2050,32,536,0,0.0,0.0,0.0,0.9846301633045149,0.01536983669548511,0.7830404889228418,0.49231508165225746,-0.05644204766225104,2055,27,536,0,0.0,0.0,0.0,0.9870317002881844,0.012968299711815562,0.7849503437738732,0.4935158501440922,-0.051795282705191105,10,0,6,6,0.0,0.0,0.0,,,4.87408610885459,1231,"Sampled-label overlap, no point adjustment; delays among detected events only; no original-FPS seconds.",0.39999999999999997,0.4685170823328718,,1.2315936088562012,2618,536,True
S08,0,plain_ae,best_normal_tune,64,True,0.684920139934334,0.28007513441840814,0.2794645385184535,0.474399200720197,0.0,0.0,0.8871277617675313,2049,33,536,0,0.0,0.0,0.0,0.984149855907781,0.01585014409221902,0.7826585179526356,0.4920749279538905,-0.05732825577686418,2055,27,536,0,0.0,0.0,0.0,0.9870317002881844,0.012968299711815562,0.7849503437738732,0.4935158501440922,-0.051795282705191105,10,0,6,6,0.0,0.0,0.0,,,4.87408610885459,1231,"Sampled-label overlap, no point adjustment; delays among detected events only; no original-FPS seconds.",0.39999999999999997,0.4685170823328718,,1.2340162992477417,2618,536,True
S08,0,denoising_ae,epoch10,10,False,0.668724998924685,0.26322111926372976,0.262645478876659,0.47372760043254075,0.0,0.0,0.7579250720461095,2030,52,536,0,0.0,0.0,0.0,0.9750240153698367,0.024975984630163303,0.7754010695187166,0.48751200768491837,-0.07222962798541704,2045,37,536,0,0.0,0.0,0.0,0.9822286263208453,0.01777137367915466,0.7811306340718105,0.49111431316042264,-0.06075036505830972,10,0,6,6,0.0,0.0,0.0,,,4.87408610885459,1231,"Sampled-label overlap, no point adjustment; delays among detected events only; no original-FPS seconds.",0.34444444444444444,0.4477890603548498,,1.2029006481170654,2618,536,True
S08,0,denoising_ae,epoch100,100,False,0.7203777581831478,0.304056763385238,0.3034261297686145,0.474101130929608,0.0,0.0,0.8232468780019212,2040,42,536,0,0.0,0.0,0.0,0.9798270893371758,0.020172910662824207,0.7792207792207793,0.4899135446685879,-0.06478787686634371,2050,32,536,0,0.0,0.0,0.0,0.9846301633045149,0.01536983669548511,0.7830404889228418,0.49231508165225746,-0.05644204766225104,10,0,5,5,0.0,0.0,0.0,,,4.061738424045491,1231,"Sampled-label overlap, no point adjustment; delays among detected events only; no original-FPS seconds.",0.39999999999999997,0.4685170823328718,,1.0632386207580566,2618,536,True
S08,0,denoising_ae,epoch25,25,False,0.6930629632815749,0.28415622953245523,0.28355285885864,0.47385305385706084,0.0,0.0,0.8736791546589817,2034,48,536,0,0.0,0.0,0.0,0.9769452449567724,0.023054755043227664,0.7769289533995416,0.4884726224783862,-0.06934195619098878,2048,34,536,0,0.0,0.0,0.0,0.983669548511047,0.01633045148895293,0.7822765469824293,0.4918347742555235,-0.05820164184804045,10,0,5,5,0.0,0.0,0.0,,,4.061738424045491,1231,"Sampled-label overlap, no point adjustment; delays among detected events only; no original-FPS seconds.",0.39999999999999997,0.4685170823328718,,1.091641902923584,2618,536,True
S08,0,denoising_ae,epoch5,5,False,0.6312574375958823,0.23919163750469644,0.23865914404458316,0.47368421052631576,0.0,0.0,0.7641690682036504,2027,55,536,0,0.0,0.0,0.0,0.973583093179635,0.026416906820365033,0.7742551566080977,0.4867915465898175,-0.07432742269854418,2041,41,536,0,0.0,0.0,0.0,0.9803073967339097,0.0196926032660903,0.7796027501909855,0.4901536983669548,-0.06399952509593035,10,0,7,7,0.0,0.0,0.0,,,5.686433793663688,1231,"Sampled-label overlap, no point adjustment; delays among detected events only; no original-FPS seconds.",0.26666666666666666,0.41913715670294616,,1.3469747304916382,2618,536,True
S08,0,denoising_ae,epoch50,50,False,0.7080492709363844,0.2947801059795748,0.294167176444362,0.47391908197522925,0.0,0.0,0.8506243996157541,2042,40,536,0,0.0,0.0,0.0,0.9807877041306436,0.01921229586935639,0.7799847211611918,0.4903938520653218,-0.06320196359665461,2051,31,536,0,0.0,0.0,0.0,0.9851104707012488,0.014889529298751201,0.7834224598930482,0.4925552353506244,-0.05554240294570315,10,0,5,5,0.0,0.0,0.0,,,4.061738424045491,1231,"Sampled-label overlap, no point adjustment; delays among detected events only; no original-FPS seconds.",0.39999999999999997,0.4685170823328718,,1.0904587507247925,2618,536,True
S08,0,denoising_ae,best_normal_tune,100,True,0.7203777581831478,0.304056763385238,0.3034261297686145,0.474101130929608,0.0,0.0,0.8232468780019212,2040,42,536,0,0.0,0.0,0.0,0.9798270893371758,0.020172910662824207,0.7792207792207793,0.4899135446685879,-0.06478787686634371,2050,32,536,0,0.0,0.0,0.0,0.9846301633045149,0.01536983669548511,0.7830404889228418,0.49231508165225746,-0.05644204766225104,10,0,5,5,0.0,0.0,0.0,,,4.061738424045491,1231,"Sampled-label overlap, no point adjustment; delays among detected events only; no original-FPS seconds.",0.39999999999999997,0.4685170823328718,,1.0632386207580566,2618,536,True
S09,0,plain_ae,epoch10,10,False,0.7305131995776135,0.5445048366760085,0.5438028560310315,0.6272039126326905,0.252,0.284,0.9461457233368532,891,56,171,79,0.5851851851851851,0.316,0.4103896103896104,0.9408658922914467,0.059134107708553325,0.810359231411863,0.6284329461457233,0.33008234189397917,906,41,179,71,0.6339285714285714,0.284,0.3922651933701657,0.9567053854276664,0.04329461457233368,0.8162071846282373,0.6203526927138332,0.33597496741691446,8,3,9,4,0.5555555555555556,0.375,0.44776119402985076,4.0,16.0,5.772005772005772,693,"Sampled-label overlap, no point adjustment; delays among detected events only; no original-FPS seconds.",0.4204545454545455,0.4782989671147566,,0.7700502276420593,1197,250,True
S09,0,plain_ae,epoch100,100,False,0.7621837381203802,0.5871428476649038,0.5864672625213625,0.6501372756071806,0.252,0.288,0.8944033790918691,874,73,143,107,0.5944444444444444,0.428,0.4976744186046511,0.9229144667370645,0.07708553326293559,0.8195488721804511,0.6754572333685323,0.3990704195090521,896,51,150,100,0.6622516556291391,0.4,0.4987531172069825,0.9461457233368532,0.05385427666314678,0.8320802005012531,0.6730728616684266,0.42378896908550956,8,5,12,5,0.5833333333333334,0.625,0.603448275862069,9.0,36.0,7.215007215007215,693,"Sampled-label overlap, no point adjustment; delays among detected events only; no original-FPS seconds.",0.4431818181818182,0.48953634085213027,,0.521064817905426,1197,250,True
S09,0,plain_ae,epoch25,25,False,0.7510116156282998,0.573702425956704,0.5730150629325989,0.6388684488412161,0.252,0.284,0.9324181626187962,869,78,152,98,0.5568181818181818,0.392,0.460093896713615,0.9176346356916578,0.08236536430834214,0.8078529657477026,0.654817317845829,0.3554064651578322,890,57,165,85,0.5985915492957746,0.34,0.43367346938775514,0.9398099260823654,0.06019007391763464,0.8145363408521303,0.6399049630411827,0.35175291778186407,8,5,13,5,0.6153846153846154,0.625,0.6201550387596899,9.0,36.0,7.215007215007215,693,"Sampled-label overlap, no point adjustment; delays among detected events only; no original-FPS seconds.",0.4204545454545455,0.4782989671147566,,0.5465167760848999,1197,250,True
S09,0,plain_ae,epoch5,5,False,0.7288489968321014,0.5298546608362471,0.5290353937520978,0.6276707608514422,0.228,0.284,0.9334741288278775,891,56,176,74,0.5692307692307692,0.296,0.38947368421052625,0.9408658922914467,0.059134107708553325,0.8061821219715957,0.6184329461457233,0.30945224417926087,907,40,187,63,0.6116504854368932,0.252,0.35694050991501414,0.9577613516367476,0.042238648363252376,0.810359231411863,0.6048806758183738,0.3040487297050496,8,2,6,4,0.3333333333333333,0.25,0.28571428571428575,3.0,12.0,5.772005772005772,693,"Sampled-label overlap, no point adjustment; delays among detected events only; no original-FPS seconds.",0.375,0.4577903091060986,,1.0112719535827637,1197,250,True
S09,0,plain_ae,epoch50,50,False,0.7576768743400212,0.5821884638547451,0.5814940694834325,0.6460023342410938,0.252,0.284,0.9060190073917634,880,67,157,93,0.58125,0.372,0.45365853658536587,0.9292502639915523,0.07074973600844774,0.8128654970760234,0.6506251319957761,0.35985128717267445,896,51,167,83,0.6194029850746269,0.332,0.43229166666666674,0.9461457233368532,0.05385427666314678,0.8178780284043442,0.6390728616684266,0.3585901444538939,8,5,13,5,0.6153846153846154,0.625,0.6201550387596899,9.0,36.0,7.215007215007215,693,"Sampled-label overlap, no point adjustment; delays among detected events only; no original-FPS seconds.",0.4204545454545455,0.4782989671147566,,0.554157555103302,1197,250,True
S09,0,plain_ae,best_normal_tune,99,True,0.7640168954593454,0.5885480944254353,0.5878697857273767,0.6505752236981048,0.252,0.288,0.8848996832101372,878,69,146,104,0.6011560693641619,0.416,0.491725768321513,0.9271383315733897,0.07286166842661035,0.8203842940685045,0.6715691657866948,0.39668081718867276,897,50,152,98,0.6621621621621622,0.392,0.492462311557789,0.9472016895459345,0.05279831045406547,0.8312447786131997,0.6696008447729673,0.41887495947992326,8,5,12,5,0.5833333333333334,0.625,0.603448275862069,9.0,36.0,7.215007215007215,693,"Sampled-label overlap, no point adjustment; delays among detected events only; no original-FPS seconds.",0.4431818181818182,0.48953634085213027,,0.5237742066383362,1197,250,True
S09,0,denoising_ae,epoch10,10,False,0.7365702217529039,0.5511586301254348,0.5504050100397191,0.6246229089090202,0.252,0.268,0.9472016895459345,882,65,173,77,0.5422535211267606,0.308,0.3928571428571429,0.9313621964097148,0.06863780359028511,0.8011695906432749,0.6196810982048574,0.30090551887358225,902,45,180,70,0.6086956521739131,0.28,0.3835616438356165,0.9524815205913411,0.04751847940865892,0.8120300751879699,0.6162407602956705,0.32067926596611934,8,3,10,5,0.5,0.375,0.42857142857142855,4.0,16.0,7.215007215007215,693,"Sampled-label overlap, no point adjustment; delays among detected events only; no original-FPS seconds.",0.375,0.45976780464977063,,0.6556091904640198,1197,250,True
S09,0,denoising_ae,epoch100,100,False,0.765077085533263,0.588272248297909,0.5875733025704842,0.6512532651586729,0.252,0.288,0.866948257655755,881,66,157,93,0.5849056603773585,0.372,0.4547677261613692,0.9303062302006336,0.06969376979936642,0.8137009189640768,0.6511531151003168,0.3620719262743089,896,51,176,74,0.592,0.296,0.39466666666666667,0.9461457233368532,0.05385427666314678,0.810359231411863,0.6210728616684266,0.32186177189111626,8,5,11,5,0.5454545454545454,0.625,0.5825242718446602,11.0,44.0,7.215007215007215,693,"Sampled-label overlap, no point adjustment; delays among detected events only; no original-FPS seconds.",0.4431818181818182,0.48953634085213027,,0.44615790247917175,1197,250,True
S09,0,denoising_ae,epoch25,25,False,0.7536557550158396,0.5748408936868271,0.574153639297291,0.6374767965319846,0.252,0.268,0.9070749736008448,880,67,161,89,0.5705128205128205,0.356,0.438423645320197,0.9292502639915523,0.07074973600844774,0.8095238095238095,0.6426251319957761,0.3444160526013189,897,50,172,78,0.609375,0.312,0.4126984126984127,0.9472016895459345,0.05279831045406547,0.8145363408521303,0.6296008447729673,0.3409486572910756,8,5,12,5,0.5833333333333334,0.625,0.603448275862069,9.0,36.0,7.215007215007215,693,"Sampled-label overlap, no point adjustment; delays among detected events only; no original-FPS seconds.",0.4204545454545455,0.4782989671147566,,0.5100777745246887,1197,250,True
S09,0,denoising_ae,epoch5,5,False,0.7060063357972545,0.5125610832427395,0.511768641075561,0.6183426888234314,0.232,0.276,0.9493136219640972,889,58,179,71,0.5503875968992248,0.284,0.37467018469656993,0.938753959873284,0.061246040126715945,0.8020050125313283,0.611376979936642,0.29200476977625833,901,46,189,61,0.5700934579439252,0.244,0.3417366946778711,0.9514255543822597,0.048574445617740235,0.8036758563074352,0.5977127771911299,0.2784333217765141,8,1,6,5,0.16666666666666666,0.125,0.14285714285714288,2.0,8.0,7.215007215007215,693,"Sampled-label overlap, no point adjustment; delays among detected events only; no original-FPS seconds.",0.35227272727272724,0.4510265459085119,,0.8962476849555969,1197,250,True
S09,0,denoising_ae,epoch50,50,False,0.7586356916578669,0.5813602916993049,0.5806363515295146,0.6466714833546379,0.252,0.272,0.8870116156282999,879,68,155,95,0.5828220858895705,0.38,0.4600484261501211,0.928194297782471,0.07180570221752904,0.8137009189640768,0.6540971488912355,0.3652712756985021,895,52,168,82,0.6119402985074627,0.328,0.4270833333333333,0.9450897571277719,0.054910242872228086,0.8162071846282373,0.636544878563886,0.35207190778457514,8,5,13,5,0.6153846153846154,0.625,0.6201550387596899,9.0,36.0,7.215007215007215,693,"Sampled-label overlap, no point adjustment; delays among detected events only; no original-FPS seconds.",0.4204545454545455,0.4782989671147566,,0.46106815338134766,1197,250,True
S09,0,denoising_ae,best_normal_tune,99,True,0.7672861668426609,0.5878371264851014,0.5871141024386418,0.6498971822375368,0.252,0.284,0.8637803590285111,880,67,157,93,0.58125,0.372,0.45365853658536587,0.9292502639915523,0.07074973600844774,0.8128654970760234,0.6506251319957761,0.35985128717267445,896,51,177,73,0.5887096774193549,0.292,0.3903743315508022,0.9461457233368532,0.05385427666314678,0.8095238095238095,0.6190728616684266,0.3176706393199484,8,5,11,5,0.5454545454545454,0.625,0.5825242718446602,11.0,44.0,7.215007215007215,693,"Sampled-label overlap, no point adjustment; delays among detected events only; no original-FPS seconds.",0.4318181818181819,0.48385452267031215,,0.4480809271335602,1197,250,True
S10,0,plain_ae,epoch10,10,False,0.8170227142035652,0.5167830921391234,0.5159615497691912,0.5896844072515965,0.003243243243243243,0.16216216216216217,0.6309840425531915,2850,158,767,158,0.5,0.17081081081081081,0.25463336019339244,0.9474734042553191,0.052526595744680854,0.7648105771675566,0.5591421075330649,0.18455200971125732,2856,152,805,120,0.4411764705882353,0.12972972972972974,0.2005012531328321,0.949468085106383,0.05053191489361702,0.7566742944317315,0.5395989074180564,0.13238496498896307,11,4,21,11,0.47619047619047616,0.36363636363636365,0.41237113402061853,20.5,82.0,5.904455179817499,1863,"Sampled-label overlap, no point adjustment; delays among detected events only; no original-FPS seconds.",0.5222222222222221,0.6180237358101136,,0.285074919462204,3933,925,True
S10,0,plain_ae,epoch100,100,False,0.8513675244393331,0.5726824482846891,0.5717552259723995,0.6308548470082624,0.008648648648648649,0.19675675675675675,0.5232712765957447,2826,182,686,239,0.5676959619952494,0.2583783783783784,0.3551263001485884,0.9394946808510638,0.06050531914893617,0.779303330790745,0.5989365296147211,0.27144268908417385,2809,199,728,197,0.49747474747474746,0.21297297297297296,0.2982588947766843,0.933843085106383,0.06615691489361702,0.7643020594965675,0.573408029039678,0.20692750379714306,11,5,20,3,0.85,0.45454545454545453,0.5923344947735192,23.0,92.0,1.6103059581320451,1863,"Sampled-label overlap, no point adjustment; delays among detected events only; no original-FPS seconds.",0.5555555555555556,0.6322394220846235,,0.2253883332014084,3933,925,True
S10,0,plain_ae,epoch25,25,False,0.8385469378953422,0.5568812129532517,0.5559584871261544,0.6122499319027874,0.012972972972972972,0.18162162162162163,0.6429521276595744,2840,168,714,211,0.5567282321899736,0.2281081081081081,0.32361963190184045,0.9441489361702128,0.05585106382978723,0.7757437070938215,0.5861285221391604,0.2475759513602377,2837,171,750,175,0.5057803468208093,0.1891891891891892,0.2753737214791503,0.9431515957446809,0.056848404255319146,0.7658276125095347,0.566170392466935,0.19815258886991594,11,5,25,9,0.64,0.45454545454545453,0.53156146179402,25.0,100.0,4.830917874396135,1863,"Sampled-label overlap, no point adjustment; delays among detected events only; no original-FPS seconds.",0.5333333333333334,0.6209649122807018,,0.24714618921279907,3933,925,True
S10,0,plain_ae,epoch5,5,False,0.785933726279471,0.4720022343433475,0.47125714888327613,0.5648694046790351,0.0,0.13405405405405404,0.722406914893617,2888,120,829,96,0.4444444444444444,0.10378378378378378,0.16827344434706396,0.9601063829787234,0.0398936170212766,0.7587083651156877,0.5319450833812536,0.11893800453456564,2918,90,864,61,0.40397350993377484,0.06594594594594595,0.11338289962825279,0.9700797872340425,0.02992021276595745,0.7574370709382151,0.5180128665899942,0.07951945128065835,11,3,17,10,0.4117647058823529,0.2727272727272727,0.328125,26.0,104.0,5.367686527106818,1863,"Sampled-label overlap, no point adjustment; delays among detected events only; no original-FPS seconds.",0.4666666666666667,0.5856061533925311,,0.3609786331653595,3933,925,True
S10,0,plain_ae,epoch50,50,False,0.8457497124784359,0.5634444701073845,0.5625300421404682,0.6213897127810901,0.008648648648648649,0.1989189189189189,0.5448803191489362,2834,174,702,223,0.5617128463476071,0.2410810810810811,0.3373676248108926,0.942154255319149,0.05784574468085106,0.7772692601067888,0.5916176682001151,0.2579690656082408,2824,184,744,181,0.4958904109589041,0.19567567567567568,0.28062015503875964,0.9388297872340425,0.061170212765957445,0.7640478006610729,0.5672527314548591,0.19660332150307872,11,5,25,8,0.68,0.45454545454545453,0.5448717948717948,25.0,100.0,4.294149221685454,1863,"Sampled-label overlap, no point adjustment; delays among detected events only; no original-FPS seconds.",0.5333333333333334,0.6209649122807018,,0.24070924520492554,3933,925,True
S10,0,plain_ae,best_normal_tune,100,True,0.8513675244393331,0.5726824482846891,0.5717552259723995,0.6308548470082624,0.008648648648648649,0.19675675675675675,0.5232712765957447,2826,182,686,239,0.5676959619952494,0.2583783783783784,0.3551263001485884,0.9394946808510638,0.06050531914893617,0.779303330790745,0.5989365296147211,0.27144268908417385,2809,199,728,197,0.49747474747474746,0.21297297297297296,0.2982588947766843,0.933843085106383,0.06615691489361702,0.7643020594965675,0.573408029039678,0.20692750379714306,11,5,20,3,0.85,0.45454545454545453,0.5923344947735192,23.0,92.0,1.6103059581320451,1863,"Sampled-label overlap, no point adjustment; delays among detected events only; no original-FPS seconds.",0.5555555555555556,0.6322394220846235,,0.2253883332014084,3933,925,True
S10,0,denoising_ae,epoch10,10,False,0.8366737349051178,0.5387708666077197,0.537998819069154,0.600879967313338,0.0,0.1545945945945946,0.5751329787234043,2865,143,814,111,0.43700787401574803,0.12,0.18829516539440203,0.9524601063829787,0.047539893617021274,0.7566742944317315,0.5362300531914894,0.1250336753546067,2884,124,846,79,0.3891625615763547,0.08540540540540541,0.14007092198581558,0.9587765957446809,0.041223404255319146,0.7533689295703025,0.5220910005750431,0.08469401667673243,11,4,25,11,0.56,0.36363636363636365,0.44094488188976383,24.0,96.0,5.904455179817499,1863,"Sampled-label overlap, no point adjustment; delays among detected events only; no original-FPS seconds.",0.5555555555555556,0.6268300653594772,,0.26452574133872986,3933,925,True
S10,0,denoising_ae,epoch100,100,False,0.8618121046578494,0.584658652255288,0.5837795935284061,0.6475379074483218,0.001081081081081081,0.24972972972972973,0.49700797872340424,2850,158,651,274,0.6342592592592593,0.29621621621621624,0.4038319823139278,0.9474734042553191,0.052526595744680854,0.7943046020849225,0.6218448102357677,0.3305284789929328,2857,151,684,241,0.6147959183673469,0.26054054054054054,0.36598329536826124,0.9498005319148937,0.050199468085106384,0.7876938723620646,0.6051705362277171,0.29780217777305806,11,5,28,12,0.5714285714285714,0.45454545454545453,0.5063291139240506,13.0,52.0,6.4412238325281805,1863,"Sampled-label overlap, no point adjustment; delays among detected events only; no original-FPS seconds.",0.5666666666666667,0.6351633986928106,,0.1809534728527069,3933,925,True
S10,0,denoising_ae,epoch25,25,False,0.8492222541690626,0.5624243590427223,0.5615661495538896,0.6256007687418662,0.0,0.20756756756756756,0.5262632978723404,2870,138,781,144,0.5106382978723404,0.15567567567567567,0.23860811930405967,0.9541223404255319,0.045877659574468085,0.7663361301805238,0.5548990080506038,0.18049858630037655,2894,114,808,117,0.5064935064935064,0.1264864864864865,0.20242214532871974,0.9621010638297872,0.03789893617021277,0.7655733536740402,0.5442937751581368,0.15979319398351452,11,4,25,11,0.56,0.36363636363636365,0.44094488188976383,28.5,114.0,5.904455179817499,1863,"Sampled-label overlap, no point adjustment; delays among detected events only; no original-FPS seconds.",0.5555555555555556,0.6268300653594772,,0.2298610657453537,3933,925,True
S10,0,denoising_ae,epoch5,5,False,0.8149985623921795,0.5070768507894285,0.5063281161193331,0.5803758966132986,0.0,0.13513513513513514,0.6466090425531915,2891,117,878,47,0.2865853658536585,0.05081081081081081,0.08631772268135905,0.9611037234042553,0.03889627659574468,0.7470124586829392,0.5059572671075331,0.025278532511754784,2926,82,904,21,0.20388349514563106,0.022702702702702703,0.04085603112840467,0.9727393617021277,0.02726063829787234,0.74930078820239,0.4977210322024152,-0.012104865470121446,11,3,22,16,0.2727272727272727,0.2727272727272727,0.2727272727272727,15.0,60.0,8.588298443370908,1863,"Sampled-label overlap, no point adjustment; delays among detected events only; no original-FPS seconds.",0.5444444444444445,0.6201633986928106,,0.3290654718875885,3933,925,True
S10,0,denoising_ae,epoch50,50,False,0.8579201408855665,0.5725453284972789,0.5716958066437723,0.6365678248237039,0.0,0.22378378378378377,0.5016622340425532,2852,156,709,216,0.5806451612903226,0.23351351351351352,0.3330763299922899,0.9481382978723404,0.05186170212765957,0.7800661072972286,0.5908259056929269,0.2632643532986145,2863,145,738,187,0.5632530120481928,0.20216216216216215,0.29753381066030227,0.9517952127659575,0.048204787234042555,0.775489448258327,0.5769786874640598,0.23487115165045047,11,5,30,14,0.5333333333333333,0.45454545454545453,0.49079754601226994,25.0,100.0,7.514761137949544,1863,"Sampled-label overlap, no point adjustment; delays among detected events only; no original-FPS seconds.",0.5555555555555556,0.6268300653594772,,0.19525794684886932,3933,925,True
S10,0,denoising_ae,best_normal_tune,98,True,0.8622969378953422,0.5847202775168572,0.5838466773489862,0.6476457280348658,0.001081081081081081,0.252972972972973,0.49700797872340424,2850,158,663,262,0.6238095238095238,0.28324324324324324,0.3895910780669145,0.9474734042553191,0.052526595744680854,0.7912534960589881,0.6153583237492812,0.316829049662834,2857,151,698,227,0.6005291005291006,0.2454054054054054,0.3484267075978511,0.9498005319148937,0.050199468085106384,0.7841342486651411,0.5976029686601495,0.28089053337129605,11,5,31,12,0.6129032258064516,0.45454545454545453,0.521978021978022,13.0,52.0,6.4412238325281805,1863,"Sampled-label overlap, no point adjustment; delays among detected events only; no original-FPS seconds.",0.5666666666666667,0.6351633986928106,,0.18096871674060822,3933,925,True
S11,0,plain_ae,epoch10,10,False,0.6089455135458478,0.2971531546407271,0.29684058045555467,0.47368421052631576,0.0,0.0,0.9093432007400555,2878,365,1165,0,0.0,0.0,0.0,0.8874498920752389,0.11255010792476103,0.6529038112522686,0.44372494603761947,-0.18008769934106164,2897,346,1165,0,0.0,0.0,0.0,0.8933086648165279,0.1066913351834721,0.6572141560798548,0.44665433240826397,-0.17492729409608912,11,0,10,10,0.0,0.0,0.0,,,4.7892720306513406,2088,"Sampled-label overlap, no point adjustment; delays among detected events only; no original-FPS seconds.",0.29999999999999993,0.4352645505509282,,0.5488487482070923,4408,1165,True
S11,0,plain_ae,epoch25,25,False,0.6346486787653567,0.3121024502241188,0.31178710499905504,0.47368421052631576,0.0,0.0,0.8538390379278445,2844,399,1165,0,0.0,0.0,0.0,0.8769657724329325,0.12303422756706753,0.6451905626134301,0.43848288621646625,-0.18908536144452073,2866,377,1165,0,0.0,0.0,0.0,0.8837496145544249,0.11625038544557509,0.6501814882032668,0.44187480727721246,-0.18329632783173833,11,0,10,10,0.0,0.0,0.0,,,4.7892720306513406,2088,"Sampled-label overlap, no point adjustment; delays among detected events only; no original-FPS seconds.",0.3222222222222222,0.4415390603548498,,0.49896037578582764,4408,1165,True
S11,0,plain_ae,epoch5,5,False,0.5863820258622401,0.2834415447085179,0.2831313400236542,0.47368421052631576,0.0,0.0,0.8637064446500154,2851,392,1165,0,0.0,0.0,0.0,0.8791242676534073,0.12087573234659266,0.6467785843920145,0.43956213382670367,-0.18725596880881262,2871,372,1165,0,0.0,0.0,0.0,0.8852913968547641,0.1147086031452359,0.6513157894736842,0.44264569842738205,-0.18196395995239262,11,0,12,12,0.0,0.0,0.0,,,5.747126436781609,2088,"Sampled-label overlap, no point adjustment; delays among detected events only; no original-FPS seconds.",0.2111111111111111,0.40389494793132563,,0.5623250007629395,4408,1165,True
S11,0,plain_ae,epoch50,50,False,0.6428917218862945,0.3179907670468916,0.31767513710457707,0.47368421052631576,0.0,0.0,0.866481652790626,2804,439,1165,0,0.0,0.0,0.0,0.864631514030219,0.13536848596978107,0.6361161524500908,0.4323157570151095,-0.19933391612343923,2826,417,1165,0,0.0,0.0,0.0,0.8714153561517114,0.12858464384828863,0.6411070780399274,0.4357076780758557,-0.19373882074795926,11,0,11,11,0.0,0.0,0.0,,,5.268199233716476,2088,"Sampled-label overlap, no point adjustment; delays among detected events only; no original-FPS seconds.",0.33333333333333337,0.4453485841643736,,0.4709959030151367,4408,1165,True
S11,0,plain_ae,best_normal_tune,85,True,0.6472113591638113,0.3212333385207355,0.32091675656670815,0.47368421052631576,0.0,0.0,0.8618563058896084,2809,434,1165,0,0.0,0.0,0.0,0.8661732963305582,0.13382670366944188,0.6372504537205081,0.4330866481652791,-0.19807078450800475,2829,414,1165,0,0.0,0.0,0.0,0.8723404255319149,0.1276595744680851,0.6417876588021778,0.43617021276595747,-0.1929681479493813,11,0,9,9,0.0,0.0,0.0,,,4.310344827586206,2088,"Sampled-label overlap, no point adjustment; delays among detected events only; no original-FPS seconds.",0.33333333333333337,0.4453485841643736,,0.47951993346214294,4408,1165,True
S11,0,denoising_ae,epoch10,10,False,0.6445049687739456,0.3184767650369329,0.3181551645504671,0.47368421052631576,0.0,0.0,0.8674067221708295,2856,387,1165,0,0.0,0.0,0.0,0.8806660499537465,0.11933395004625347,0.647912885662432,0.44033302497687327,-0.18594218682845468,2880,363,1165,0,0.0,0.0,0.0,0.8880666049953746,0.11193339500462535,0.6533575317604355,0.4440333024976873,-0.17954922623855804,11,0,10,10,0.0,0.0,0.0,,,4.7892720306513406,2088,"Sampled-label overlap, no point adjustment; delays among detected events only; no original-FPS seconds.",0.3111111111111111,0.4382057270215165,,0.47216087579727173,4408,1165,True
S11,0,denoising_ae,epoch100,100,False,0.6761097854871305,0.3379420916366059,0.33761233119536477,0.47368421052631576,0.0,0.0,0.780450200431699,2818,425,1162,3,0.007009345794392523,0.002575107296137339,0.0037664783427495295,0.8689485044711687,0.13105149552883133,0.63997277676951,0.435761805883653,-0.19133584361661074,2837,406,1165,0,0.0,0.0,0.0,0.8748072772124575,0.1251927227875424,0.6436025408348457,0.4374036386062288,-0.19090353174484592,11,0,10,10,0.0,0.0,0.0,,,4.7892720306513406,2088,"Sampled-label overlap, no point adjustment; delays among detected events only; no original-FPS seconds.",0.33333333333333337,0.4453485841643736,,0.3931136131286621,4408,1165,True
S11,0,denoising_ae,epoch25,25,False,0.660864271544257,0.32947428584215793,0.32915027482319736,0.47368421052631576,0.0,0.0,0.8353376503237743,2846,397,1165,0,0.0,0.0,0.0,0.8775824853530682,0.12241751464693185,0.645644283121597,0.4387912426765341,-0.18856383867926768,2866,377,1165,0,0.0,0.0,0.0,0.8837496145544249,0.11625038544557509,0.6501814882032668,0.44187480727721246,-0.18329632783173833,11,0,10,10,0.0,0.0,0.0,,,4.7892720306513406,2088,"Sampled-label overlap, no point adjustment; delays among detected events only; no original-FPS seconds.",0.33333333333333337,0.4453485841643736,,0.4327608048915863,4408,1165,True
S11,0,denoising_ae,epoch5,5,False,0.6092784855859897,0.29774806147441324,0.29743311769774883,0.47368421052631576,0.0,0.0,0.9108849830403947,2878,365,1165,0,0.0,0.0,0.0,0.8874498920752389,0.11255010792476103,0.6529038112522686,0.44372494603761947,-0.18008769934106164,2899,344,1165,0,0.0,0.0,0.0,0.8939253777366636,0.10607462226333642,0.6576678765880217,0.4469626888683318,-0.1743780673373342,11,0,10,10,0.0,0.0,0.0,,,4.7892720306513406,2088,"Sampled-label overlap, no point adjustment; delays among detected events only; no original-FPS seconds.",0.28888888888888886,0.4314183967047744,,0.5308461785316467,4408,1165,True
S11,0,denoising_ae,epoch50,50,False,0.6709072958726554,0.3334672872352195,0.333140333124331,0.47368421052631576,0.0,0.0,0.7600986740672218,2841,402,1165,0,0.0,0.0,0.0,0.876040703052729,0.12395929694727105,0.6445099818511797,0.4380203515263645,-0.18986593066806381,2861,382,1165,0,0.0,0.0,0.0,0.8822078322540857,0.11779216774591428,0.6490471869328494,0.44110391612704286,-0.18462235419136272,11,0,10,10,0.0,0.0,0.0,,,4.7892720306513406,2088,"Sampled-label overlap, no point adjustment; delays among detected events only; no original-FPS seconds.",0.33333333333333337,0.4453485841643736,,0.4211843013763428,4408,1165,True
S11,0,denoising_ae,best_normal_tune,99,True,0.6771931356940467,0.3387713371646562,0.33844107008494373,0.47368421052631576,0.0,0.0,0.759481961147086,2817,426,1162,3,0.006993006993006993,0.002575107296137339,0.0037641154328732747,0.8686401480111008,0.13135985198889916,0.6397459165154264,0.43560762765361905,-0.19159547269271585,2829,414,1165,0,0.0,0.0,0.0,0.8723404255319149,0.1276595744680851,0.6417876588021778,0.43617021276595747,-0.1929681479493813,11,0,9,9,0.0,0.0,0.0,,,4.310344827586206,2088,"Sampled-label overlap, no point adjustment; delays among detected events only; no original-FPS seconds.",0.33333333333333337,0.4453485841643736,,0.39159563183784485,4408,1165,True
S12,0,plain_ae,epoch10,10,False,0.48515337035488176,0.21705128945836033,0.21670676370499645,0.4738070583225031,0.0,0.0,0.9239382239382239,2402,188,794,0,0.0,0.0,0.0,0.9274131274131274,0.07258687258687259,0.7098108747044918,0.4637065637065637,-0.1342875988676162,2407,183,794,0,0.0,0.0,0.0,0.9293436293436294,0.07065637065637066,0.7112884160756501,0.4646718146718147,-0.13238630991121492,12,0,5,5,0.0,0.0,0.0,,,2.955082742316785,1692,"Sampled-label overlap, no point adjustment; delays among detected events only; no original-FPS seconds.",0.14814814814814814,0.3667004836122483,,0.530655026435852,3384,794,True
S12,0,plain_ae,epoch100,100,False,0.5784031782772336,0.25511233813017387,0.25472475158293967,0.4739427027641266,0.0,0.0,0.8146718146718147,2410,180,794,0,0.0,0.0,0.0,0.9305019305019305,0.0694980694980695,0.7121749408983451,0.46525096525096526,-0.13123520923909276,2417,173,794,0,0.0,0.0,0.0,0.9332046332046332,0.0667953667953668,0.7142434988179669,0.4666023166023166,-0.1285177956715458,12,0,5,5,0.0,0.0,0.0,,,2.955082742316785,1692,"Sampled-label overlap, no point adjustment; delays among detected events only; no original-FPS seconds.",0.19753086419753085,0.38189516547359686,,0.5071254968643188,3384,794,True
S12,0,plain_ae,epoch25,25,False,0.5279387880143547,0.2363583445645433,0.2359829072519638,0.47394526209321386,0.0,0.0,0.8972972972972973,2402,188,794,0,0.0,0.0,0.0,0.9274131274131274,0.07258687258687259,0.7098108747044918,0.4637065637065637,-0.1342875988676162,2409,181,794,0,0.0,0.0,0.0,0.9301158301158301,0.06988416988416989,0.7118794326241135,0.46505791505791505,-0.1316197880997722,12,0,4,4,0.0,0.0,0.0,,,2.3640661938534278,1692,"Sampled-label overlap, no point adjustment; delays among detected events only; no original-FPS seconds.",0.19753086419753085,0.38189516547359686,,0.48807191848754883,3384,794,True
S12,0,plain_ae,epoch5,5,False,0.4443135290742344,0.19910979580862714,0.1987937436864562,0.4737584310698456,0.0,0.0,0.9216216216216216,2427,163,794,0,0.0,0.0,0.0,0.9370656370656371,0.06293436293436293,0.7171985815602837,0.46853281853281853,-0.12455432398878935,2439,151,794,0,0.0,0.0,0.0,0.9416988416988417,0.0583011583011583,0.7207446808510638,0.47084942084942083,-0.1196591712187767,12,0,6,6,0.0,0.0,0.0,,,3.5460992907801416,1692,"Sampled-label overlap, no point adjustment; delays among detected events only; no original-FPS seconds.",0.08641975308641975,0.3488433407551055,,0.6819378137588501,3384,794,True
S12,0,plain_ae,epoch50,50,False,0.5581348530970697,0.24761813149853734,0.24723405562704168,0.4739401434350394,0.0,0.0,0.8637065637065637,2406,184,794,0,0.0,0.0,0.0,0.9289575289575289,0.07104247104247104,0.7109929078014184,0.46447876447876446,-0.1327682685260794,2410,180,794,0,0.0,0.0,0.0,0.9305019305019305,0.0694980694980695,0.7121749408983451,0.46525096525096526,-0.13123520923909276,12,0,4,4,0.0,0.0,0.0,,,2.3640661938534278,1692,"Sampled-label overlap, no point adjustment; delays among detected events only; no original-FPS seconds.",0.19753086419753085,0.38189516547359686,,0.4852076470851898,3384,794,True
S12,0,plain_ae,best_normal_tune,98,True,0.5737480913803332,0.25367586235270956,0.2532888101223864,0.4739324654477777,0.0,0.0,0.8285714285714286,2410,180,794,0,0.0,0.0,0.0,0.9305019305019305,0.0694980694980695,0.7121749408983451,0.46525096525096526,-0.13123520923909276,2417,173,794,0,0.0,0.0,0.0,0.9332046332046332,0.0667953667953668,0.7142434988179669,0.4666023166023166,-0.1285177956715458,12,0,5,5,0.0,0.0,0.0,,,2.955082742316785,1692,"Sampled-label overlap, no point adjustment; delays among detected events only; no original-FPS seconds.",0.19753086419753085,0.38189516547359686,,0.5133665204048157,3384,794,True
S12,0,denoising_ae,epoch10,10,False,0.5136248699220991,0.232143633200657,0.2317722321398905,0.4739119908150798,0.0,0.0,0.9216216216216216,2416,174,794,0,0.0,0.0,0.0,0.9328185328185328,0.06718146718146718,0.7139479905437353,0.4664092664092664,-0.12890877373000936,2419,171,794,0,0.0,0.0,0.0,0.933976833976834,0.06602316602316602,0.7148345153664303,0.466988416988417,-0.12773298507190434,12,0,5,5,0.0,0.0,0.0,,,2.955082742316785,1692,"Sampled-label overlap, no point adjustment; delays among detected events only; no original-FPS seconds.",0.19753086419753085,0.38066059757236226,,0.5282236337661743,3384,794,True
S12,0,denoising_ae,epoch100,100,False,0.6342919385740544,0.2775694022347849,0.27716966155882095,0.47380193966432865,0.0,0.0,0.6853281853281853,2396,194,794,0,0.0,0.0,0.0,0.9250965250965251,0.0749034749034749,0.7080378250591016,0.46254826254826253,-0.13654188452593266,2404,186,794,0,0.0,0.0,0.0,0.9281853281853282,0.07181467181467181,0.710401891252955,0.4640926640926641,-0.13352961953654302,12,0,4,4,0.0,0.0,0.0,,,2.3640661938534278,1692,"Sampled-label overlap, no point adjustment; delays among detected events only; no original-FPS seconds.",0.19753086419753085,0.38189516547359686,,0.4224289357662201,3384,794,True
S12,0,denoising_ae,epoch25,25,False,0.5919682366785641,0.26114263602534915,0.26074868306113064,0.4738991941696436,0.0,0.0,0.78996138996139,2409,181,794,0,0.0,0.0,0.0,0.9301158301158301,0.06988416988416989,0.7118794326241135,0.46505791505791505,-0.1316197880997722,2415,175,794,0,0.0,0.0,0.0,0.9324324324324325,0.06756756756756757,0.7136524822695035,0.46621621621621623,-0.12929881211186597,12,0,5,5,0.0,0.0,0.0,,,2.955082742316785,1692,"Sampled-label overlap, no point adjustment; delays among detected events only; no original-FPS seconds.",0.20987654320987653,0.3855988691773006,,0.4753144085407257,3384,794,True
S12,0,denoising_ae,epoch5,5,False,0.4521055600400688,0.2063697784699809,0.20603623595056791,0.4737353971080605,0.0,0.0,0.9552123552123553,2430,160,794,0,0.0,0.0,0.0,0.9382239382239382,0.06177606177606178,0.7180851063829787,0.4691119691119691,-0.12334536768848987,2442,148,794,0,0.0,0.0,0.0,0.9428571428571428,0.05714285714285714,0.7216312056737588,0.4714285714285714,-0.11840961537047721,12,0,5,5,0.0,0.0,0.0,,,2.955082742316785,1692,"Sampled-label overlap, no point adjustment; delays among detected events only; no original-FPS seconds.",0.08641975308641975,0.3488433407551055,,0.6461952924728394,3384,794,True
S12,0,denoising_ae,epoch50,50,False,0.6224845122200287,0.27231802107944314,0.271919833841483,0.4737763463734563,0.0,0.0,0.7011583011583011,2399,191,794,0,0.0,0.0,0.0,0.9262548262548262,0.07374517374517374,0.7089243498817966,0.4631274131274131,-0.13541837359760156,2404,186,794,0,0.0,0.0,0.0,0.9281853281853282,0.07181467181467181,0.710401891252955,0.4640926640926641,-0.13352961953654302,12,0,4,4,0.0,0.0,0.0,,,2.3640661938534278,1692,"Sampled-label overlap, no point adjustment; delays among detected events only; no original-FPS seconds.",0.19753086419753085,0.38189516547359686,,0.4385114312171936,3384,794,True
S12,0,denoising_ae,best_normal_tune,98,True,0.6359656886105249,0.2780032225484865,0.27760277544523293,0.47381729563885205,0.0,0.0,0.6737451737451737,2399,191,794,0,0.0,0.0,0.0,0.9262548262548262,0.07374517374517374,0.7089243498817966,0.4631274131274131,-0.13541837359760156,2404,186,794,0,0.0,0.0,0.0,0.9281853281853282,0.07181467181467181,0.710401891252955,0.4640926640926641,-0.13352961953654302,12,0,4,4,0.0,0.0,0.0,,,2.3640661938534278,1692,"Sampled-label overlap, no point adjustment; delays among detected events only; no original-FPS seconds.",0.19753086419753085,0.38189516547359686,,0.4284459948539734,3384,794,True
