scene,seed,method,normal_calibration_frame_fpr,normal_tuning_frame_fpr,calibration_score_median,tuning_score_median,test_normal_score_median,auroc,average_precision,pr_auc_trapezoid,partial_auroc_fpr10,diagnostic_tpr_at_fpr1,diagnostic_tpr_at_fpr5,diagnostic_fpr_at_tpr95,frame_tn,frame_fp,frame_fn,frame_tp,frame_precision,frame_recall,frame_f1,frame_specificity,frame_normal_fpr,frame_accuracy,frame_balanced_accuracy,frame_mcc,alarm_tn,alarm_fp,alarm_fn,alarm_tp,alarm_precision,alarm_recall,alarm_f1,alarm_specificity,alarm_normal_fpr,alarm_accuracy,alarm_balanced_accuracy,alarm_mcc,gt_events_sampled,detected_gt_events,predicted_alert_events,false_alert_events,event_precision_overlap,event_recall_overlap,event_f1_overlap,median_detected_delay_observations,median_detected_delay_original_frames,false_alerts_per_1000_normal_only_video_observations,normal_only_video_observations,event_warning,video_auroc_top5mean,video_ap_top5mean,video_metric_reason,threshold_normal_q99,n_test,n_test_anomaly,test_diagnostic_thresholds_not_used_for_deployment
R01,0,dino_global_pca,0.012437810945273632,0.0029154518950437317,0.0006548482924699783,0.0006322134286165237,0.0059105344116687775,0.8113751200567921,0.560282980747211,0.5580271256285012,0.5385038890708209,0.0,0.11254019292604502,0.36688311688311687,160,456,0,311,0.40547588005215124,1.0,0.5769944341372913,0.2597402597402597,0.7402597402597403,0.5080906148867314,0.6298701298701299,0.3245279809248444,206,410,0,311,0.43134535367545074,1.0,0.6027131782945736,0.3344155844155844,0.6655844155844156,0.5577130528586839,0.6672077922077921,0.37980074846466905,8,8,15,7,0.5333333333333333,1.0,0.6956521739130436,0.0,0.0,17.28395061728395,405,"Sampled-label overlap, no point adjustment; delays among detected events only; no original-FPS seconds.",0.8392857142857143,0.7602678571428572,,0.0026590453926473856,927,311,True
R01,0,visual_state_transition,0.012437810945273632,0.011661807580174927,0.0,0.0,0.0,0.4958528208126279,0.33533748245237177,0.3093344509184229,0.49676971940442616,0.003215434083601286,0.028938906752411574,1.0,606,10,307,4,0.2857142857142857,0.012861736334405145,0.024615384615384615,0.9837662337662337,0.016233766233766232,0.6580366774541532,0.49831398505031943,-0.013054569683641057,616,0,311,0,0.0,0.0,0.0,1.0,0.0,0.6645091693635383,0.5,0.0,8,0,0,0,0.0,0.0,0.0,,,0.0,405,"Sampled-label overlap, no point adjustment; delays among detected events only; no original-FPS seconds.",0.35714285714285715,0.5285256410256409,,4.154078006744385,927,311,True
R01,0,dino_frame_plain_ae,0.012437810945273632,0.026239067055393587,0.1646645963191986,0.1572490781545639,1.0480514764785767,0.8675303795882575,0.6832738653070402,0.6807283329338604,0.6098896026971844,0.04501607717041801,0.2347266881028939,0.3522727272727273,152,464,0,311,0.4012903225806452,1.0,0.572744014732965,0.24675324675324675,0.7532467532467533,0.4994606256742179,0.6233766233766234,0.31467394233941887,196,420,0,311,0.42544459644322846,1.0,0.5969289827255279,0.3181818181818182,0.6818181818181818,0.5469255663430421,0.6590909090909091,0.3679249043377416,8,8,17,9,0.47058823529411764,1.0,0.6399999999999999,0.0,0.0,22.22222222222222,405,"Sampled-label overlap, no point adjustment; delays among detected events only; no original-FPS seconds.",0.625,0.5987959956709956,,0.5714536905288696,927,311,True
R01,0,dino_frame_denoising_ae,0.012437810945273632,0.0058309037900874635,0.11776132881641388,0.11230646073818207,0.9456190466880798,0.833465569799975,0.6242834102271962,0.6217514148475254,0.5848342721756159,0.02572347266881029,0.24437299035369775,0.3961038961038961,144,472,0,311,0.39719029374201786,1.0,0.5685557586837293,0.23376623376623376,0.7662337662337663,0.49083063646170444,0.6168831168831169,0.304712453071048,195,421,0,311,0.4248633879781421,1.0,0.5963566634707574,0.31655844155844154,0.6834415584415584,0.5458468176914779,0.6582792207792207,0.3667343615937838,8,8,19,11,0.42105263157894735,1.0,0.5925925925925926,0.0,0.0,27.160493827160494,405,"Sampled-label overlap, no point adjustment; delays among detected events only; no original-FPS seconds.",0.5892857142857143,0.5654626623376623,,0.4481193423271179,927,311,True
R01,0,dino_frame_forecast,0.012437810945273632,0.014577259475218658,0.3548004627227783,0.3248617947101593,1.5118238925933838,0.8299630433874807,0.6300214919889243,0.628687888793924,0.592680546733686,0.0,0.2508038585209003,0.375,254,362,11,300,0.45317220543806647,0.9646302250803859,0.6166495375128468,0.41233766233766234,0.5876623376623377,0.5976267529665588,0.6884839437090241,0.39393355441227895,304,312,17,294,0.48514851485148514,0.9453376205787781,0.6412213740458016,0.4935064935064935,0.5064935064935064,0.645091693635383,0.7194220570426358,0.43550385148277215,8,8,17,9,0.47058823529411764,1.0,0.6399999999999999,0.0,0.0,22.22222222222222,405,"Sampled-label overlap, no point adjustment; delays among detected events only; no original-FPS seconds.",0.2857142857142857,0.4394997363747363,,1.2428697347640991,927,311,True
R01,0,object_raw_plain_ae,0.012437810945273632,0.09912536443148688,0.15688923001289368,0.09363141655921936,5.802320957183838,0.7321689564454837,0.4659405075636161,0.4634454610373776,0.48601407054614026,0.012861736334405145,0.01607717041800643,0.5568181818181818,208,408,2,309,0.4309623430962343,0.9935691318327974,0.6011673151750974,0.33766233766233766,0.6623376623376623,0.5577130528586839,0.6656157347475675,0.37362240936146895,237,379,0,311,0.45072463768115945,1.0,0.6213786213786213,0.3847402597402597,0.6152597402597403,0.5911542610571737,0.6923701298701299,0.41642756173527196,8,8,19,11,0.42105263157894735,1.0,0.5925925925925926,0.0,0.0,27.160493827160494,405,"Sampled-label overlap, no point adjustment; delays among detected events only; no original-FPS seconds.",0.4642857142857143,0.5785374347874348,,4.33221435546875,927,311,True
R01,0,object_roi_plain_ae,0.012437810945273632,0.09912536443148688,0.15688923001289368,0.09363141655921936,5.802320957183838,0.7321689564454837,0.4659405075636161,0.4634454610373776,0.48601407054614026,0.012861736334405145,0.01607717041800643,0.5568181818181818,208,408,2,309,0.4309623430962343,0.9935691318327974,0.6011673151750974,0.33766233766233766,0.6623376623376623,0.5577130528586839,0.6656157347475675,0.37362240936146895,237,379,0,311,0.45072463768115945,1.0,0.6213786213786213,0.3847402597402597,0.6152597402597403,0.5911542610571737,0.6923701298701299,0.41642756173527196,8,8,19,11,0.42105263157894735,1.0,0.5925925925925926,0.0,0.0,27.160493827160494,405,"Sampled-label overlap, no point adjustment; delays among detected events only; no original-FPS seconds.",0.4642857142857143,0.5785374347874348,,4.33221435546875,927,311,True
R01,0,object_roi_denoising_ae,0.012437810945273632,0.08454810495626822,0.1716785430908203,0.08747598528862,5.649116516113281,0.7424729611224787,0.4695008552724827,0.46683597609952665,0.4813986149237461,0.00964630225080386,0.012861736334405145,0.5227272727272727,243,373,4,307,0.4514705882352941,0.9871382636655949,0.6195761856710393,0.3944805194805195,0.6055194805194806,0.593311758360302,0.6908093915730572,0.4075654490300782,284,332,0,311,0.48367029548989116,1.0,0.6519916142557651,0.461038961038961,0.538961038961039,0.6418554476806904,0.7305194805194806,0.47221907047266387,8,8,18,10,0.4444444444444444,1.0,0.6153846153846153,0.0,0.0,24.691358024691358,405,"Sampled-label overlap, no point adjustment; delays among detected events only; no original-FPS seconds.",0.44642857142857145,0.5702041014541015,,4.90974760055542,927,311,True
R01,0,object_roi_forecast,0.012437810945273632,0.1924198250728863,0.2122526317834854,0.23670925199985504,3.4106922149658203,0.7110050319455464,0.44779715732908165,0.4470308936418609,0.473777618556769,0.0,0.0,0.6038961038961039,280,336,28,283,0.45718901453957994,0.909967845659164,0.6086021505376344,0.45454545454545453,0.5454545454545454,0.6073354908306364,0.6822566501023093,0.36539554425477766,322,294,34,277,0.4851138353765324,0.8906752411575563,0.6281179138321996,0.5227272727272727,0.4772727272727273,0.6461704422869471,0.7067012569424145,0.40132906261936147,8,8,23,13,0.43478260869565216,1.0,0.6060606060606061,0.5,2.0,24.691358024691358,405,"Sampled-label overlap, no point adjustment; delays among detected events only; no original-FPS seconds.",0.3571428571428571,0.481166403041403,,3.0704755783081055,927,311,True
R01,0,dino_fewshot3_denoising_ae,0.012437810945273632,0.014577259475218658,0.29443272948265076,0.26674172282218933,1.9897912740707397,0.8282457092746482,0.5870117795987921,0.584847977459274,0.545558942665052,0.0,0.13504823151125403,0.38961038961038963,119,497,0,311,0.3849009900990099,1.0,0.5558534405719392,0.19318181818181818,0.8068181818181818,0.4638619201725998,0.5965909090909091,0.2726827333868222,162,454,0,311,0.4065359477124183,1.0,0.5780669144981413,0.262987012987013,0.737012987012987,0.5102481121898598,0.6314935064935066,0.3269765657669268,8,8,21,13,0.38095238095238093,1.0,0.5517241379310345,0.0,0.0,32.098765432098766,405,"Sampled-label overlap, no point adjustment; delays among detected events only; no original-FPS seconds.",0.25,0.426881105006105,,1.2474180459976196,927,311,True
R01,0,dino_spatiotemporal,0.012437810945273632,0.0058309037900874635,-0.036498554050922394,-0.08599910140037537,7.610335350036621,0.862028646594563,0.6747154917997228,0.6724040506908799,0.6189282032910397,0.01929260450160772,0.33762057877813506,0.37662337662337664,148,468,0,311,0.3992297817715019,1.0,0.5706422018348625,0.24025974025974026,0.7597402597402597,0.49514563106796117,0.6201298701298701,0.30970767454548787,198,418,0,311,0.42661179698216734,1.0,0.5980769230769231,0.32142857142857145,0.6785714285714286,0.5490830636461704,0.6607142857142857,0.37030422689803827,8,8,18,10,0.4444444444444444,1.0,0.6153846153846153,0.0,0.0,24.691358024691358,405,"Sampled-label overlap, no point adjustment; delays among detected events only; no original-FPS seconds.",0.5535714285714286,0.5474702380952381,,3.3128483295440674,927,311,True
R01,0,dino_visual_state,0.012437810945273632,0.0058309037900874635,0.006554005667567253,-0.03067084401845932,8.036067008972168,0.8331993569131833,0.6233220422242607,0.6207871672375311,0.5845155859540696,0.02572347266881029,0.24115755627009647,0.3961038961038961,144,472,0,311,0.39719029374201786,1.0,0.5685557586837293,0.23376623376623376,0.7662337662337663,0.49083063646170444,0.6168831168831169,0.304712453071048,195,421,0,311,0.4248633879781421,1.0,0.5963566634707574,0.31655844155844154,0.6834415584415584,0.5458468176914779,0.6582792207792207,0.3667343615937838,8,8,19,11,0.42105263157894735,1.0,0.5925925925925926,0.0,0.0,27.160493827160494,405,"Sampled-label overlap, no point adjustment; delays among detected events only; no original-FPS seconds.",0.5892857142857143,0.5654626623376623,,3.2179629802703857,927,311,True
R01,0,dino_full,0.012437810945273632,0.0058309037900874635,-0.014467538334429264,-0.0546564906835556,6.703951835632324,0.8636624629389903,0.6746266955298893,0.6723843688908385,0.617340266773335,0.01929260450160772,0.3215434083601286,0.362012987012987,157,459,0,311,0.4038961038961039,1.0,0.5753931544865865,0.25487012987012986,0.7451298701298701,0.5048543689320388,0.627435064935065,0.32084428069398313,201,415,0,311,0.4283746556473829,1.0,0.5998071359691418,0.3262987012987013,0.6737012987012987,0.552319309600863,0.6631493506493507,0.37386908645543215,8,8,18,10,0.4444444444444444,1.0,0.6153846153846153,0.0,0.0,24.691358024691358,405,"Sampled-label overlap, no point adjustment; delays among detected events only; no original-FPS seconds.",0.5535714285714286,0.5474702380952381,,3.0692331790924072,927,311,True
R01,0,dino_full_ema,0.012437810945273632,0.0058309037900874635,-0.005867508641081709,-0.07587334049734432,6.9602803576926,0.8777560863573727,0.7152478328035964,0.7129663793184661,0.6492528456481748,0.06109324758842444,0.3987138263665595,0.32305194805194803,120,496,0,311,0.3853779429987608,1.0,0.556350626118068,0.19480519480519481,0.8051948051948052,0.46494066882416396,0.5974025974025974,0.27399566649766355,151,465,0,311,0.4007731958762887,1.0,0.5722171113155474,0.24512987012987014,0.7548701298701299,0.49838187702265374,0.622564935064935,0.31343497165550566,8,8,17,9,0.47058823529411764,1.0,0.6399999999999999,0.0,0.0,22.22222222222222,405,"Sampled-label overlap, no point adjustment; delays among detected events only; no original-FPS seconds.",0.8571428571428572,0.7713789682539683,,2.639322055754339,927,311,True
R01,0,roi_hybrid,0.012437810945273632,0.08454810495626822,0.06259951740503311,-0.0267772376537323,7.160890579223633,0.7680085188123774,0.4952190499030844,0.4929183469851051,0.4858547274353671,0.00964630225080386,0.01607717041800643,0.46915584415584416,156,460,0,311,0.4033722438391699,1.0,0.5748613678373383,0.2532467532467532,0.7467532467532467,0.5037756202804746,0.6266233766233766,0.31961337753937563,189,427,0,311,0.42140921409214094,1.0,0.5929456625357483,0.3068181818181818,0.6931818181818182,0.5393743257820928,0.6534090909090909,0.35957754222028326,8,8,16,8,0.5,1.0,0.6666666666666666,0.0,0.0,19.753086419753085,405,"Sampled-label overlap, no point adjustment; delays among detected events only; no original-FPS seconds.",0.3392857142857143,0.4603330697080697,,4.253368377685547,927,311,True
R01,0,roi_hybrid_ema,0.012437810945273632,0.21282798833819241,0.0789311229745776,-0.006612357436390423,7.370584675630063,0.7745959827953397,0.5010839558983529,0.4989786411200071,0.4806183831399604,0.003215434083601286,0.012861736334405145,0.45292207792207795,65,551,0,311,0.36078886310904873,1.0,0.5302642796248934,0.10551948051948051,0.8944805194805194,0.40560949298813376,0.5527597402597403,0.1951159998884786,97,519,0,311,0.3746987951807229,1.0,0.5451358457493427,0.15746753246753248,0.8425324675324676,0.4401294498381877,0.5787337662337663,0.24290511459346792,8,8,17,9,0.47058823529411764,1.0,0.6399999999999999,0.0,0.0,22.22222222222222,405,"Sampled-label overlap, no point adjustment; delays among detected events only; no original-FPS seconds.",0.5357142857142857,0.5586465617715618,,2.8934056643938946,927,311,True
R01,0,roi_hybrid_state,0.012437810945273632,0.08746355685131195,0.058735042810440063,0.019194722175598145,6.536313056945801,0.7718137971353406,0.5002066243579122,0.4980561557626658,0.4887448817893902,0.00964630225080386,0.022508038585209004,0.4724025974025974,152,464,0,311,0.4012903225806452,1.0,0.572744014732965,0.24675324675324675,0.7532467532467533,0.4994606256742179,0.6233766233766234,0.31467394233941887,189,427,0,311,0.42140921409214094,1.0,0.5929456625357483,0.3068181818181818,0.6931818181818182,0.5393743257820928,0.6534090909090909,0.35957754222028326,8,8,16,8,0.5,1.0,0.6666666666666666,0.0,0.0,19.753086419753085,405,"Sampled-label overlap, no point adjustment; delays among detected events only; no original-FPS seconds.",0.3392857142857143,0.4603330697080697,,3.768277168273926,927,311,True
R01,0,dino_state_pca,0.012437810945273632,0.011661807580174927,0.0012826062738895416,0.0012231171131134033,0.012851366773247719,0.7984350858145071,0.5918369248670101,0.5892525220042546,0.560850386709246,0.02572347266881029,0.16720257234726688,0.6655844155844156,263,353,35,276,0.43879173290937995,0.887459807073955,0.5872340425531914,0.42694805194805197,0.573051948051948,0.5814455231930961,0.6572039295110035,0.31785605510113013,303,313,40,271,0.464041095890411,0.8713826366559485,0.605586592178771,0.49188311688311687,0.5081168831168831,0.6192017259978425,0.6816328767695327,0.35525608395821395,8,8,29,17,0.41379310344827586,1.0,0.5853658536585366,0.0,0.0,29.62962962962963,405,"Sampled-label overlap, no point adjustment; delays among detected events only; no original-FPS seconds.",0.7321428571428572,0.6635912698412698,,0.010699625127017498,927,311,True
R01,1,dino_global_pca,0.012437810945273632,0.0029154518950437317,0.0006548482924699783,0.0006322134286165237,0.0059105344116687775,0.8113751200567921,0.560282980747211,0.5580271256285012,0.5385038890708209,0.0,0.11254019292604502,0.36688311688311687,160,456,0,311,0.40547588005215124,1.0,0.5769944341372913,0.2597402597402597,0.7402597402597403,0.5080906148867314,0.6298701298701299,0.3245279809248444,206,410,0,311,0.43134535367545074,1.0,0.6027131782945736,0.3344155844155844,0.6655844155844156,0.5577130528586839,0.6672077922077921,0.37980074846466905,8,8,15,7,0.5333333333333333,1.0,0.6956521739130436,0.0,0.0,17.28395061728395,405,"Sampled-label overlap, no point adjustment; delays among detected events only; no original-FPS seconds.",0.8392857142857143,0.7602678571428572,,0.0026590453926473856,927,311,True
R01,1,visual_state_transition,0.012437810945273632,0.011661807580174927,0.0,0.0,0.0,0.4958528208126279,0.33533748245237177,0.3093344509184229,0.49676971940442616,0.003215434083601286,0.028938906752411574,1.0,606,10,307,4,0.2857142857142857,0.012861736334405145,0.024615384615384615,0.9837662337662337,0.016233766233766232,0.6580366774541532,0.49831398505031943,-0.013054569683641057,616,0,311,0,0.0,0.0,0.0,1.0,0.0,0.6645091693635383,0.5,0.0,8,0,0,0,0.0,0.0,0.0,,,0.0,405,"Sampled-label overlap, no point adjustment; delays among detected events only; no original-FPS seconds.",0.35714285714285715,0.5285256410256409,,4.154078006744385,927,311,True
R01,1,dino_frame_plain_ae,0.012437810945273632,0.008746355685131196,0.16474181413650513,0.158114954829216,1.042762279510498,0.8686317701591014,0.6917214645320089,0.6891777378138597,0.6281426307657481,0.04823151125401929,0.3311897106109325,0.3555194805194805,160,456,0,311,0.40547588005215124,1.0,0.5769944341372913,0.2597402597402597,0.7402597402597403,0.5080906148867314,0.6298701298701299,0.3245279809248444,200,416,0,311,0.42778541953232463,1.0,0.5992292870905588,0.3246753246753247,0.6753246753246753,0.5512405609492989,0.6623376623376623,0.3726813249654824,8,8,17,9,0.47058823529411764,1.0,0.6399999999999999,0.0,0.0,22.22222222222222,405,"Sampled-label overlap, no point adjustment; delays among detected events only; no original-FPS seconds.",0.6964285714285714,0.6627840909090909,,0.5946518182754517,927,311,True
R01,1,dino_frame_denoising_ae,0.012437810945273632,0.0058309037900874635,0.11427423357963562,0.10919659584760666,0.9706392288208008,0.8443959577400091,0.632696355768897,0.6302606312341443,0.5851859259373221,0.01929260450160772,0.2347266881028939,0.375,143,473,0,311,0.39668367346938777,1.0,0.5680365296803653,0.23214285714285715,0.7678571428571429,0.48975188781014023,0.6160714285714286,0.30345886268340866,193,423,0,311,0.42370572207084467,1.0,0.5952153110047846,0.3133116883116883,0.6866883116883117,0.5436893203883495,0.6566558441558441,0.3643514170815579,8,8,18,10,0.4444444444444444,1.0,0.6153846153846153,0.0,0.0,24.691358024691358,405,"Sampled-label overlap, no point adjustment; delays among detected events only; no original-FPS seconds.",0.5892857142857143,0.5654626623376623,,0.45082396268844604,927,311,True
R01,1,dino_frame_forecast,0.012437810945273632,0.023323615160349854,0.35441774129867554,0.3333050012588501,1.4333117008209229,0.83853666430033,0.6478530020245651,0.646514897116128,0.6097357541764379,0.0,0.2861736334405145,0.3944805194805195,244,372,11,300,0.44642857142857145,0.9646302250803859,0.6103763987792472,0.3961038961038961,0.6038961038961039,0.5868392664509169,0.680367060592141,0.38141963589788996,292,324,17,294,0.47572815533980584,0.9453376205787781,0.6329386437029063,0.474025974025974,0.525974025974026,0.6321467098166127,0.7096817973023761,0.4200372432964065,8,8,19,11,0.42105263157894735,1.0,0.5925925925925926,0.0,0.0,27.160493827160494,405,"Sampled-label overlap, no point adjustment; delays among detected events only; no original-FPS seconds.",0.2857142857142857,0.4394997363747363,,1.1704007387161255,927,311,True
R01,1,object_raw_plain_ae,0.012437810945273632,0.08746355685131195,0.17747069895267487,0.11219725757837296,5.808557510375977,0.7425147200066814,0.4730545108275987,0.4707457755975666,0.4846019609092887,0.012861736334405145,0.012861736334405145,0.5357142857142857,227,389,4,307,0.4410919540229885,0.9871382636655949,0.6097318768619663,0.3685064935064935,0.6314935064935064,0.5760517799352751,0.6778223785860442,0.3882186112302256,277,339,0,311,0.47846153846153844,1.0,0.6472424557752341,0.4496753246753247,0.5503246753246753,0.6343042071197411,0.7248376623376623,0.46384517638145994,8,8,20,12,0.4,1.0,0.5714285714285715,0.0,0.0,29.62962962962963,405,"Sampled-label overlap, no point adjustment; delays among detected events only; no original-FPS seconds.",0.4285714285714286,0.5077041014541015,,4.615438461303711,927,311,True
R01,1,object_roi_plain_ae,0.012437810945273632,0.08746355685131195,0.17747069895267487,0.11219725757837296,5.808557510375977,0.7425147200066814,0.4730545108275987,0.4707457755975666,0.4846019609092887,0.012861736334405145,0.012861736334405145,0.5357142857142857,227,389,4,307,0.4410919540229885,0.9871382636655949,0.6097318768619663,0.3685064935064935,0.6314935064935064,0.5760517799352751,0.6778223785860442,0.3882186112302256,277,339,0,311,0.47846153846153844,1.0,0.6472424557752341,0.4496753246753247,0.5503246753246753,0.6343042071197411,0.7248376623376623,0.46384517638145994,8,8,20,12,0.4,1.0,0.5714285714285715,0.0,0.0,29.62962962962963,405,"Sampled-label overlap, no point adjustment; delays among detected events only; no original-FPS seconds.",0.4285714285714286,0.5077041014541015,,4.615438461303711,927,311,True
R01,1,object_roi_denoising_ae,0.012437810945273632,0.09912536443148688,0.16325707733631134,0.08356919139623642,5.951316833496094,0.774376748653276,0.493007140445351,0.49122728726638937,0.48201400900673197,0.0,0.012861736334405145,0.4383116883116883,231,385,0,311,0.4468390804597701,1.0,0.6176762661370407,0.375,0.625,0.5846817691477886,0.6875,0.409346619837533,281,335,0,311,0.48142414860681115,1.0,0.6499477533960293,0.45616883116883117,0.5438311688311688,0.6386192017259978,0.7280844155844156,0.4686263876121561,8,8,18,10,0.4444444444444444,1.0,0.6153846153846153,0.0,0.0,24.691358024691358,405,"Sampled-label overlap, no point adjustment; delays among detected events only; no original-FPS seconds.",0.4285714285714286,0.5077041014541015,,4.687226295471191,927,311,True
R01,1,object_roi_forecast,0.012437810945273632,0.1749271137026239,0.20023521780967712,0.28433093428611755,3.458862066268921,0.7040417380047606,0.4414690086859311,0.44070154367826986,0.47382157527698227,0.0,0.0,0.6282467532467533,271,345,30,281,0.4488817891373802,0.9035369774919614,0.5997865528281751,0.43993506493506496,0.560064935064935,0.5954692556634305,0.6717360212135132,0.3463311291144788,316,300,33,278,0.4809688581314879,0.8938906752411575,0.6254218222722159,0.512987012987013,0.487012987012987,0.6407766990291263,0.7034388441140853,0.3965133310685535,8,8,24,14,0.4166666666666667,1.0,0.5882352941176471,1.0,4.0,27.160493827160494,405,"Sampled-label overlap, no point adjustment; delays among detected events only; no original-FPS seconds.",0.3571428571428571,0.481166403041403,,3.123805284500122,927,311,True
R01,1,dino_spatiotemporal,0.012437810945273632,0.011661807580174927,-0.023845143616199493,-0.07294485718011856,7.777657508850098,0.869712281287844,0.6869940611861355,0.6847769980059808,0.630549261197425,0.01929260450160772,0.3440514469453376,0.37012987012987014,147,469,0,311,0.39871794871794874,1.0,0.5701191567369387,0.23863636363636365,0.7613636363636364,0.49406688241639696,0.6193181818181819,0.30846166925341206,194,422,0,311,0.4242837653478854,1.0,0.5957854406130269,0.31493506493506496,0.685064935064935,0.5447680690399137,0.6574675324675325,0.36554320564159054,8,8,18,10,0.4444444444444444,1.0,0.6153846153846153,0.0,0.0,24.691358024691358,405,"Sampled-label overlap, no point adjustment; delays among detected events only; no original-FPS seconds.",0.5535714285714286,0.5474702380952381,,3.3363049030303955,927,311,True
R01,1,dino_visual_state,0.012437810945273632,0.0058309037900874635,0.017328552901744843,-0.02418806217610836,8.38627815246582,0.8443333194137053,0.6319892780810851,0.6295512789982236,0.5837298595802572,0.01929260450160772,0.2282958199356913,0.375,144,472,0,311,0.39719029374201786,1.0,0.5685557586837293,0.23376623376623376,0.7662337662337663,0.49083063646170444,0.6168831168831169,0.304712453071048,185,431,0,311,0.4191374663072776,1.0,0.5906932573599241,0.3003246753246753,0.6996753246753247,0.535059331175836,0.6501623376623377,0.3547919439405864,8,8,19,11,0.42105263157894735,1.0,0.5925925925925926,0.0,0.0,27.160493827160494,405,"Sampled-label overlap, no point adjustment; delays among detected events only; no original-FPS seconds.",0.5892857142857143,0.5654626623376623,,3.380208730697632,927,311,True
R01,1,dino_full,0.012437810945273632,0.008746355685131196,-0.012618495151400566,-0.04793388396501541,6.846877098083496,0.8712364805612394,0.6874673093103122,0.6852411033625893,0.6305657449675051,0.01929260450160772,0.33762057877813506,0.36038961038961037,153,463,0,311,0.4018087855297158,1.0,0.5732718894009217,0.2483766233766234,0.7516233766233766,0.5005393743257821,0.6241883116883117,0.31591123657276365,203,413,0,311,0.42955801104972374,1.0,0.6009661835748792,0.32954545454545453,0.6704545454545454,0.5544768069039914,0.6647727272727273,0.376243126189732,8,8,19,11,0.42105263157894735,1.0,0.5925925925925926,0.0,0.0,27.160493827160494,405,"Sampled-label overlap, no point adjustment; delays among detected events only; no original-FPS seconds.",0.5535714285714286,0.5474702380952381,,3.1059577465057373,927,311,True
R01,1,dino_full_ema,0.012437810945273632,0.014577259475218658,0.013290935038439573,-0.06212305077166912,7.169396554528099,0.8844844865745187,0.7243006762434439,0.7220135647164287,0.6539507201209689,0.06430868167202572,0.3954983922829582,0.30357142857142855,109,507,0,311,0.3801955990220049,1.0,0.5509300265721877,0.17694805194805194,0.823051948051948,0.45307443365695793,0.588474025974026,0.25937399755211865,142,474,0,311,0.3961783439490446,1.0,0.5675182481751825,0.2305194805194805,0.7694805194805194,0.4886731391585761,0.6152597402597403,0.3022032859520257,8,8,16,8,0.5,1.0,0.6666666666666666,0.0,0.0,19.753086419753085,405,"Sampled-label overlap, no point adjustment; delays among detected events only; no original-FPS seconds.",0.8571428571428572,0.7713789682539683,,2.5902917485543195,927,311,True
R01,1,roi_hybrid,0.012437810945273632,0.09620991253644315,0.04759271815419197,-0.023324359208345413,7.399214744567871,0.7936797928759344,0.5168895266696572,0.5150426601212078,0.48766794214416487,0.0,0.022508038585209004,0.4431818181818182,147,469,0,311,0.39871794871794874,1.0,0.5701191567369387,0.23863636363636365,0.7613636363636364,0.49406688241639696,0.6193181818181819,0.30846166925341206,180,436,0,311,0.41633199464524767,1.0,0.5879017013232514,0.2922077922077922,0.7077922077922078,0.5296655879180151,0.6461038961038961,0.34879141758471377,8,8,16,8,0.5,1.0,0.6666666666666666,0.0,0.0,19.753086419753085,405,"Sampled-label overlap, no point adjustment; delays among detected events only; no original-FPS seconds.",0.375,0.469509657009657,,4.096475601196289,927,311,True
R01,1,roi_hybrid_ema,0.012437810945273632,0.21865889212827988,0.08543388212745258,-0.013628285246772062,7.559750430516383,0.8024073996742807,0.5239038848532214,0.522295216232909,0.48079970461084015,0.0,0.00964630225080386,0.3944805194805195,59,557,0,311,0.358294930875576,1.0,0.5275657336726038,0.09577922077922078,0.9042207792207793,0.39913700107874867,0.5478896103896104,0.18524904665991523,92,524,0,311,0.3724550898203593,1.0,0.5427574171029669,0.14935064935064934,0.8506493506493507,0.43473570658036675,0.5746753246753247,0.23585251645599437,8,8,19,11,0.42105263157894735,1.0,0.5925925925925926,0.0,0.0,27.160493827160494,405,"Sampled-label overlap, no point adjustment; delays among detected events only; no original-FPS seconds.",0.5714285714285714,0.5766254578754578,,2.8138804573102445,927,311,True
R01,1,roi_hybrid_state,0.012437810945273632,0.09912536443148688,0.06550068408250809,0.0025482922792434692,6.816603660583496,0.7968325886332317,0.5228839783106333,0.5210253863103569,0.4915086605728,0.0,0.028938906752411574,0.4496753246753247,146,470,0,311,0.39820742637644047,1.0,0.5695970695970696,0.237012987012987,0.762987012987013,0.4929881337648328,0.6185064935064934,0.3072138206139728,180,436,0,311,0.41633199464524767,1.0,0.5879017013232514,0.2922077922077922,0.7077922077922078,0.5296655879180151,0.6461038961038961,0.34879141758471377,8,8,16,8,0.5,1.0,0.6666666666666666,0.0,0.0,19.753086419753085,405,"Sampled-label overlap, no point adjustment; delays among detected events only; no original-FPS seconds.",0.375,0.469509657009657,,3.618864059448242,927,311,True
R01,1,dino_state_pca,0.012437810945273632,0.011661807580174927,0.0012826062738895416,0.0012231171131134033,0.012851366773247719,0.7984350858145071,0.5918369248670101,0.5892525220042546,0.560850386709246,0.02572347266881029,0.16720257234726688,0.6655844155844156,263,353,35,276,0.43879173290937995,0.887459807073955,0.5872340425531914,0.42694805194805197,0.573051948051948,0.5814455231930961,0.6572039295110035,0.31785605510113013,303,313,40,271,0.464041095890411,0.8713826366559485,0.605586592178771,0.49188311688311687,0.5081168831168831,0.6192017259978425,0.6816328767695327,0.35525608395821395,8,8,29,17,0.41379310344827586,1.0,0.5853658536585366,0.0,0.0,29.62962962962963,405,"Sampled-label overlap, no point adjustment; delays among detected events only; no original-FPS seconds.",0.7321428571428572,0.6635912698412698,,0.010699625127017498,927,311,True
R01,2,dino_global_pca,0.012437810945273632,0.0029154518950437317,0.0006548482924699783,0.0006322134286165237,0.0059105344116687775,0.8113751200567921,0.560282980747211,0.5580271256285012,0.5385038890708209,0.0,0.11254019292604502,0.36688311688311687,160,456,0,311,0.40547588005215124,1.0,0.5769944341372913,0.2597402597402597,0.7402597402597403,0.5080906148867314,0.6298701298701299,0.3245279809248444,206,410,0,311,0.43134535367545074,1.0,0.6027131782945736,0.3344155844155844,0.6655844155844156,0.5577130528586839,0.6672077922077921,0.37980074846466905,8,8,15,7,0.5333333333333333,1.0,0.6956521739130436,0.0,0.0,17.28395061728395,405,"Sampled-label overlap, no point adjustment; delays among detected events only; no original-FPS seconds.",0.8392857142857143,0.7602678571428572,,0.0026590453926473856,927,311,True
R01,2,visual_state_transition,0.012437810945273632,0.011661807580174927,0.0,0.0,0.0,0.4958528208126279,0.33533748245237177,0.3093344509184229,0.49676971940442616,0.003215434083601286,0.028938906752411574,1.0,606,10,307,4,0.2857142857142857,0.012861736334405145,0.024615384615384615,0.9837662337662337,0.016233766233766232,0.6580366774541532,0.49831398505031943,-0.013054569683641057,616,0,311,0,0.0,0.0,0.0,1.0,0.0,0.6645091693635383,0.5,0.0,8,0,0,0,0.0,0.0,0.0,,,0.0,405,"Sampled-label overlap, no point adjustment; delays among detected events only; no original-FPS seconds.",0.35714285714285715,0.5285256410256409,,4.154078006744385,927,311,True
R01,2,dino_frame_plain_ae,0.012437810945273632,0.008746355685131196,0.16792546212673187,0.15419892966747284,1.0204484462738037,0.8401313316908172,0.6212993024485267,0.6187298076750625,0.5688834773282226,0.03536977491961415,0.1607717041800643,0.3538961038961039,152,464,0,311,0.4012903225806452,1.0,0.572744014732965,0.24675324675324675,0.7532467532467533,0.4994606256742179,0.6233766233766234,0.31467394233941887,195,421,0,311,0.4248633879781421,1.0,0.5963566634707574,0.31655844155844154,0.6834415584415584,0.5458468176914779,0.6582792207792207,0.3667343615937838,8,8,17,9,0.47058823529411764,1.0,0.6399999999999999,0.0,0.0,22.22222222222222,405,"Sampled-label overlap, no point adjustment; delays among detected events only; no original-FPS seconds.",0.6428571428571428,0.619629329004329,,0.5529090166091919,927,311,True
R01,2,dino_frame_denoising_ae,0.012437810945273632,0.0058309037900874635,0.11587295681238174,0.11268988251686096,0.9299145936965942,0.8302971144611015,0.6081739856225574,0.6058766747094162,0.5726802390366446,0.01607717041800643,0.21221864951768488,0.3944805194805195,150,466,0,311,0.40025740025740025,1.0,0.5716911764705882,0.2435064935064935,0.7564935064935064,0.49730312837108953,0.6217532467532467,0.31219429212704164,201,415,0,311,0.4283746556473829,1.0,0.5998071359691418,0.3262987012987013,0.6737012987012987,0.552319309600863,0.6631493506493507,0.37386908645543215,8,8,19,11,0.42105263157894735,1.0,0.5925925925925926,0.0,0.0,27.160493827160494,405,"Sampled-label overlap, no point adjustment; delays among detected events only; no original-FPS seconds.",0.5357142857142857,0.5395156926406927,,0.4694579839706421,927,311,True
R01,2,dino_frame_forecast,0.012437810945273632,0.0029154518950437317,0.358310341835022,0.33085930347442627,1.4241032600402832,0.8211649684720425,0.6103751205264966,0.6089289275370472,0.5763396359944,0.0,0.21864951768488747,0.4025974025974026,297,319,11,300,0.48465266558966075,0.9646302250803859,0.6451612903225806,0.48214285714285715,0.5178571428571429,0.6440129449838188,0.7233865411116215,0.44785442244688217,342,274,17,294,0.5176056338028169,0.9453376205787781,0.6689419795221843,0.5551948051948052,0.4448051948051948,0.686084142394822,0.7502662128867916,0.485155965536876,8,8,16,8,0.5,1.0,0.6666666666666666,0.0,0.0,19.753086419753085,405,"Sampled-label overlap, no point adjustment; delays among detected events only; no original-FPS seconds.",0.23214285714285715,0.4227144383394383,,1.3728418350219727,927,311,True
R01,2,object_raw_plain_ae,0.012437810945273632,0.08746355685131195,0.1658741533756256,0.1489139199256897,5.53713321685791,0.7224078172631228,0.45067547376594685,0.44890047635922553,0.47906890875244235,0.003215434083601286,0.012861736334405145,0.5762987012987013,248,368,11,300,0.4491017964071856,0.9646302250803859,0.6128702757916241,0.4025974025974026,0.5974025974025974,0.5911542610571737,0.6836138138388943,0.38642728566808066,289,327,3,308,0.48503937007874015,0.9903536977491961,0.6511627906976744,0.46915584415584416,0.5308441558441559,0.6440129449838188,0.7297547709525202,0.4670751869951575,8,8,19,10,0.47368421052631576,1.0,0.6428571428571429,0.0,0.0,24.691358024691358,405,"Sampled-label overlap, no point adjustment; delays among detected events only; no original-FPS seconds.",0.3571428571428571,0.481166403041403,,4.8146491050720215,927,311,True
R01,2,object_roi_plain_ae,0.012437810945273632,0.08746355685131195,0.1658741533756256,0.1489139199256897,5.53713321685791,0.7224078172631228,0.45067547376594685,0.44890047635922553,0.47906890875244235,0.003215434083601286,0.012861736334405145,0.5762987012987013,248,368,11,300,0.4491017964071856,0.9646302250803859,0.6128702757916241,0.4025974025974026,0.5974025974025974,0.5911542610571737,0.6836138138388943,0.38642728566808066,289,327,3,308,0.48503937007874015,0.9903536977491961,0.6511627906976744,0.46915584415584416,0.5308441558441559,0.6440129449838188,0.7297547709525202,0.4670751869951575,8,8,19,10,0.47368421052631576,1.0,0.6428571428571429,0.0,0.0,24.691358024691358,405,"Sampled-label overlap, no point adjustment; delays among detected events only; no original-FPS seconds.",0.3571428571428571,0.481166403041403,,4.8146491050720215,927,311,True
R01,2,object_roi_denoising_ae,0.012437810945273632,0.09037900874635568,0.14907324314117432,0.07898906618356705,6.017287254333496,0.7517956320207125,0.4755048239452103,0.4733775466154136,0.4821293953972918,0.006430868167202572,0.012861736334405145,0.49837662337662336,225,391,1,310,0.442225392296719,0.9967845659163987,0.6126482213438735,0.3652597402597403,0.6347402597402597,0.5771305285868392,0.6810221530880696,0.3981246279382939,282,334,0,311,0.4821705426356589,1.0,0.6506276150627616,0.4577922077922078,0.5422077922077922,0.639697950377562,0.7288961038961039,0.46982328299643167,8,8,18,10,0.4444444444444444,1.0,0.6153846153846153,0.0,0.0,24.691358024691358,405,"Sampled-label overlap, no point adjustment; delays among detected events only; no original-FPS seconds.",0.4285714285714286,0.5077041014541015,,4.732303142547607,927,311,True
R01,2,object_roi_forecast,0.012437810945273632,0.19825072886297376,0.19780218601226807,0.23868310451507568,3.3234386444091797,0.6945885705933937,0.43222566277864205,0.43147604566607023,0.47376662937671565,0.0,0.0,0.6493506493506493,272,344,33,278,0.44694533762057875,0.8938906752411575,0.5959271168274383,0.44155844155844154,0.5584415584415584,0.593311758360302,0.6677245583997995,0.3370948296221332,310,306,37,274,0.4724137931034483,0.8810289389067524,0.6150392817059483,0.5032467532467533,0.4967532467532468,0.6299892125134844,0.6921378460767529,0.37491665180575284,8,8,26,15,0.4230769230769231,1.0,0.5945945945945945,0.5,2.0,27.160493827160494,405,"Sampled-label overlap, no point adjustment; delays among detected events only; no original-FPS seconds.",0.3571428571428571,0.481166403041403,,3.024609327316284,927,311,True
R01,2,dino_spatiotemporal,0.012437810945273632,0.0058309037900874635,-0.01348886452615261,-0.06377065926790237,6.969063758850098,0.8573725310059715,0.6626186741303153,0.6604376146167854,0.6078675935673736,0.01607717041800643,0.3022508038585209,0.3652597402597403,161,455,0,311,0.40600522193211486,1.0,0.5775301764159703,0.26136363636363635,0.7386363636363636,0.5091693635382956,0.6306818181818181,0.325752975714425,210,406,0,311,0.43375174337517436,1.0,0.6050583657587549,0.3409090909090909,0.6590909090909091,0.5620280474649406,0.6704545454545454,0.3845385709057857,8,8,18,10,0.4444444444444444,1.0,0.6153846153846153,0.0,0.0,24.691358024691358,405,"Sampled-label overlap, no point adjustment; delays among detected events only; no original-FPS seconds.",0.4642857142857143,0.5071629759129759,,3.3664438724517822,927,311,True
R01,2,dino_visual_state,0.012437810945273632,0.0058309037900874635,0.017797471955418587,-0.0009544685599394143,7.467533111572266,0.8301144193427151,0.607391800089938,0.6050927742659349,0.5712956023499263,0.01607717041800643,0.2090032154340836,0.39285714285714285,150,466,0,311,0.40025740025740025,1.0,0.5716911764705882,0.2435064935064935,0.7564935064935064,0.49730312837108953,0.6217532467532467,0.31219429212704164,201,415,0,311,0.4283746556473829,1.0,0.5998071359691418,0.3262987012987013,0.6737012987012987,0.552319309600863,0.6631493506493507,0.37386908645543215,8,8,19,11,0.42105263157894735,1.0,0.5925925925925926,0.0,0.0,27.160493827160494,405,"Sampled-label overlap, no point adjustment; delays among detected events only; no original-FPS seconds.",0.5357142857142857,0.5395156926406927,,3.2435786724090576,927,311,True
R01,2,dino_full,0.012437810945273632,0.0058309037900874635,-0.00339411199092865,-0.024804558604955673,6.131410598754883,0.8588758508372656,0.6628971613706981,0.6607090158642401,0.6058345952575095,0.01607717041800643,0.2958199356913183,0.3587662337662338,161,455,0,311,0.40600522193211486,1.0,0.5775301764159703,0.26136363636363635,0.7386363636363636,0.5091693635382956,0.6306818181818181,0.325752975714425,210,406,0,311,0.43375174337517436,1.0,0.6050583657587549,0.3409090909090909,0.6590909090909091,0.5620280474649406,0.6704545454545454,0.3845385709057857,8,8,18,10,0.4444444444444444,1.0,0.6153846153846153,0.0,0.0,24.691358024691358,405,"Sampled-label overlap, no point adjustment; delays among detected events only; no original-FPS seconds.",0.48214285714285715,0.5135732323232323,,3.0065460205078125,927,311,True
R01,2,dino_full_ema,0.012437810945273632,0.0029154518950437317,0.012920514313078668,-0.0447564551111477,6.480314390717595,0.8756681421472419,0.7035309583638496,0.7011753394733798,0.6343844850360335,0.02572347266881029,0.36977491961414793,0.31655844155844154,125,491,0,311,0.3877805486284289,1.0,0.5588499550763701,0.20292207792207792,0.797077922077922,0.4703344120819849,0.601461038961039,0.28051601506053836,158,458,0,311,0.4044213263979194,1.0,0.5759259259259258,0.2564935064935065,0.7435064935064936,0.505933117583603,0.6282467532467533,0.3220736625502887,8,8,18,10,0.4444444444444444,1.0,0.6153846153846153,0.0,0.0,24.691358024691358,405,"Sampled-label overlap, no point adjustment; delays among detected events only; no original-FPS seconds.",0.8392857142857143,0.7602678571428572,,2.5972105147980526,927,311,True
R01,2,roi_hybrid,0.012437810945273632,0.09037900874635568,0.052202168852090836,-0.006049022078514099,7.092639923095703,0.7691986470121518,0.492654581014115,0.4907477224487817,0.48395359928614284,0.0,0.012861736334405145,0.4788961038961039,158,458,0,311,0.4044213263979194,1.0,0.5759259259259258,0.2564935064935065,0.7435064935064936,0.505933117583603,0.6282467532467533,0.3220736625502887,180,436,0,311,0.41633199464524767,1.0,0.5879017013232514,0.2922077922077922,0.7077922077922078,0.5296655879180151,0.6461038961038961,0.34879141758471377,8,8,16,8,0.5,1.0,0.6666666666666666,0.0,0.0,19.753086419753085,405,"Sampled-label overlap, no point adjustment; delays among detected events only; no original-FPS seconds.",0.375,0.47298187923187923,,4.185725688934326,927,311,True
R01,2,roi_hybrid_ema,0.012437810945273632,0.19533527696793002,0.08114332767654724,-0.0009004391697574471,7.242527986401368,0.7787040130287719,0.5031419224401721,0.5015085388893676,0.47849747138966975,0.0,0.012861736334405145,0.4496753246753247,74,542,0,311,0.3645955451348183,1.0,0.5343642611683849,0.12012987012987013,0.8798701298701299,0.4153182308522114,0.560064935064935,0.20928166543434934,104,512,0,311,0.3778857837181045,1.0,0.5485008818342152,0.16883116883116883,0.8311688311688312,0.447680690399137,0.5844155844155844,0.2525844384553606,8,8,18,10,0.4444444444444444,1.0,0.6153846153846153,0.0,0.0,24.691358024691358,405,"Sampled-label overlap, no point adjustment; delays among detected events only; no original-FPS seconds.",0.5535714285714286,0.569807276057276,,2.9570914481632387,927,311,True
R01,2,roi_hybrid_state,0.012437810945273632,0.09329446064139942,0.06882534176111221,0.031724363565444946,6.442911148071289,0.7717981375537646,0.4962353215240934,0.4943887655313256,0.485970113825927,0.0,0.012861736334405145,0.47564935064935066,153,463,0,311,0.4018087855297158,1.0,0.5732718894009217,0.2483766233766234,0.7516233766233766,0.5005393743257821,0.6241883116883117,0.31591123657276365,180,436,0,311,0.41633199464524767,1.0,0.5879017013232514,0.2922077922077922,0.7077922077922078,0.5296655879180151,0.6461038961038961,0.34879141758471377,8,8,16,8,0.5,1.0,0.6666666666666666,0.0,0.0,19.753086419753085,405,"Sampled-label overlap, no point adjustment; delays among detected events only; no original-FPS seconds.",0.35714285714285715,0.46256521256521255,,3.693716526031494,927,311,True
R01,2,dino_state_pca,0.012437810945273632,0.011661807580174927,0.0012826062738895416,0.0012231171131134033,0.012851366773247719,0.7984350858145071,0.5918369248670101,0.5892525220042546,0.560850386709246,0.02572347266881029,0.16720257234726688,0.6655844155844156,263,353,35,276,0.43879173290937995,0.887459807073955,0.5872340425531914,0.42694805194805197,0.573051948051948,0.5814455231930961,0.6572039295110035,0.31785605510113013,303,313,40,271,0.464041095890411,0.8713826366559485,0.605586592178771,0.49188311688311687,0.5081168831168831,0.6192017259978425,0.6816328767695327,0.35525608395821395,8,8,29,17,0.41379310344827586,1.0,0.5853658536585366,0.0,0.0,29.62962962962963,405,"Sampled-label overlap, no point adjustment; delays among detected events only; no original-FPS seconds.",0.7321428571428572,0.6635912698412698,,0.010699625127017498,927,311,True
R02,0,dino_global_pca,0.010158013544018058,0.013422818791946308,0.0018115416169166565,0.0030111968517303467,0.004368677735328674,0.8055183521030751,0.7269129842451775,0.7267193431982276,0.6951274973054342,0.2837423312883436,0.4616564417177914,0.5602503912363067,1253,25,404,248,0.9084249084249084,0.3803680981595092,0.5362162162162163,0.9804381846635368,0.019561815336463225,0.777720207253886,0.680403141411523,0.48968943975504053,1269,9,418,234,0.9629629629629629,0.3588957055214724,0.5229050279329609,0.9929577464788732,0.007042253521126761,0.7787564766839378,0.6759267260001728,0.5016379251697711,15,4,8,1,0.875,0.26666666666666666,0.40875912408759124,2.0,8.0,0.0,295,"Sampled-label overlap, no point adjustment; delays among detected events only; no original-FPS seconds.",0.75,0.9540404040404039,,0.012771938927471638,1930,652,True
R02,0,visual_state_transition,0.006772009029345372,0.006711409395973154,0.0,0.0,0.0,0.4939430379139184,0.3381956018641782,0.2810400705046287,0.494528090758713,0.003067484662576687,0.015337423312883436,1.0,1268,10,650,2,0.16666666666666666,0.003067484662576687,0.006024096385542168,0.9921752738654147,0.00782472613458529,0.6580310880829016,0.4976213792639957,-0.028623945517642444,1278,0,652,0,0.0,0.0,0.0,1.0,0.0,0.6621761658031088,0.5,0.0,15,0,0,0,0.0,0.0,0.0,,,0.0,295,"Sampled-label overlap, no point adjustment; delays among detected events only; no original-FPS seconds.",0.35,0.814033189033189,,3.649658679962158,1930,652,True
R02,0,dino_frame_plain_ae,0.010158013544018058,0.012080536912751677,0.0657726526260376,0.11080702394247055,0.12751123309135437,0.7891092293364824,0.7295132587939712,0.7293432235940515,0.7043683548570149,0.36503067484662577,0.4616564417177914,0.6447574334898278,1261,17,385,267,0.9401408450704225,0.40950920245398775,0.5705128205128205,0.986697965571205,0.013302034428794992,0.7917098445595855,0.6981035840125964,0.5289778263250879,1270,8,402,250,0.9689922480620154,0.3834355828220859,0.5494505494505494,0.9937402190923318,0.006259780907668232,0.7875647668393783,0.6885879009572089,0.5242097057003079,15,4,11,1,0.9090909090909091,0.26666666666666666,0.41237113402061853,2.0,8.0,0.0,295,"Sampled-label overlap, no point adjustment; delays among detected events only; no original-FPS seconds.",0.7,0.9451515151515152,,0.42313632369041443,1930,652,True
R02,0,dino_frame_denoising_ae,0.010158013544018058,0.009395973154362415,0.05645475536584854,0.09645769000053406,0.11774499714374542,0.7998070220916501,0.7328647727836085,0.7326856686921464,0.7009524589145031,0.31441717791411045,0.4616564417177914,0.6064162754303599,1257,21,396,256,0.924187725631769,0.39263803680981596,0.551130247578041,0.9835680751173709,0.01643192488262911,0.7839378238341969,0.6881030559635934,0.5075031712407131,1266,12,411,241,0.9525691699604744,0.3696319018404908,0.532596685082873,0.9906103286384976,0.009389671361502348,0.7808290155440415,0.6801211152394941,0.5048438334603622,15,4,11,2,0.8181818181818182,0.26666666666666666,0.4022346368715084,2.0,8.0,0.0,295,"Sampled-label overlap, no point adjustment; delays among detected events only; no original-FPS seconds.",0.7,0.9451515151515152,,0.397164911031723,1930,652,True
R02,0,dino_frame_forecast,0.010158013544018058,0.016107382550335572,0.09732745587825775,0.16866758465766907,0.17459189891815186,0.8527199324097277,0.7852459609874926,0.784987457627546,0.7297424990512804,0.3558282208588957,0.5184049079754601,0.5492957746478874,1260,18,383,269,0.9372822299651568,0.4125766871165644,0.5729499467518636,0.9859154929577465,0.014084507042253521,0.7922279792746114,0.6992460900371554,0.5297235709131464,1268,10,397,255,0.9622641509433962,0.3911042944785276,0.5561613958560523,0.9921752738654147,0.00782472613458529,0.7891191709844559,0.6916397841719711,0.526713970429062,15,5,9,2,0.7777777777777778,0.3333333333333333,0.4666666666666666,8.0,32.0,0.0,295,"Sampled-label overlap, no point adjustment; delays among detected events only; no original-FPS seconds.",0.85,0.9697979797979798,,0.5851380825042725,1930,652,True
R02,0,object_raw_plain_ae,0.010158013544018058,0.009395973154362415,0.16212128102779388,0.5443194508552551,0.669263482093811,0.7963729034054361,0.7451395018487492,0.7450129742326184,0.7166183337603204,0.39723926380368096,0.4662576687116564,0.6737089201877934,1260,18,385,267,0.9368421052631579,0.40950920245398775,0.5699039487726788,0.9859154929577465,0.014084507042253521,0.7911917098445596,0.6977123477058671,0.5271662914237241,1269,9,400,252,0.9655172413793104,0.38650306748466257,0.5520262869660459,0.9929577464788732,0.007042253521126761,0.7880829015544042,0.6897304069817679,0.524816809508847,15,4,6,1,0.8333333333333334,0.26666666666666666,0.40404040404040403,2.0,8.0,0.0,295,"Sampled-label overlap, no point adjustment; delays among detected events only; no original-FPS seconds.",0.7,0.941540404040404,,5.860501766204834,1930,652,True
R02,0,object_roi_plain_ae,0.010158013544018058,0.012080536912751677,0.16267512738704681,0.5703560709953308,0.7380143404006958,0.791768676133145,0.7420531925537992,0.7419431680549167,0.7164073668141666,0.38496932515337423,0.4723926380368098,0.687793427230047,1257,21,380,272,0.9283276450511946,0.4171779141104294,0.5756613756613757,0.9835680751173709,0.01643192488262911,0.7922279792746114,0.7003729946139001,0.5282022652694307,1270,8,395,257,0.969811320754717,0.3941717791411043,0.5605234460196292,0.9937402190923318,0.006259780907668232,0.7911917098445596,0.693955999116718,0.5330799907999677,15,4,8,1,0.875,0.26666666666666666,0.40875912408759124,2.0,8.0,0.0,295,"Sampled-label overlap, no point adjustment; delays among detected events only; no original-FPS seconds.",0.7,0.9451515151515152,,6.272073268890381,1930,652,True
R02,0,object_roi_denoising_ae,0.010158013544018058,0.013422818791946308,0.17460986971855164,0.5842293500900269,0.7967617511749268,0.792097506648617,0.7431752929496774,0.7430252595183557,0.716185030391873,0.3895705521472393,0.4708588957055215,0.7081377151799687,1256,22,373,279,0.9269102990033222,0.4279141104294479,0.5855194123819517,0.9827856025039123,0.017214397496087636,0.7953367875647669,0.7053498564666801,0.5353894809193467,1270,8,386,266,0.9708029197080292,0.40797546012269936,0.5745140388768898,0.9937402190923318,0.006259780907668232,0.7958549222797927,0.7008578396075156,0.5443804998011007,15,4,6,1,0.8333333333333334,0.26666666666666666,0.40404040404040403,2.0,8.0,0.0,295,"Sampled-label overlap, no point adjustment; delays among detected events only; no original-FPS seconds.",0.6499999999999999,0.932651515151515,,6.522488117218018,1930,652,True
R02,0,object_roi_forecast,0.010158013544018058,0.013422818791946308,0.18084926903247833,0.48325321078300476,0.6203402280807495,0.8267951265877473,0.7518894167670607,0.7519051525220496,0.7182454321234695,0.33588957055214724,0.5061349693251533,0.7449139280125195,1258,20,385,267,0.9303135888501742,0.40950920245398775,0.5686900958466454,0.9843505477308294,0.01564945226917058,0.7901554404145078,0.6969298750924086,0.523565589839064,1266,12,397,255,0.9550561797752809,0.3911042944785276,0.5549510337323178,0.9906103286384976,0.009389671361502348,0.7880829015544042,0.6908573115585126,0.5229091811361006,15,5,10,2,0.8,0.3333333333333333,0.47058823529411764,8.0,32.0,0.0,295,"Sampled-label overlap, no point adjustment; delays among detected events only; no original-FPS seconds.",1.0,0.9999999999999999,,3.731041669845581,1930,652,True
R02,0,dino_fewshot3_denoising_ae,0.010158013544018058,0.012080536912751677,0.11365487426519394,0.17436669766902924,0.15994906425476074,0.7814969229144464,0.7168769495888979,0.7166758419581283,0.6950289618455541,0.2684049079754601,0.4616564417177914,0.6799687010954617,1263,15,448,204,0.9315068493150684,0.3128834355828221,0.468427095292767,0.9882629107981221,0.011737089201877934,0.7601036269430052,0.6505731731904721,0.4490759125732511,1270,8,470,182,0.9578947368421052,0.2791411042944785,0.43230403800475053,0.9937402190923318,0.006259780907668232,0.7523316062176166,0.6364406616934052,0.43322310703717143,15,4,8,2,0.75,0.26666666666666666,0.3934426229508197,3.0,12.0,0.0,295,"Sampled-label overlap, no point adjustment; delays among detected events only; no original-FPS seconds.",0.7,0.9451515151515152,,0.6573276519775391,1930,652,True
R02,0,dino_spatiotemporal,0.010158013544018058,0.0174496644295302,0.03015451692044735,0.6683164238929749,0.8607009053230286,0.838717032940657,0.7700736500132308,0.7699082764679535,0.7113946911115456,0.3604294478527607,0.45858895705521474,0.5508607198748043,1259,19,378,274,0.9351535836177475,0.42024539877300615,0.5798941798941798,0.985133020344288,0.01486697965571205,0.794300518134715,0.702689209558647,0.5343080280895335,1269,9,395,257,0.9661654135338346,0.3941717791411043,0.5599128540305012,0.9929577464788732,0.007042253521126761,0.7906735751295336,0.6935647628099888,0.5311632760913524,15,4,9,1,0.8888888888888888,0.26666666666666666,0.41025641025641024,2.5,10.0,0.0,295,"Sampled-label overlap, no point adjustment; delays among detected events only; no original-FPS seconds.",0.75,0.9540404040404039,,4.670842170715332,1930,652,True
R02,0,dino_visual_state,0.010158013544018058,0.009395973154362415,0.010879364795982838,0.5576568245887756,0.8341756463050842,0.7974584041399042,0.7309651623445391,0.7307858548363202,0.7012973330240836,0.31441717791411045,0.4616564417177914,0.6087636932707355,1257,21,396,256,0.924187725631769,0.39263803680981596,0.551130247578041,0.9835680751173709,0.01643192488262911,0.7839378238341969,0.6881030559635934,0.5075031712407131,1266,12,411,241,0.9525691699604744,0.3696319018404908,0.532596685082873,0.9906103286384976,0.009389671361502348,0.7808290155440415,0.6801211152394941,0.5048438334603622,15,4,11,2,0.8181818181818182,0.26666666666666666,0.4022346368715084,2.0,8.0,0.0,295,"Sampled-label overlap, no point adjustment; delays among detected events only; no original-FPS seconds.",0.7,0.9451515151515152,,4.620936393737793,1930,652,True
R02,0,dino_full,0.010158013544018058,0.0174496644295302,0.03779139369726181,0.606173038482666,0.775367021560669,0.8390482636788694,0.7707559159082182,0.7705899722808741,0.7130609510036215,0.3604294478527607,0.4616564417177914,0.5477308294209703,1257,21,370,282,0.9306930693069307,0.4325153374233129,0.5905759162303664,0.9835680751173709,0.01643192488262911,0.7974093264248705,0.7080417062703419,0.5409467759535702,1265,13,381,271,0.954225352112676,0.4156441717791411,0.579059829059829,0.9898278560250391,0.010172143974960876,0.7958549222797927,0.7027360139020901,0.5413473788789274,15,4,10,3,0.7,0.26666666666666666,0.38620689655172413,2.5,10.0,0.0,295,"Sampled-label overlap, no point adjustment; delays among detected events only; no original-FPS seconds.",0.75,0.9540404040404039,,4.005896091461182,1930,652,True
R02,0,dino_full_ema,0.010158013544018058,0.025503355704697986,0.08824547922340498,0.6099801580110434,0.8168370633871441,0.8231251860172624,0.7520427576803808,0.7518503447548917,0.7035598587759471,0.38496932515337423,0.4616564417177914,0.568075117370892,1238,40,353,299,0.8820058997050148,0.45858895705521474,0.60343087790111,0.9687010954616588,0.03129890453834116,0.7963730569948186,0.7136450262584368,0.5311009377460695,1244,34,362,290,0.8950617283950617,0.4447852760736196,0.5942622950819673,0.97339593114241,0.026604068857589983,0.794818652849741,0.7090906036080148,0.5291861402823297,15,5,10,5,0.5,0.3333333333333333,0.4,3.0,12.0,0.0,295,"Sampled-label overlap, no point adjustment; delays among detected events only; no original-FPS seconds.",0.8,0.9622222222222222,,2.898916042115624,1930,652,True
R02,0,roi_hybrid,0.010158013544018058,0.013422818791946308,0.0407554917037487,0.599239706993103,0.6668909192085266,0.8267831254740441,0.7654240318777149,0.7652766840170924,0.7163783114862533,0.38650306748466257,0.46932515337423314,0.5845070422535211,1254,24,352,300,0.9259259259259259,0.4601226993865031,0.6147540983606558,0.9812206572769953,0.018779342723004695,0.805181347150259,0.7206716783317492,0.5584966120473044,1267,11,362,290,0.9634551495016611,0.4447852760736196,0.608604407135362,0.9913928012519562,0.008607198748043818,0.8067357512953368,0.7180890386627878,0.5686031595683883,15,4,5,1,0.8,0.26666666666666666,0.4,2.0,8.0,0.0,295,"Sampled-label overlap, no point adjustment; delays among detected events only; no original-FPS seconds.",0.7,0.9451515151515152,,4.813847541809082,1930,652,True
R02,0,roi_hybrid_ema,0.010158013544018058,0.024161073825503355,0.14973114924788378,0.622588089676368,0.7317213236116429,0.8177966915329742,0.753904387094006,0.753745997287051,0.7107984252517581,0.45245398773006135,0.4601226993865031,0.6064162754303599,1219,59,352,300,0.8356545961002786,0.4601226993865031,0.5934718100890208,0.9538341158059468,0.04616588419405321,0.7870466321243523,0.7069784075962249,0.5031632863220945,1231,47,361,291,0.8609467455621301,0.44631901840490795,0.5878787878787879,0.9632237871674492,0.036776212832550864,0.78860103626943,0.7047714027861786,0.509634293346993,15,5,14,9,0.35714285714285715,0.3333333333333333,0.3448275862068965,3.0,12.0,6.779661016949152,295,"Sampled-label overlap, no point adjustment; delays among detected events only; no original-FPS seconds.",0.7,0.9451515151515152,,2.9676701927175713,1930,652,True
R02,0,roi_hybrid_state,0.010158013544018058,0.01476510067114094,0.05583982169628143,0.5534212589263916,0.6162893772125244,0.8277936192478662,0.7659568122740887,0.7658092078990394,0.7162204020954197,0.3895705521472393,0.4662576687116564,0.5790297339593115,1254,24,352,300,0.9259259259259259,0.4601226993865031,0.6147540983606558,0.9812206572769953,0.018779342723004695,0.805181347150259,0.7206716783317492,0.5584966120473044,1267,11,362,290,0.9634551495016611,0.4447852760736196,0.608604407135362,0.9913928012519562,0.008607198748043818,0.8067357512953368,0.7180890386627878,0.5686031595683883,15,4,5,1,0.8,0.26666666666666666,0.4,2.0,8.0,0.0,295,"Sampled-label overlap, no point adjustment; delays among detected events only; no original-FPS seconds.",0.75,0.9540404040404039,,4.30812931060791,1930,652,True
R02,0,dino_state_pca,0.010158013544018058,0.009395973154362415,0.0009991806000471115,0.002248801290988922,0.0028271423652768135,0.8007503096287336,0.7306319510575608,0.7304520959963462,0.702828422477606,0.30828220858895705,0.46319018404907975,0.5860719874804382,1259,19,391,261,0.9321428571428572,0.4003067484662577,0.5600858369098712,0.985133020344288,0.01486697965571205,0.7875647668393783,0.6927198844052729,0.5176363415955638,1269,9,407,245,0.9645669291338582,0.37576687116564417,0.5408388520971302,0.9929577464788732,0.007042253521126761,0.7844559585492228,0.6843623088222587,0.5158666986617694,15,4,8,1,0.875,0.26666666666666666,0.40875912408759124,2.0,8.0,0.0,295,"Sampled-label overlap, no point adjustment; delays among detected events only; no original-FPS seconds.",0.7,0.9451515151515152,,0.012733595445752144,1930,652,True
R02,1,dino_global_pca,0.010158013544018058,0.013422818791946308,0.0018115416169166565,0.0030111968517303467,0.004368677735328674,0.8055183521030751,0.7269129842451775,0.7267193431982276,0.6951274973054342,0.2837423312883436,0.4616564417177914,0.5602503912363067,1253,25,404,248,0.9084249084249084,0.3803680981595092,0.5362162162162163,0.9804381846635368,0.019561815336463225,0.777720207253886,0.680403141411523,0.48968943975504053,1269,9,418,234,0.9629629629629629,0.3588957055214724,0.5229050279329609,0.9929577464788732,0.007042253521126761,0.7787564766839378,0.6759267260001728,0.5016379251697711,15,4,8,1,0.875,0.26666666666666666,0.40875912408759124,2.0,8.0,0.0,295,"Sampled-label overlap, no point adjustment; delays among detected events only; no original-FPS seconds.",0.75,0.9540404040404039,,0.012771938927471638,1930,652,True
R02,1,visual_state_transition,0.006772009029345372,0.006711409395973154,0.0,0.0,0.0,0.4939430379139184,0.3381956018641782,0.2810400705046287,0.494528090758713,0.003067484662576687,0.015337423312883436,1.0,1268,10,650,2,0.16666666666666666,0.003067484662576687,0.006024096385542168,0.9921752738654147,0.00782472613458529,0.6580310880829016,0.4976213792639957,-0.028623945517642444,1278,0,652,0,0.0,0.0,0.0,1.0,0.0,0.6621761658031088,0.5,0.0,15,0,0,0,0.0,0.0,0.0,,,0.0,295,"Sampled-label overlap, no point adjustment; delays among detected events only; no original-FPS seconds.",0.35,0.814033189033189,,3.649658679962158,1930,652,True
R02,1,dino_frame_plain_ae,0.010158013544018058,0.010738255033557046,0.06739610433578491,0.11518065631389618,0.1290692389011383,0.8017884059640735,0.7377496721448531,0.7375820197899924,0.7043443526296083,0.35429447852760737,0.4616564417177914,0.6111111111111112,1258,20,379,273,0.931740614334471,0.4187116564417178,0.5777777777777778,0.9843505477308294,0.01564945226917058,0.7932642487046632,0.7015311020862736,0.531255146679482,1267,11,390,262,0.9597069597069597,0.401840490797546,0.5664864864864866,0.9913928012519562,0.008607198748043818,0.7922279792746114,0.6966166460247512,0.533699660022803,15,4,9,2,0.7777777777777778,0.26666666666666666,0.39716312056737585,2.0,8.0,0.0,295,"Sampled-label overlap, no point adjustment; delays among detected events only; no original-FPS seconds.",0.7,0.9451515151515152,,0.42345860600471497,1930,652,True
R02,1,dino_frame_denoising_ae,0.010158013544018058,0.012080536912751677,0.055106937885284424,0.09454427659511566,0.11612572520971298,0.7975304108221244,0.7303947925186788,0.730218104410449,0.701753375344811,0.348159509202454,0.4616564417177914,0.6056338028169014,1258,20,389,263,0.9293286219081273,0.40337423312883436,0.5625668449197861,0.9843505477308294,0.01564945226917058,0.7880829015544042,0.6938623904298319,0.5184092793049719,1268,10,400,252,0.9618320610687023,0.38650306748466257,0.5514223194748359,0.9921752738654147,0.00782472613458529,0.7875647668393783,0.6893391706750387,0.522890825834461,15,4,10,1,0.9,0.26666666666666666,0.41142857142857137,2.0,8.0,0.0,295,"Sampled-label overlap, no point adjustment; delays among detected events only; no original-FPS seconds.",0.7,0.9451515151515152,,0.39996257424354553,1930,652,True
R02,1,dino_frame_forecast,0.010158013544018058,0.016107382550335572,0.09698758274316788,0.16723713278770447,0.17173412442207336,0.8457568862390429,0.7838557956208208,0.7836758742550528,0.7332619835541792,0.3726993865030675,0.504601226993865,0.6095461658841941,1257,21,376,276,0.9292929292929293,0.4233128834355828,0.5816649104320337,0.9835680751173709,0.01643192488262911,0.794300518134715,0.7034404792764768,0.5333168111990295,1266,12,392,260,0.9558823529411765,0.3987730061349693,0.5627705627705627,0.9906103286384976,0.009389671361502348,0.7906735751295336,0.6946916673867335,0.5292853456869993,15,5,8,3,0.625,0.3333333333333333,0.43478260869565216,10.0,40.0,3.389830508474576,295,"Sampled-label overlap, no point adjustment; delays among detected events only; no original-FPS seconds.",0.95,0.9909090909090909,,0.5780796408653259,1930,652,True
R02,1,object_raw_plain_ae,0.010158013544018058,0.009395973154362415,0.15043148398399353,0.5405148863792419,0.662086009979248,0.7805500350432519,0.7339910179637278,0.7339205325671907,0.71423327032117,0.39570552147239263,0.46932515337423314,0.7269170579029735,1264,14,392,260,0.948905109489051,0.3987730061349693,0.5615550755939525,0.9890453834115805,0.010954616588419406,0.7896373056994819,0.693909194773275,0.5255477434835191,1270,8,405,247,0.9686274509803922,0.37883435582822084,0.5446527012127893,0.9937402190923318,0.006259780907668232,0.7860103626943005,0.6862872874602763,0.5203852083585189,15,4,7,2,0.7142857142857143,0.26666666666666666,0.38834951456310673,2.0,8.0,0.0,295,"Sampled-label overlap, no point adjustment; delays among detected events only; no original-FPS seconds.",0.7,0.9451515151515152,,6.066982269287109,1930,652,True
R02,1,object_roi_plain_ae,0.010158013544018058,0.010738255033557046,0.15366291999816895,0.6047046780586243,0.6932898759841919,0.7818629568823987,0.7373973235079186,0.7372937005592453,0.7162658799999798,0.3726993865030675,0.4708588957055215,0.7605633802816901,1258,20,393,259,0.9283154121863799,0.39723926380368096,0.556390977443609,0.9843505477308294,0.01564945226917058,0.7860103626943005,0.6907949057672552,0.5132280177407206,1268,10,403,249,0.9613899613899614,0.38190184049079756,0.5466520307354555,0.9921752738654147,0.00782472613458529,0.7860103626943005,0.6870385571781061,0.5190536592760778,15,4,9,1,0.8888888888888888,0.26666666666666666,0.41025641025641024,2.0,8.0,0.0,295,"Sampled-label overlap, no point adjustment; delays among detected events only; no original-FPS seconds.",0.7,0.9451515151515152,,5.99002742767334,1930,652,True
R02,1,object_roi_denoising_ae,0.010158013544018058,0.013422818791946308,0.1498028188943863,0.5802233219146729,0.7497868537902832,0.7958418541240628,0.7443073618577194,0.7441555337278771,0.7159803798213527,0.37423312883435583,0.4708588957055215,0.690923317683881,1258,20,377,275,0.9322033898305084,0.4217791411042945,0.5807814149947201,0.9843505477308294,0.01564945226917058,0.794300518134715,0.703064844417562,0.533806769080153,1270,8,392,260,0.9701492537313433,0.3987730061349693,0.5652173913043478,0.9937402190923318,0.006259780907668232,0.7927461139896373,0.6962566126136506,0.5368594626499337,15,4,7,1,0.8571428571428571,0.26666666666666666,0.4067796610169491,2.0,8.0,0.0,295,"Sampled-label overlap, no point adjustment; delays among detected events only; no original-FPS seconds.",0.7,0.9451515151515152,,6.572812080383301,1930,652,True
R02,1,object_roi_forecast,0.010158013544018058,0.009395973154362415,0.173918217420578,0.495097815990448,0.5904075503349304,0.8305958792975987,0.7605317975082057,0.7606444826915235,0.7264061894417486,0.31901840490797545,0.5230061349693251,0.7511737089201878,1260,18,389,263,0.9359430604982206,0.40337423312883436,0.5637727759914255,0.9859154929577465,0.014084507042253521,0.7891191709844559,0.6946448630432904,0.5220338674851897,1269,9,399,253,0.9656488549618321,0.3880368098159509,0.5536105032822756,0.9929577464788732,0.007042253521126761,0.78860103626943,0.6904972781474121,0.526089127435104,15,5,10,1,0.9,0.3333333333333333,0.48648648648648646,8.0,32.0,0.0,295,"Sampled-label overlap, no point adjustment; delays among detected events only; no original-FPS seconds.",1.0,0.9999999999999999,,3.9502224922180176,1930,652,True
R02,1,dino_spatiotemporal,0.010158013544018058,0.0174496644295302,0.02619706094264984,0.6635493636131287,0.8578627109527588,0.8402231727104276,0.7728974767309472,0.7727365360190993,0.711675138189666,0.37883435582822084,0.4601226993865031,0.5571205007824727,1258,20,377,275,0.9322033898305084,0.4217791411042945,0.5807814149947201,0.9843505477308294,0.01564945226917058,0.794300518134715,0.703064844417562,0.533806769080153,1268,10,391,261,0.9630996309963099,0.4003067484662577,0.5655471289274107,0.9921752738654147,0.00782472613458529,0.7922279792746114,0.6962410111658361,0.534319661068352,15,4,8,1,0.875,0.26666666666666666,0.40875912408759124,2.5,10.0,0.0,295,"Sampled-label overlap, no point adjustment; delays among detected events only; no original-FPS seconds.",0.75,0.9540404040404039,,4.729959011077881,1930,652,True
R02,1,dino_visual_state,0.010158013544018058,0.012080536912751677,0.01575862616300583,0.5500820279121399,0.8408721685409546,0.7955430263928494,0.7286576973375731,0.7284808624025553,0.7020578246503381,0.3496932515337423,0.4616564417177914,0.6071987480438185,1258,20,389,263,0.9293286219081273,0.40337423312883436,0.5625668449197861,0.9843505477308294,0.01564945226917058,0.7880829015544042,0.6938623904298319,0.5184092793049719,1268,10,400,252,0.9618320610687023,0.38650306748466257,0.5514223194748359,0.9921752738654147,0.00782472613458529,0.7875647668393783,0.6893391706750387,0.522890825834461,15,4,10,1,0.9,0.26666666666666666,0.41142857142857137,2.0,8.0,0.0,295,"Sampled-label overlap, no point adjustment; delays among detected events only; no original-FPS seconds.",0.7,0.9451515151515152,,4.73496150970459,1930,652,True
R02,1,dino_full,0.010158013544018058,0.016107382550335572,0.03318220004439354,0.6117753982543945,0.7712539434432983,0.84059040678975,0.7736740735080703,0.773512619123526,0.7135498384776423,0.3880368098159509,0.45858895705521474,0.55320813771518,1259,19,377,275,0.935374149659864,0.4217791411042945,0.5813953488372093,0.985133020344288,0.01486697965571205,0.794818652849741,0.7034560807242912,0.5355802822371295,1268,10,391,261,0.9630996309963099,0.4003067484662577,0.5655471289274107,0.9921752738654147,0.00782472613458529,0.7922279792746114,0.6962410111658361,0.534319661068352,15,4,8,1,0.875,0.26666666666666666,0.40875912408759124,3.0,12.0,0.0,295,"Sampled-label overlap, no point adjustment; delays among detected events only; no original-FPS seconds.",0.75,0.9540404040404039,,4.2411274909973145,1930,652,True
R02,1,dino_full_ema,0.010158013544018058,0.025503355704697986,0.08048739019834464,0.6083086537992983,0.8143129369617806,0.8245677198844052,0.7542381911293894,0.7540480136007927,0.7034651131414469,0.39570552147239263,0.4616564417177914,0.5790297339593115,1237,41,354,298,0.8790560471976401,0.4570552147239264,0.6014127144298689,0.9679186228482003,0.032081377151799685,0.7953367875647669,0.7124869187860634,0.5282219942229741,1244,34,362,290,0.8950617283950617,0.4447852760736196,0.5942622950819673,0.97339593114241,0.026604068857589983,0.794818652849741,0.7090906036080148,0.5291861402823297,15,5,10,5,0.5,0.3333333333333333,0.4,3.0,12.0,0.0,295,"Sampled-label overlap, no point adjustment; delays among detected events only; no original-FPS seconds.",0.8,0.9622222222222222,,2.849244733104431,1930,652,True
R02,1,roi_hybrid,0.010158013544018058,0.012080536912751677,0.0437735840678215,0.5884392261505127,0.650109052658081,0.8300138252829863,0.7677911112777397,0.7676441503568667,0.7175443144281685,0.36809815950920244,0.46932515337423314,0.5633802816901409,1256,22,353,299,0.9314641744548287,0.45858895705521474,0.6145940390544707,0.9827856025039123,0.017214397496087636,0.805699481865285,0.7206872797795636,0.560616639418134,1267,11,362,290,0.9634551495016611,0.4447852760736196,0.608604407135362,0.9913928012519562,0.008607198748043818,0.8067357512953368,0.7180890386627878,0.5686031595683883,15,4,5,1,0.8,0.26666666666666666,0.4,2.0,8.0,0.0,295,"Sampled-label overlap, no point adjustment; delays among detected events only; no original-FPS seconds.",0.75,0.9540404040404039,,4.836597442626953,1930,652,True
R02,1,roi_hybrid_ema,0.010158013544018058,0.022818791946308724,0.14749986054688635,0.6292968792348433,0.7022465627148329,0.8210693952398782,0.7562213154002306,0.7560636464034903,0.7115235451744659,0.4539877300613497,0.4601226993865031,0.5610328638497653,1224,54,352,300,0.847457627118644,0.4601226993865031,0.5964214711729623,0.9577464788732394,0.04225352112676056,0.7896373056994819,0.7089345891298713,0.510681148302479,1237,41,361,291,0.8765060240963856,0.44631901840490795,0.5914634146341463,0.9679186228482003,0.032081377151799685,0.7917098445595855,0.7071188206265542,0.5191362499196264,15,5,12,7,0.4166666666666667,0.3333333333333333,0.3703703703703704,3.0,12.0,6.779661016949152,295,"Sampled-label overlap, no point adjustment; delays among detected events only; no original-FPS seconds.",0.75,0.9540404040404039,,3.033793396056569,1930,652,True
R02,1,roi_hybrid_state,0.010158013544018058,0.009395973154362415,0.06257554888725281,0.5595085620880127,0.6001318693161011,0.8308947070288122,0.7684854803196478,0.7683386758253097,0.7179068743895223,0.36503067484662577,0.4677914110429448,0.5625978090766823,1257,21,353,299,0.934375,0.45858895705521474,0.6152263374485597,0.9835680751173709,0.01643192488262911,0.8062176165803109,0.7210785160862928,0.5623126246979457,1267,11,362,290,0.9634551495016611,0.4447852760736196,0.608604407135362,0.9913928012519562,0.008607198748043818,0.8067357512953368,0.7180890386627878,0.5686031595683883,15,4,5,1,0.8,0.26666666666666666,0.4,2.0,8.0,0.0,295,"Sampled-label overlap, no point adjustment; delays among detected events only; no original-FPS seconds.",0.75,0.9540404040404039,,4.355132579803467,1930,652,True
R02,1,dino_state_pca,0.010158013544018058,0.009395973154362415,0.0009991806000471115,0.002248801290988922,0.0028271423652768135,0.8007503096287336,0.7306319510575608,0.7304520959963462,0.702828422477606,0.30828220858895705,0.46319018404907975,0.5860719874804382,1259,19,391,261,0.9321428571428572,0.4003067484662577,0.5600858369098712,0.985133020344288,0.01486697965571205,0.7875647668393783,0.6927198844052729,0.5176363415955638,1269,9,407,245,0.9645669291338582,0.37576687116564417,0.5408388520971302,0.9929577464788732,0.007042253521126761,0.7844559585492228,0.6843623088222587,0.5158666986617694,15,4,8,1,0.875,0.26666666666666666,0.40875912408759124,2.0,8.0,0.0,295,"Sampled-label overlap, no point adjustment; delays among detected events only; no original-FPS seconds.",0.7,0.9451515151515152,,0.012733595445752144,1930,652,True
R02,2,dino_global_pca,0.010158013544018058,0.013422818791946308,0.0018115416169166565,0.0030111968517303467,0.004368677735328674,0.8055183521030751,0.7269129842451775,0.7267193431982276,0.6951274973054342,0.2837423312883436,0.4616564417177914,0.5602503912363067,1253,25,404,248,0.9084249084249084,0.3803680981595092,0.5362162162162163,0.9804381846635368,0.019561815336463225,0.777720207253886,0.680403141411523,0.48968943975504053,1269,9,418,234,0.9629629629629629,0.3588957055214724,0.5229050279329609,0.9929577464788732,0.007042253521126761,0.7787564766839378,0.6759267260001728,0.5016379251697711,15,4,8,1,0.875,0.26666666666666666,0.40875912408759124,2.0,8.0,0.0,295,"Sampled-label overlap, no point adjustment; delays among detected events only; no original-FPS seconds.",0.75,0.9540404040404039,,0.012771938927471638,1930,652,True
R02,2,visual_state_transition,0.006772009029345372,0.006711409395973154,0.0,0.0,0.0,0.4939430379139184,0.3381956018641782,0.2810400705046287,0.494528090758713,0.003067484662576687,0.015337423312883436,1.0,1268,10,650,2,0.16666666666666666,0.003067484662576687,0.006024096385542168,0.9921752738654147,0.00782472613458529,0.6580310880829016,0.4976213792639957,-0.028623945517642444,1278,0,652,0,0.0,0.0,0.0,1.0,0.0,0.6621761658031088,0.5,0.0,15,0,0,0,0.0,0.0,0.0,,,0.0,295,"Sampled-label overlap, no point adjustment; delays among detected events only; no original-FPS seconds.",0.35,0.814033189033189,,3.649658679962158,1930,652,True
R02,2,dino_frame_plain_ae,0.010158013544018058,0.009395973154362415,0.06544765830039978,0.10719414800405502,0.12749072909355164,0.7856313065852512,0.7278011165636155,0.7276358215112331,0.7060914621297909,0.3619631901840491,0.4616564417177914,0.6416275430359938,1263,15,396,256,0.9446494464944649,0.39263803680981596,0.5547128927410617,0.9882629107981221,0.011737089201877934,0.7870466321243523,0.6904504738039691,0.5185533442204334,1270,8,407,245,0.9683794466403162,0.37576687116564417,0.5414364640883977,0.9937402190923318,0.006259780907668232,0.7849740932642487,0.684753545128988,0.5178276175133247,15,4,10,1,0.9,0.26666666666666666,0.41142857142857137,2.5,10.0,0.0,295,"Sampled-label overlap, no point adjustment; delays among detected events only; no original-FPS seconds.",0.7,0.9451515151515152,,0.46645623445510864,1930,652,True
R02,2,dino_frame_denoising_ae,0.010158013544018058,0.012080536912751677,0.05557269603013992,0.09864511340856552,0.1177542433142662,0.8084526244035446,0.7419904061111786,0.7418216722907115,0.7050530499756693,0.39263803680981596,0.4616564417177914,0.6111111111111112,1261,17,378,274,0.9415807560137457,0.42024539877300615,0.5811240721102864,0.986697965571205,0.013302034428794992,0.7953367875647669,0.7034716821721057,0.5378822646587329,1270,8,394,258,0.9699248120300752,0.39570552147239263,0.5620915032679739,0.9937402190923318,0.006259780907668232,0.7917098445595855,0.6947228702823622,0.5343412520316096,15,4,9,1,0.8888888888888888,0.26666666666666666,0.41025641025641024,2.5,10.0,0.0,295,"Sampled-label overlap, no point adjustment; delays among detected events only; no original-FPS seconds.",0.7,0.9451515151515152,,0.4003601372241974,1930,652,True
R02,2,dino_frame_forecast,0.010158013544018058,0.0174496644295302,0.09796382486820221,0.16615280508995056,0.17135584354400635,0.8417977188283072,0.7771834519215685,0.7769051418812443,0.7330724922851788,0.36503067484662577,0.5199386503067485,0.5915492957746479,1255,23,379,273,0.9222972972972973,0.4187116564417178,0.5759493670886077,0.9820031298904538,0.017996870109546165,0.7917098445595855,0.7003573931660858,0.525959993454872,1264,14,389,263,0.9494584837545126,0.40337423312883436,0.566200215285253,0.9890453834115805,0.010954616588419406,0.7911917098445596,0.6962098082702075,0.529375237502443,15,5,10,4,0.6,0.3333333333333333,0.42857142857142855,8.0,32.0,3.389830508474576,295,"Sampled-label overlap, no point adjustment; delays among detected events only; no original-FPS seconds.",0.9,0.9809090909090908,,0.5432267785072327,1930,652,True
R02,2,object_raw_plain_ae,0.010158013544018058,0.012080536912751677,0.1436767876148224,0.5417908430099487,0.6527338027954102,0.7898652994997937,0.7403594185993488,0.7402749740121258,0.7163025149786532,0.4263803680981595,0.46932515337423314,0.6901408450704225,1258,20,364,288,0.935064935064935,0.44171779141104295,0.6,0.9843505477308294,0.01564945226917058,0.8010362694300518,0.7130341695709361,0.5502596972101057,1268,10,375,277,0.9651567944250871,0.42484662576687116,0.5899893503727369,0.9921752738654147,0.00782472613458529,0.8005181347150259,0.7085109498161429,0.5543554952094757,15,4,7,1,0.8571428571428571,0.26666666666666666,0.4067796610169491,2.0,8.0,0.0,295,"Sampled-label overlap, no point adjustment; delays among detected events only; no original-FPS seconds.",0.75,0.9540404040404039,,5.750010967254639,1930,652,True
R02,2,object_roi_plain_ae,0.010158013544018058,0.013422818791946308,0.17034007608890533,0.5834416747093201,0.7202548980712891,0.795621033631921,0.742618963336594,0.7425587434547963,0.7146324652611973,0.36809815950920244,0.4708588957055215,0.676056338028169,1252,26,386,266,0.910958904109589,0.40797546012269936,0.5635593220338982,0.9796557120500783,0.02034428794992175,0.7865284974093264,0.6938155860863888,0.51163417383777,1265,13,400,252,0.9509433962264151,0.38650306748466257,0.5496183206106869,0.9898278560250391,0.010172143974960876,0.7860103626943005,0.6881654617548508,0.5171649398727033,15,4,7,2,0.7142857142857143,0.26666666666666666,0.38834951456310673,2.0,8.0,3.389830508474576,295,"Sampled-label overlap, no point adjustment; delays among detected events only; no original-FPS seconds.",0.7,0.9451515151515152,,5.920939922332764,1930,652,True
R02,2,object_roi_denoising_ae,0.010158013544018058,0.010738255033557046,0.17120064795017242,0.5741021633148193,0.7044817209243774,0.8053263342838215,0.7493899468931305,0.749237757854963,0.7149331247413444,0.3604294478527607,0.4754601226993865,0.6424100156494522,1257,21,394,258,0.9247311827956989,0.39570552147239263,0.5542427497314716,0.9835680751173709,0.01643192488262911,0.7849740932642487,0.6896367982948818,0.5101127710312409,1270,8,413,239,0.9676113360323887,0.3665644171779141,0.5317018909899889,0.9937402190923318,0.006259780907668232,0.7818652849740932,0.680152318135123,0.5101155244004616,15,4,8,1,0.875,0.26666666666666666,0.40875912408759124,2.0,8.0,0.0,295,"Sampled-label overlap, no point adjustment; delays among detected events only; no original-FPS seconds.",0.75,0.9540404040404039,,6.56782865524292,1930,652,True
R02,2,object_roi_forecast,0.010158013544018058,0.01476510067114094,0.17633789777755737,0.4820023775100708,0.5773926377296448,0.8262658774734295,0.7569327784373067,0.7569667611136753,0.7226921605693429,0.3174846625766871,0.5030674846625767,0.7550860719874805,1257,21,396,256,0.924187725631769,0.39263803680981596,0.551130247578041,0.9835680751173709,0.01643192488262911,0.7839378238341969,0.6881030559635934,0.5075031712407131,1265,13,408,244,0.9494163424124513,0.37423312883435583,0.5368536853685368,0.9898278560250391,0.010172143974960876,0.7818652849740932,0.6820304924296975,0.5068142673657775,15,5,9,2,0.7777777777777778,0.3333333333333333,0.4666666666666666,8.0,32.0,0.0,295,"Sampled-label overlap, no point adjustment; delays among detected events only; no original-FPS seconds.",0.95,0.9909090909090909,,3.597262144088745,1930,652,True
R02,2,dino_spatiotemporal,0.010158013544018058,0.01879194630872483,0.027979832142591476,0.6697618961334229,0.8582198023796082,0.839987950881842,0.7722776328233136,0.7721139885262418,0.7125354285509274,0.3987730061349693,0.45858895705521474,0.5672926447574335,1258,20,375,277,0.9326599326599326,0.42484662576687116,0.58377239199157,0.9843505477308294,0.01564945226917058,0.7953367875647669,0.7045985867488502,0.5363527762458509,1266,12,391,261,0.9560439560439561,0.4003067484662577,0.5643243243243244,0.9906103286384976,0.009389671361502348,0.7911917098445596,0.6954585385523777,0.53055607286082,15,4,9,2,0.7777777777777778,0.26666666666666666,0.39716312056737585,2.5,10.0,0.0,295,"Sampled-label overlap, no point adjustment; delays among detected events only; no original-FPS seconds.",0.75,0.9540404040404039,,4.5994720458984375,1930,652,True
R02,2,dino_visual_state,0.010158013544018058,0.012080536912751677,0.011789758689701557,0.5797984600067139,0.8361501097679138,0.805886786293768,0.7397007641526985,0.7395315685855799,0.7053183377522697,0.39263803680981596,0.4616564417177914,0.6134585289514867,1260,18,378,274,0.9383561643835616,0.42024539877300615,0.5805084745762712,0.9859154929577465,0.014084507042253521,0.794818652849741,0.7030804458653763,0.5360915406288608,1268,10,394,258,0.9626865671641791,0.39570552147239263,0.5608695652173913,0.9921752738654147,0.00782472613458529,0.7906735751295336,0.6939403976689037,0.5305234625831922,15,4,9,1,0.8888888888888888,0.26666666666666666,0.41025641025641024,2.5,10.0,0.0,295,"Sampled-label overlap, no point adjustment; delays among detected events only; no original-FPS seconds.",0.7,0.9451515151515152,,4.616961479187012,1930,652,True
R02,2,dino_full,0.010158013544018058,0.0174496644295302,0.041054002940654755,0.6358046531677246,0.7734686136245728,0.8395967145751126,0.772524590587905,0.772360549370353,0.7143532814582035,0.39570552147239263,0.4601226993865031,0.5633802816901409,1256,22,370,282,0.9276315789473685,0.4325153374233129,0.5899581589958159,0.9827856025039123,0.017214397496087636,0.7968911917098446,0.7076504699636126,0.5392064472313355,1266,12,381,271,0.9575971731448764,0.4156441717791411,0.5796791443850267,0.9906103286384976,0.009389671361502348,0.7963730569948186,0.7031272502088194,0.5431845297815463,15,4,10,2,0.8,0.26666666666666666,0.4,2.5,10.0,0.0,295,"Sampled-label overlap, no point adjustment; delays among detected events only; no original-FPS seconds.",0.8,0.9622222222222222,,3.94507098197937,1930,652,True
R02,2,dino_full_ema,0.010158013544018058,0.025503355704697986,0.08281805923578449,0.620154933860005,0.8362416378367239,0.8226067379052775,0.7523784534464844,0.752177541093997,0.7038769408327409,0.3895705521472393,0.4601226993865031,0.5852895148669797,1240,38,356,296,0.8862275449101796,0.4539877300613497,0.6004056795131846,0.9702660406885759,0.0297339593114241,0.7958549222797927,0.7121268853749628,0.5304265557664071,1245,33,367,285,0.8962264150943396,0.4371165644171779,0.5876288659793815,0.9741784037558685,0.025821596244131457,0.7927461139896373,0.7056474840865232,0.5243805109431419,15,5,10,5,0.5,0.3333333333333333,0.4,3.0,12.0,0.0,295,"Sampled-label overlap, no point adjustment; delays among detected events only; no original-FPS seconds.",0.8,0.9622222222222222,,2.9209697506207735,1930,652,True
R02,2,roi_hybrid,0.010158013544018058,0.012080536912751677,0.04634980112314224,0.5735720992088318,0.6104557514190674,0.8349126798966944,0.7705548267053206,0.7704075749416,0.7163530459837198,0.36809815950920244,0.4677914110429448,0.5539906103286385,1255,23,355,297,0.928125,0.455521472392638,0.611111111111111,0.9820031298904538,0.017996870109546165,0.8041450777202073,0.7187623011415459,0.5564213380727142,1267,11,364,288,0.9632107023411371,0.44171779141104295,0.6056782334384859,0.9913928012519562,0.008607198748043818,0.805699481865285,0.7165552963314996,0.5661421052994611,15,4,6,1,0.8333333333333334,0.26666666666666666,0.40404040404040403,2.0,8.0,0.0,295,"Sampled-label overlap, no point adjustment; delays among detected events only; no original-FPS seconds.",0.75,0.9540404040404039,,4.7182416915893555,1930,652,True
R02,2,roi_hybrid_ema,0.010158013544018058,0.01879194630872483,0.1432082866659143,0.5992763077768601,0.6710979500130022,0.8259334466238467,0.7590841714912046,0.7589261099742093,0.7112216224191921,0.45245398773006135,0.4616564417177914,0.5563380281690141,1224,54,352,300,0.847457627118644,0.4601226993865031,0.5964214711729623,0.9577464788732394,0.04225352112676056,0.7896373056994819,0.7089345891298713,0.510681148302479,1236,42,361,291,0.8738738738738738,0.44631901840490795,0.5908629441624366,0.9671361502347418,0.03286384976525822,0.7911917098445596,0.7067275843198249,0.5175389917454473,15,5,13,8,0.38461538461538464,0.3333333333333333,0.3571428571428571,3.0,12.0,6.779661016949152,295,"Sampled-label overlap, no point adjustment; delays among detected events only; no original-FPS seconds.",0.7,0.9451515151515152,,3.0605860745981213,1930,652,True
R02,2,roi_hybrid_state,0.010158013544018058,0.012080536912751677,0.05441970005631447,0.5262584686279297,0.5707179307937622,0.8350518928156532,0.7706335787070018,0.7704864125032792,0.7167459245481139,0.3619631901840491,0.4662576687116564,0.5571205007824727,1255,23,354,298,0.9283489096573209,0.4570552147239264,0.6125385405960945,0.9820031298904538,0.017996870109546165,0.8046632124352332,0.7195291723071902,0.5576746741182057,1267,11,365,287,0.9630872483221476,0.4401840490797546,0.6042105263157894,0.9913928012519562,0.008607198748043818,0.805181347150259,0.7157884251658554,0.5649098622078581,15,4,6,1,0.8333333333333334,0.26666666666666666,0.40404040404040403,2.0,8.0,0.0,295,"Sampled-label overlap, no point adjustment; delays among detected events only; no original-FPS seconds.",0.75,0.9540404040404039,,4.100831985473633,1930,652,True
R02,2,dino_state_pca,0.010158013544018058,0.009395973154362415,0.0009991806000471115,0.002248801290988922,0.0028271423652768135,0.8007503096287336,0.7306319510575608,0.7304520959963462,0.702828422477606,0.30828220858895705,0.46319018404907975,0.5860719874804382,1259,19,391,261,0.9321428571428572,0.4003067484662577,0.5600858369098712,0.985133020344288,0.01486697965571205,0.7875647668393783,0.6927198844052729,0.5176363415955638,1269,9,407,245,0.9645669291338582,0.37576687116564417,0.5408388520971302,0.9929577464788732,0.007042253521126761,0.7844559585492228,0.6843623088222587,0.5158666986617694,15,4,8,1,0.875,0.26666666666666666,0.40875912408759124,2.0,8.0,0.0,295,"Sampled-label overlap, no point adjustment; delays among detected events only; no original-FPS seconds.",0.7,0.9451515151515152,,0.012733595445752144,1930,652,True
R03,0,dino_global_pca,0.010262257696693273,0.001455604075691412,0.004799216985702515,0.005820281803607941,0.005545422434806824,0.5815930871471512,0.49015109604546403,0.4896579808839326,0.5182421763153073,0.02365930599369085,0.0914826498422713,0.9493962047153537,1703,36,1193,75,0.6756756756756757,0.05914826498422713,0.10877447425670778,0.9792984473835538,0.020701552616446232,0.5912869970069837,0.5192233561838905,0.10069498886464189,1718,21,1203,65,0.7558139534883721,0.051261829652996846,0.09601181683899558,0.9879240943070731,0.012075905692926969,0.592949783837712,0.5195929619800349,0.11609793765399933,17,6,12,4,0.6666666666666666,0.35294117647058826,0.46153846153846156,111.0,444.0,11.049723756906078,362,"Sampled-label overlap, no point adjustment; delays among detected events only; no original-FPS seconds.",0.1,0.7969485525367879,,0.0166154857724905,3007,1268,True
R03,0,visual_state_transition,0.005701254275940707,0.005822416302765648,0.0,0.0,0.0,0.5018001843040436,0.4250696212927382,0.4542058240307963,0.5018035499275598,0.012618296529968454,0.017350157728706624,1.0,1732,7,1257,11,0.6111111111111112,0.008675078864353312,0.017107309486780718,0.9959746981023577,0.0040253018976423235,0.5796474891918856,0.5023248884833555,0.029767497753841483,1739,0,1268,0,0.0,0.0,0.0,1.0,0.0,0.578317259727303,0.5,0.0,17,0,0,0,0.0,0.0,0.0,,,0.0,362,"Sampled-label overlap, no point adjustment; delays among detected events only; no original-FPS seconds.",0.4833333333333333,0.8929321985204337,,3.47265625,3007,1268,True
R03,0,dino_frame_plain_ae,0.010262257696693273,0.0,0.20159003138542175,0.23406468331813812,0.21243993937969208,0.6021331923238091,0.5130589946787896,0.5125933866307537,0.5259973341600155,0.04968454258675079,0.10410094637223975,0.8723404255319149,1700,39,1176,92,0.7022900763358778,0.07255520504731862,0.1315225160829164,0.9775733179988499,0.022426682001150087,0.5959428001330229,0.5250642615230843,0.12127303267963847,1712,27,1188,80,0.7476635514018691,0.06309148264984227,0.11636363636363636,0.9844738355376653,0.015526164462334674,0.5959428001330229,0.5237826590937538,0.1267969877268837,17,7,10,3,0.7,0.4117647058823529,0.5185185185185185,111.0,444.0,8.287292817679557,362,"Sampled-label overlap, no point adjustment; delays among detected events only; no original-FPS seconds.",0.1,0.7969485525367879,,0.5380408763885498,3007,1268,True
R03,0,dino_frame_denoising_ae,0.010262257696693273,0.0,0.1721123456954956,0.19223813712596893,0.17854192852973938,0.60768181430642,0.5232614490958412,0.5228161621616343,0.5254440592259096,0.04416403785488959,0.10488958990536278,0.9102932719953997,1700,39,1176,92,0.7022900763358778,0.07255520504731862,0.1315225160829164,0.9775733179988499,0.022426682001150087,0.5959428001330229,0.5250642615230843,0.12127303267963847,1711,28,1189,79,0.7383177570093458,0.062302839116719244,0.1149090909090909,0.9838987924094307,0.016101207590569294,0.5952776854007317,0.523100815763075,0.12316174744147562,17,7,10,3,0.7,0.4117647058823529,0.5185185185185185,111.0,444.0,8.287292817679557,362,"Sampled-label overlap, no point adjustment; delays among detected events only; no original-FPS seconds.",0.1,0.7969485525367879,,0.49017825722694397,3007,1268,True
R03,0,dino_frame_forecast,0.010262257696693273,0.001455604075691412,0.31515616178512573,0.35452938079833984,0.32665568590164185,0.600314187601925,0.5106397211557999,0.5102810611515738,0.5253450043951703,0.018138801261829655,0.10646687697160884,0.8895917193789534,1716,23,1226,42,0.6461538461538462,0.033123028391167195,0.06301575393848462,0.9867740080506038,0.013225991949396205,0.5846358496840705,0.5099485182208855,0.06756469188899793,1730,9,1240,28,0.7567567567567568,0.022082018927444796,0.04291187739463602,0.9948246118458884,0.005175388154111558,0.5846358496840705,0.5084533153866666,0.07573339033833204,17,4,9,4,0.5555555555555556,0.23529411764705882,0.3305785123966942,69.0,276.0,8.287292817679557,362,"Sampled-label overlap, no point adjustment; delays among detected events only; no original-FPS seconds.",0.1,0.7969485525367879,,0.9975185990333557,3007,1268,True
R03,0,object_raw_plain_ae,0.010262257696693273,0.02911208151382824,0.5291158556938171,0.700600802898407,0.6442438364028931,0.719301404229923,0.6409216127757794,0.6404581995246149,0.5778960983089837,0.04100946372239748,0.21687697160883282,0.8010350776308223,1727,12,1232,36,0.75,0.028391167192429023,0.054711246200607896,0.9930994824611846,0.006900517538815411,0.5862986365147989,0.5107453248268068,0.08467707752857326,1735,4,1258,10,0.7142857142857143,0.007886435331230283,0.015600624024960997,0.9976998274870615,0.0023001725129384704,0.5803126039241769,0.5027931314091459,0.040524102551298374,17,4,5,1,0.8,0.23529411764705882,0.3636363636363636,76.5,306.0,2.7624309392265194,362,"Sampled-label overlap, no point adjustment; delays among detected events only; no original-FPS seconds.",0.06666666666666667,0.7858374414256768,,4.509552955627441,3007,1268,True
R03,0,object_roi_plain_ae,0.010262257696693273,0.02911208151382824,0.5460419058799744,0.626613974571228,0.6529724597930908,0.7224664089554351,0.6472566594890357,0.6468026404378773,0.582306544483448,0.044952681388012616,0.22712933753943218,0.8010350776308223,1727,12,1230,38,0.76,0.02996845425867508,0.057663125948406675,0.9930994824611846,0.006900517538815411,0.5869637512470901,0.5115339683599298,0.08908559904953259,1735,4,1259,9,0.6923076923076923,0.007097791798107256,0.01405152224824356,0.9976998274870615,0.0023001725129384704,0.5799800465580313,0.5023988096425844,0.03611084284551992,17,3,4,1,0.75,0.17647058823529413,0.2857142857142857,104.0,416.0,2.7624309392265194,362,"Sampled-label overlap, no point adjustment; delays among detected events only; no original-FPS seconds.",0.1,0.7969485525367879,,4.509552955627441,3007,1268,True
R03,0,object_roi_denoising_ae,0.010262257696693273,0.027656477438136828,0.5560514330863953,0.6494958996772766,0.6295475363731384,0.7166012411498685,0.6528662731065902,0.6524734628143862,0.5856930262630398,0.08832807570977919,0.23186119873817035,0.7941345600920069,1725,14,1183,85,0.8585858585858586,0.06703470031545741,0.12435991221653254,0.9919493962047153,0.008050603795284647,0.6019288327236448,0.5294920482600863,0.1632411144121097,1733,6,1222,46,0.8846153846153846,0.03627760252365931,0.0696969696969697,0.9965497412305923,0.0034502587694077054,0.5916195543731294,0.5164136718771258,0.12435542791585838,17,4,11,2,0.8181818181818182,0.23529411764705882,0.3654822335025381,33.5,134.0,5.524861878453039,362,"Sampled-label overlap, no point adjustment; delays among detected events only; no original-FPS seconds.",0.13333333333333333,0.81917077475901,,4.544841289520264,3007,1268,True
R03,0,object_roi_forecast,0.010262257696693273,0.026200873362445413,0.49126264452934265,0.6065337657928467,0.6233025193214417,0.6605943986808475,0.5412828111783101,0.5410435127553297,0.5193188903911277,0.005520504731861199,0.09069400630914827,0.8395629672225416,1704,35,1242,26,0.4262295081967213,0.02050473186119874,0.03912716328066215,0.9798734905117884,0.020126509488211614,0.5753242434319921,0.5001891111864936,0.0013248763390543978,1726,13,1263,5,0.2777777777777778,0.003943217665615142,0.007776049766718507,0.99252443933295,0.007475560667050029,0.5756568007981376,0.49823382849928255,-0.022613775480802817,17,2,6,4,0.3333333333333333,0.11764705882352941,0.1739130434782609,33.5,134.0,11.049723756906078,362,"Sampled-label overlap, no point adjustment; delays among detected events only; no original-FPS seconds.",0.0,0.7413929969812323,,3.1679751873016357,3007,1268,True
R03,0,dino_fewshot3_denoising_ae,0.010262257696693273,0.0,0.3379592299461365,0.4042498767375946,0.3914737403392792,0.47981770951433345,0.43440794495250545,0.43399042606423055,0.5145797731276799,0.02444794952681388,0.08280757097791798,0.9539965497412306,1723,16,1237,31,0.6595744680851063,0.02444794952681388,0.04714828897338403,0.9907993099482462,0.009200690051753882,0.5833056202194878,0.5076236297375301,0.060702478580136575,1733,6,1253,15,0.7142857142857143,0.011829652996845425,0.023273855702094646,0.9965497412305923,0.0034502587694077054,0.5813102760226139,0.5041896971137189,0.04968982783120881,17,3,5,2,0.6,0.17647058823529413,0.2727272727272727,46.0,184.0,5.524861878453039,362,"Sampled-label overlap, no point adjustment; delays among detected events only; no original-FPS seconds.",0.13333333333333333,0.81917077475901,,1.007340431213379,3007,1268,True
R03,0,dino_spatiotemporal,0.010262257696693273,0.0,-0.006432853639125824,0.2011846899986267,0.041178733110427856,0.6184552563839765,0.5256975553150071,0.5252378209836519,0.5243098217423587,0.03706624605678233,0.1056782334384858,0.9160437032777459,1700,39,1176,92,0.7022900763358778,0.07255520504731862,0.1315225160829164,0.9775733179988499,0.022426682001150087,0.5959428001330229,0.5250642615230843,0.12127303267963847,1711,28,1186,82,0.7454545454545455,0.06466876971608833,0.11901306240928881,0.9838987924094307,0.016101207590569294,0.5962753574991686,0.5242837810627595,0.12775712556984814,17,7,10,3,0.7,0.4117647058823529,0.5185185185185185,108.0,432.0,8.287292817679557,362,"Sampled-label overlap, no point adjustment; delays among detected events only; no original-FPS seconds.",0.1,0.7969485525367879,,2.9697811603546143,3007,1268,True
R03,0,dino_visual_state,0.010262257696693273,0.0,0.0028628818690776825,0.1812029927968979,0.06075803562998772,0.6085384834461953,0.5239521219928929,0.5235080808233975,0.5254223387690488,0.044952681388012616,0.10015772870662461,0.9125934445083381,1700,39,1175,93,0.7045454545454546,0.07334384858044164,0.13285714285714287,0.9775733179988499,0.022426682001150087,0.5962753574991686,0.5254585832896458,0.12273481034247075,1711,28,1186,82,0.7454545454545455,0.06466876971608833,0.11901306240928881,0.9838987924094307,0.016101207590569294,0.5962753574991686,0.5242837810627595,0.12775712556984814,17,7,10,3,0.7,0.4117647058823529,0.5185185185185185,108.0,432.0,8.287292817679557,362,"Sampled-label overlap, no point adjustment; delays among detected events only; no original-FPS seconds.",0.1,0.7969485525367879,,2.82086181640625,3007,1268,True
R03,0,dino_full,0.010262257696693273,0.0,-0.006834592670202255,0.19785258173942566,0.036958009004592896,0.6190357415607431,0.526365634170615,0.5259102476728157,0.5243718801905328,0.03785488958990536,0.10488958990536278,0.9108683151236343,1701,38,1177,91,0.7054263565891473,0.07176656151419558,0.13027916964924838,0.9781483611270846,0.02185163887291547,0.5959428001330229,0.52495746132064,0.12164648661867185,1711,28,1186,82,0.7454545454545455,0.06466876971608833,0.11901306240928881,0.9838987924094307,0.016101207590569294,0.5962753574991686,0.5242837810627595,0.12775712556984814,17,7,10,3,0.7,0.4117647058823529,0.5185185185185185,108.0,432.0,8.287292817679557,362,"Sampled-label overlap, no point adjustment; delays among detected events only; no original-FPS seconds.",0.1,0.7969485525367879,,2.726916790008545,3007,1268,True
R03,0,dino_full_ema,0.010262257696693273,0.0,-0.0005588517856597898,0.19865803361121137,0.03483805098216888,0.6217458817297732,0.531365138226956,0.5309890277946254,0.5235818284080089,0.050473186119873815,0.10410094637223975,0.9177688326624497,1703,36,1179,89,0.712,0.07018927444794952,0.12778176597272073,0.9792984473835538,0.020701552616446232,0.5959428001330229,0.5247438609157516,0.12243480236902674,1711,28,1190,78,0.7358490566037735,0.061514195583596214,0.11353711790393015,0.9838987924094307,0.016101207590569294,0.594945128034586,0.5227064939965135,0.12160815468465995,17,7,10,3,0.7,0.4117647058823529,0.5185185185185185,110.0,440.0,8.287292817679557,362,"Sampled-label overlap, no point adjustment; delays among detected events only; no original-FPS seconds.",0.1,0.7969485525367879,,2.5098149423065115,3007,1268,True
R03,0,roi_hybrid,0.010262257696693273,0.03056768558951965,0.017738670110702515,0.19424836337566376,0.09178140759468079,0.723204260035591,0.6293903538896044,0.6289594124995469,0.5664778212176307,0.02444794952681388,0.20347003154574134,0.8159861989649224,1710,29,1222,46,0.6133333333333333,0.03627760252365931,0.06850335070737155,0.983323749281196,0.01667625071880391,0.5839707349517792,0.5098006759024277,0.062070154521743866,1721,18,1241,27,0.6,0.021293375394321766,0.04112718964204113,0.9896492236917769,0.010350776308223116,0.5813102760226139,0.5054712995430494,0.0445072869556886,17,5,9,3,0.6666666666666666,0.29411764705882354,0.40816326530612246,101.0,404.0,8.287292817679557,362,"Sampled-label overlap, no point adjustment; delays among detected events only; no original-FPS seconds.",0.16666666666666666,0.8158374414256767,,2.482448101043701,3007,1268,True
R03,0,roi_hybrid_ema,0.010262257696693273,0.027656477438136828,0.023164693111282754,0.17186122665788253,0.09831738864305595,0.7371880572430946,0.6475435337505198,0.6471226843040014,0.5759293228745435,0.02365930599369085,0.23422712933753942,0.8073605520414031,1709,30,1222,46,0.6052631578947368,0.03627760252365931,0.06845238095238096,0.9827487061529615,0.017251293847038527,0.5836381775856335,0.5095131543383105,0.05986172820361773,1715,24,1241,27,0.5294117647058824,0.021293375394321766,0.04094010614101592,0.9861989649223691,0.013801035077630822,0.5793149318257399,0.5037461701583454,0.02865428726838083,17,6,10,3,0.7,0.35294117647058826,0.4692737430167598,105.0,420.0,8.287292817679557,362,"Sampled-label overlap, no point adjustment; delays among detected events only; no original-FPS seconds.",0.16666666666666666,0.8158374414256767,,2.201323487644131,3007,1268,True
R03,0,roi_hybrid_state,0.010262257696693273,0.027656477438136828,0.024270102381706238,0.190060555934906,0.0839887335896492,0.7212791353673292,0.6240636448138431,0.623632422475656,0.560937672600059,0.022082018927444796,0.1805993690851735,0.8338125359401956,1709,30,1226,42,0.5833333333333334,0.033123028391167195,0.0626865671641791,0.9827487061529615,0.017251293847038527,0.5823079481210509,0.5079358672720643,0.051270022500017075,1721,18,1245,23,0.5609756097560976,0.018138801261829655,0.03514132925897632,0.9896492236917769,0.010350776308223116,0.5799800465580313,0.5038940124768033,0.033163415368113965,17,5,9,3,0.6666666666666666,0.29411764705882354,0.40816326530612246,101.0,404.0,8.287292817679557,362,"Sampled-label overlap, no point adjustment; delays among detected events only; no original-FPS seconds.",0.16666666666666666,0.8158374414256767,,2.312067747116089,3007,1268,True
R03,0,dino_state_pca,0.010262257696693273,0.0,0.006150037050247192,0.008588403463363647,0.0066845715045928955,0.5549399742046899,0.46987816890054834,0.4694629163902395,0.5137973593080082,0.02917981072555205,0.08911671924290221,0.9033927544565843,1724,15,1232,36,0.7058823529411765,0.028391167192429023,0.05458680818802123,0.9913743530764807,0.008625646923519264,0.5853009644163618,0.5098827601344549,0.07559278834847225,1733,6,1244,24,0.8,0.01892744479495268,0.03697996918335901,0.9965497412305923,0.0034502587694077054,0.5843032923179249,0.5077385930127725,0.07690443319491991,17,5,6,1,0.8333333333333334,0.29411764705882354,0.4347826086956522,100.0,400.0,2.7624309392265194,362,"Sampled-label overlap, no point adjustment; delays among detected events only; no original-FPS seconds.",0.4666666666666667,0.885147945736181,,0.03769683837890625,3007,1268,True
R03,1,dino_global_pca,0.010262257696693273,0.001455604075691412,0.004799216985702515,0.005820281803607941,0.005545422434806824,0.5815930871471512,0.49015109604546403,0.4896579808839326,0.5182421763153073,0.02365930599369085,0.0914826498422713,0.9493962047153537,1703,36,1193,75,0.6756756756756757,0.05914826498422713,0.10877447425670778,0.9792984473835538,0.020701552616446232,0.5912869970069837,0.5192233561838905,0.10069498886464189,1718,21,1203,65,0.7558139534883721,0.051261829652996846,0.09601181683899558,0.9879240943070731,0.012075905692926969,0.592949783837712,0.5195929619800349,0.11609793765399933,17,6,12,4,0.6666666666666666,0.35294117647058826,0.46153846153846156,111.0,444.0,11.049723756906078,362,"Sampled-label overlap, no point adjustment; delays among detected events only; no original-FPS seconds.",0.1,0.7969485525367879,,0.0166154857724905,3007,1268,True
R03,1,visual_state_transition,0.005701254275940707,0.005822416302765648,0.0,0.0,0.0,0.5018001843040436,0.4250696212927382,0.4542058240307963,0.5018035499275598,0.012618296529968454,0.017350157728706624,1.0,1732,7,1257,11,0.6111111111111112,0.008675078864353312,0.017107309486780718,0.9959746981023577,0.0040253018976423235,0.5796474891918856,0.5023248884833555,0.029767497753841483,1739,0,1268,0,0.0,0.0,0.0,1.0,0.0,0.578317259727303,0.5,0.0,17,0,0,0,0.0,0.0,0.0,,,0.0,362,"Sampled-label overlap, no point adjustment; delays among detected events only; no original-FPS seconds.",0.4833333333333333,0.8929321985204337,,3.47265625,3007,1268,True
R03,1,dino_frame_plain_ae,0.010262257696693273,0.0,0.20702362060546875,0.2355005145072937,0.21838486194610596,0.5805466265648157,0.4966981311984052,0.49621619781726656,0.52065601126294,0.04100946372239748,0.0946372239747634,0.8809660724554341,1699,40,1182,86,0.6825396825396826,0.06782334384858044,0.12338593974175036,0.9769982748706153,0.023001725129384705,0.5936148985700034,0.5224108093595978,0.11046890596531327,1711,28,1190,78,0.7358490566037735,0.061514195583596214,0.11353711790393015,0.9838987924094307,0.016101207590569294,0.594945128034586,0.5227064939965135,0.12160815468465995,17,6,9,3,0.6666666666666666,0.35294117647058826,0.46153846153846156,110.0,440.0,8.287292817679557,362,"Sampled-label overlap, no point adjustment; delays among detected events only; no original-FPS seconds.",0.1,0.7969485525367879,,0.5609536170959473,3007,1268,True
R03,1,dino_frame_denoising_ae,0.010262257696693273,0.0,0.167647585272789,0.1927069127559662,0.1780153512954712,0.5872224328496561,0.5041385298964477,0.5036796177318608,0.5242651873969412,0.04022082018927445,0.11041009463722397,0.926394479585969,1707,32,1190,78,0.7090909090909091,0.061514195583596214,0.11320754716981132,0.9815986198964922,0.018401380103507763,0.5936148985700034,0.5215564077400442,0.1134083972904475,1716,23,1199,69,0.75,0.05441640378548896,0.10147058823529413,0.9867740080506038,0.013225991949396205,0.5936148985700034,0.5205952059180464,0.11811154724896555,17,5,9,4,0.5555555555555556,0.29411764705882354,0.3846153846153846,100.0,400.0,11.049723756906078,362,"Sampled-label overlap, no point adjustment; delays among detected events only; no original-FPS seconds.",0.1,0.7969485525367879,,0.5164871215820312,3007,1268,True
R03,1,dino_frame_forecast,0.010262257696693273,0.001455604075691412,0.3114863336086273,0.3472597002983093,0.32789331674575806,0.600167252291556,0.5079223537025157,0.5075596907702843,0.525759602566241,0.017350157728706624,0.10725552050473186,0.8878665899942496,1712,27,1230,38,0.5846153846153846,0.02996845425867508,0.05701425356339085,0.9844738355376653,0.015526164462334674,0.5819753907549052,0.5072211448981702,0.04904191953997876,1727,12,1250,18,0.6,0.014195583596214511,0.02773497688751926,0.9930994824611846,0.006900517538815411,0.5803126039241769,0.5036475330286996,0.036248379992190626,17,4,8,4,0.5,0.23529411764705882,0.31999999999999995,78.0,312.0,11.049723756906078,362,"Sampled-label overlap, no point adjustment; delays among detected events only; no original-FPS seconds.",0.1,0.7969485525367879,,0.9625591039657593,3007,1268,True
R03,1,object_raw_plain_ae,0.010262257696693273,0.020378457059679767,0.49224743247032166,0.6297792792320251,0.672656238079071,0.7098410831127792,0.6279326061154651,0.6273517773166993,0.5700056053099882,0.04574132492113565,0.18217665615141956,0.7849338700402531,1726,13,1234,34,0.723404255319149,0.026813880126182965,0.05171102661596958,0.99252443933295,0.007475560667050029,0.5853009644163618,0.5096691597295665,0.07698983051111459,1735,4,1256,12,0.75,0.00946372239747634,0.018691588785046728,0.9976998274870615,0.0023001725129384704,0.5809777186564682,0.503581774942269,0.048626107901128326,17,4,5,1,0.8,0.23529411764705882,0.3636363636363636,76.5,306.0,2.7624309392265194,362,"Sampled-label overlap, no point adjustment; delays among detected events only; no original-FPS seconds.",0.1,0.7969485525367879,,4.261789798736572,3007,1268,True
R03,1,object_roi_plain_ae,0.010262257696693273,0.021834061135371178,0.5285753011703491,0.5797651410102844,0.6855438947677612,0.7172334257876912,0.6388954718047193,0.6383254451901618,0.5745034106845743,0.04968454258675079,0.1916403785488959,0.777458309373203,1727,12,1237,31,0.7209302325581395,0.02444794952681388,0.047292143401983226,0.9930994824611846,0.006900517538815411,0.5846358496840705,0.5087737159939992,0.07298769661007924,1735,4,1260,8,0.6666666666666666,0.006309148264984227,0.0125,0.9976998274870615,0.0023001725129384704,0.5796474891918856,0.5020044878760229,0.03140174704585027,17,4,5,1,0.8,0.23529411764705882,0.3636363636363636,78.5,314.0,2.7624309392265194,362,"Sampled-label overlap, no point adjustment; delays among detected events only; no original-FPS seconds.",0.1,0.7969485525367879,,4.450466632843018,3007,1268,True
R03,1,object_roi_denoising_ae,0.010262257696693273,0.02911208151382824,0.5290755033493042,0.615288257598877,0.6186608672142029,0.7161395740327212,0.6678686670195138,0.6676178143117775,0.6050609905654928,0.12697160883280756,0.27287066246056785,0.8131109833237493,1725,14,1154,114,0.890625,0.08990536277602523,0.163323782234957,0.9919493962047153,0.008050603795284647,0.611572996341869,0.5409273794903703,0.2002292564355229,1733,6,1209,59,0.9076923076923077,0.04652996845425868,0.08852213053263316,0.9965497412305923,0.0034502587694077054,0.5959428001330229,0.5215398548424255,0.14628647437232942,17,5,15,2,0.8666666666666667,0.29411764705882354,0.4391891891891892,53.0,212.0,5.524861878453039,362,"Sampled-label overlap, no point adjustment; delays among detected events only; no original-FPS seconds.",0.16666666666666669,0.82917077475901,,4.463796138763428,3007,1268,True
R03,1,object_roi_forecast,0.010262257696693273,0.03056768558951965,0.5074343681335449,0.6659589409828186,0.6643985509872437,0.6612220482782265,0.5396662093819655,0.5392642507971486,0.521677588794421,0.007886435331230283,0.08832807570977919,0.8188614146060954,1708,31,1244,24,0.43636363636363634,0.01892744479495268,0.036281179138321996,0.9821736630247269,0.017826336975273145,0.5759893581642833,0.5005505539098398,0.004057885077467503,1731,8,1263,5,0.38461538461538464,0.003943217665615142,0.0078064012490242,0.9953996549741231,0.004600345025876941,0.5773195876288659,0.4996714363198691,-0.004946082926851155,17,2,4,2,0.5,0.11764705882352941,0.19047619047619047,33.5,134.0,5.524861878453039,362,"Sampled-label overlap, no point adjustment; delays among detected events only; no original-FPS seconds.",0.0,0.7413929969812323,,3.2661988735198975,3007,1268,True
R03,1,dino_spatiotemporal,0.010262257696693273,0.0,0.007781550288200378,0.23660039901733398,0.08591142296791077,0.6044152246749737,0.5130112557895881,0.51254862971465,0.5235123706833218,0.03391167192429022,0.1056782334384858,0.9177688326624497,1709,30,1185,83,0.7345132743362832,0.06545741324921135,0.12020275162925415,0.9827487061529615,0.017251293847038527,0.5959428001330229,0.5241030597010864,0.1251765866103323,1723,16,1197,71,0.8160919540229885,0.055993690851735015,0.10479704797047971,0.9907993099482462,0.009200690051753882,0.5966079148653143,0.5233965003999906,0.13786031383077,17,6,11,5,0.5454545454545454,0.35294117647058826,0.42857142857142855,105.5,422.0,13.812154696132596,362,"Sampled-label overlap, no point adjustment; delays among detected events only; no original-FPS seconds.",0.1,0.7969485525367879,,3.4956393241882324,3007,1268,True
R03,1,dino_visual_state,0.010262257696693273,0.0,0.0032610506750643253,0.2360994815826416,0.10176098346710205,0.5881235453857777,0.5049334246470194,0.5044745345668773,0.5242675742603325,0.04022082018927445,0.11041009463722397,0.9275445658424382,1706,33,1190,78,0.7027027027027027,0.061514195583596214,0.11312545322697608,0.9810235767682576,0.01897642323174238,0.5932823412038577,0.5212688861759269,0.11140979942113638,1716,23,1199,69,0.75,0.05441640378548896,0.10147058823529413,0.9867740080506038,0.013225991949396205,0.5936148985700034,0.5205952059180464,0.11811154724896555,17,5,9,4,0.5555555555555556,0.29411764705882354,0.3846153846153846,100.0,400.0,11.049723756906078,362,"Sampled-label overlap, no point adjustment; delays among detected events only; no original-FPS seconds.",0.1,0.7969485525367879,,3.286633253097534,3007,1268,True
R03,1,dino_full,0.010262257696693273,0.001455604075691412,0.005239646881818771,0.21241669356822968,0.07905764132738113,0.6059117880213256,0.5142493663030053,0.5137878460882553,0.5236975912824875,0.031545741324921134,0.10410094637223975,0.9194939620471535,1707,32,1184,84,0.7241379310344828,0.06624605678233439,0.12138728323699423,0.9815986198964922,0.018401380103507763,0.5956102427668772,0.5239223383394133,0.1226845859128472,1723,16,1194,74,0.8222222222222222,0.0583596214511041,0.10898379970544919,0.9907993099482462,0.009200690051753882,0.5976055869637512,0.5245794656996752,0.14246965815949503,17,6,11,5,0.5454545454545454,0.35294117647058826,0.42857142857142855,104.0,416.0,13.812154696132596,362,"Sampled-label overlap, no point adjustment; delays among detected events only; no original-FPS seconds.",0.1,0.7969485525367879,,3.1350576877593994,3007,1268,True
R03,1,dino_full_ema,0.010262257696693273,0.0,0.03510638874748952,0.23748246536968973,0.08047625777100745,0.6084409800766603,0.5195905011363676,0.5191918296963763,0.5231801192992512,0.05362776025236593,0.10094637223974763,0.926394479585969,1706,33,1184,84,0.717948717948718,0.06624605678233439,0.12129963898916968,0.9810235767682576,0.01897642323174238,0.5952776854007317,0.523634816775296,0.12071182086662845,1713,26,1196,72,0.7346938775510204,0.056782334384858045,0.1054172767203514,0.9850488786659,0.014951121334100058,0.5936148985700034,0.520915606525379,0.11633890666320641,17,7,10,3,0.7,0.4117647058823529,0.5185185185185185,110.0,440.0,8.287292817679557,362,"Sampled-label overlap, no point adjustment; delays among detected events only; no original-FPS seconds.",0.1,0.7969485525367879,,2.801331356301277,3007,1268,True
R03,1,roi_hybrid,0.010262257696693273,0.02911208151382824,0.025906041264533997,0.2017928510904312,0.12276040017604828,0.7152942424940545,0.6327850730200764,0.6323816162836897,0.5782519796406281,0.026813880126182965,0.23738170347003154,0.8625646923519263,1714,25,1228,40,0.6153846153846154,0.031545741324921134,0.06001500375093773,0.9856239217941346,0.01437607820586544,0.5833056202194878,0.5085848315595278,0.05830330571448834,1723,16,1243,25,0.6097560975609756,0.01971608832807571,0.03819709702062643,0.9907993099482462,0.009200690051753882,0.5813102760226139,0.505257699138161,0.044777273169536974,17,5,8,3,0.625,0.29411764705882354,0.4,101.0,404.0,8.287292817679557,362,"Sampled-label overlap, no point adjustment; delays among detected events only; no original-FPS seconds.",0.16666666666666666,0.8158374414256767,,2.666330099105835,3007,1268,True
R03,1,roi_hybrid_ema,0.010262257696693273,0.026200873362445413,0.03290769428014755,0.19590757906493242,0.13149690844849748,0.727712543740465,0.6491611915696922,0.6487700257649288,0.586778571733408,0.022082018927444796,0.2697160883280757,0.851063829787234,1710,29,1224,44,0.6027397260273972,0.03470031545741325,0.06562266964951528,0.983323749281196,0.01667625071880391,0.5833056202194878,0.5090120323693046,0.0578323275599822,1716,23,1243,25,0.5208333333333334,0.01971608832807571,0.037993920972644375,0.9867740080506038,0.013225991949396205,0.5789823744595943,0.5032450481893398,0.025572162921233474,17,6,9,3,0.6666666666666666,0.35294117647058826,0.46153846153846156,133.0,532.0,8.287292817679557,362,"Sampled-label overlap, no point adjustment; delays among detected events only; no original-FPS seconds.",0.13333333333333333,0.8069485525367879,,2.3934070439719504,3007,1268,True
R03,1,roi_hybrid_state,0.010262257696693273,0.02911208151382824,0.034986045211553574,0.1969986855983734,0.11620604246854782,0.7132988246989187,0.6263056350558351,0.6258854402136049,0.5722301619906899,0.026025236593059938,0.20662460567823343,0.8740655549166187,1710,29,1225,43,0.5972222222222222,0.03391167192429022,0.06417910447761192,0.983323749281196,0.01667625071880391,0.5829730628533422,0.5086177106027431,0.05567510158046599,1722,17,1243,25,0.5952380952380952,0.01971608832807571,0.038167938931297704,0.9902242668200115,0.0097757331799885,0.5809777186564682,0.5049701775740436,0.04182869591059868,17,5,8,3,0.625,0.29411764705882354,0.4,101.0,404.0,8.287292817679557,362,"Sampled-label overlap, no point adjustment; delays among detected events only; no original-FPS seconds.",0.16666666666666666,0.8158374414256767,,2.3706185817718506,3007,1268,True
R03,1,dino_state_pca,0.010262257696693273,0.0,0.006150037050247192,0.008588403463363647,0.0066845715045928955,0.5549399742046899,0.46987816890054834,0.4694629163902395,0.5137973593080082,0.02917981072555205,0.08911671924290221,0.9033927544565843,1724,15,1232,36,0.7058823529411765,0.028391167192429023,0.05458680818802123,0.9913743530764807,0.008625646923519264,0.5853009644163618,0.5098827601344549,0.07559278834847225,1733,6,1244,24,0.8,0.01892744479495268,0.03697996918335901,0.9965497412305923,0.0034502587694077054,0.5843032923179249,0.5077385930127725,0.07690443319491991,17,5,6,1,0.8333333333333334,0.29411764705882354,0.4347826086956522,100.0,400.0,2.7624309392265194,362,"Sampled-label overlap, no point adjustment; delays among detected events only; no original-FPS seconds.",0.4666666666666667,0.885147945736181,,0.03769683837890625,3007,1268,True
R03,2,dino_global_pca,0.010262257696693273,0.001455604075691412,0.004799216985702515,0.005820281803607941,0.005545422434806824,0.5815930871471512,0.49015109604546403,0.4896579808839326,0.5182421763153073,0.02365930599369085,0.0914826498422713,0.9493962047153537,1703,36,1193,75,0.6756756756756757,0.05914826498422713,0.10877447425670778,0.9792984473835538,0.020701552616446232,0.5912869970069837,0.5192233561838905,0.10069498886464189,1718,21,1203,65,0.7558139534883721,0.051261829652996846,0.09601181683899558,0.9879240943070731,0.012075905692926969,0.592949783837712,0.5195929619800349,0.11609793765399933,17,6,12,4,0.6666666666666666,0.35294117647058826,0.46153846153846156,111.0,444.0,11.049723756906078,362,"Sampled-label overlap, no point adjustment; delays among detected events only; no original-FPS seconds.",0.1,0.7969485525367879,,0.0166154857724905,3007,1268,True
R03,2,visual_state_transition,0.005701254275940707,0.005822416302765648,0.0,0.0,0.0,0.5018001843040436,0.4250696212927382,0.4542058240307963,0.5018035499275598,0.012618296529968454,0.017350157728706624,1.0,1732,7,1257,11,0.6111111111111112,0.008675078864353312,0.017107309486780718,0.9959746981023577,0.0040253018976423235,0.5796474891918856,0.5023248884833555,0.029767497753841483,1739,0,1268,0,0.0,0.0,0.0,1.0,0.0,0.578317259727303,0.5,0.0,17,0,0,0,0.0,0.0,0.0,,,0.0,362,"Sampled-label overlap, no point adjustment; delays among detected events only; no original-FPS seconds.",0.4833333333333333,0.8929321985204337,,3.47265625,3007,1268,True
R03,2,dino_frame_plain_ae,0.010262257696693273,0.0,0.2126353681087494,0.2448466271162033,0.22501561045646667,0.5999534251346453,0.5131508752785691,0.512739840814351,0.5222700082881444,0.051261829652996846,0.0914826498422713,0.8895917193789534,1712,27,1186,82,0.7522935779816514,0.06466876971608833,0.11909949164851126,0.9844738355376653,0.015526164462334674,0.5966079148653143,0.5245713026268768,0.12983899784279854,1727,12,1193,75,0.8620689655172413,0.05914826498422713,0.11070110701107011,0.9930994824611846,0.006900517538815411,0.5992683737944795,0.5261238737227059,0.15393094558231826,17,6,10,4,0.6,0.35294117647058826,0.4444444444444445,111.0,444.0,11.049723756906078,362,"Sampled-label overlap, no point adjustment; delays among detected events only; no original-FPS seconds.",0.1,0.7969485525367879,,0.6271296143531799,3007,1268,True
R03,2,dino_frame_denoising_ae,0.010262257696693273,0.0,0.17258577048778534,0.19331471621990204,0.17858123779296875,0.6045632937454537,0.5108189340557823,0.5103580871696619,0.5216439340206036,0.04416403785488959,0.09936908517350158,0.8941920644048303,1700,39,1176,92,0.7022900763358778,0.07255520504731862,0.1315225160829164,0.9775733179988499,0.022426682001150087,0.5959428001330229,0.5250642615230843,0.12127303267963847,1711,28,1189,79,0.7383177570093458,0.062302839116719244,0.1149090909090909,0.9838987924094307,0.016101207590569294,0.5952776854007317,0.523100815763075,0.12316174744147562,17,7,10,3,0.7,0.4117647058823529,0.5185185185185185,111.0,444.0,8.287292817679557,362,"Sampled-label overlap, no point adjustment; delays among detected events only; no original-FPS seconds.",0.1,0.7969485525367879,,0.4820129871368408,3007,1268,True
R03,2,dino_frame_forecast,0.010262257696693273,0.001455604075691412,0.31236356496810913,0.34110361337661743,0.3247622847557068,0.6059548709055387,0.5152892120341777,0.5149409153975016,0.5258911187391022,0.022082018927444796,0.10252365930599369,0.8792409430707303,1701,38,1185,83,0.6859504132231405,0.06545741324921135,0.11951043916486678,0.9781483611270846,0.02185163887291547,0.5932823412038577,0.5218028871881479,0.10957527583508192,1718,21,1195,73,0.776595744680851,0.057570977917981075,0.10719530102790015,0.9879240943070731,0.012075905692926969,0.5956102427668772,0.5227475361125271,0.12910397305606672,17,6,10,4,0.6,0.35294117647058826,0.4444444444444445,104.5,418.0,11.049723756906078,362,"Sampled-label overlap, no point adjustment; delays among detected events only; no original-FPS seconds.",0.13333333333333333,0.81917077475901,,0.8885983824729919,3007,1268,True
R03,2,object_raw_plain_ae,0.010262257696693273,0.024745269286754003,0.49067917466163635,0.7086122632026672,0.5668472051620483,0.7178211670291675,0.637289547192395,0.636886523818305,0.5708694111713035,0.057570977917981075,0.20189274447949526,0.7832087406555491,1732,7,1235,33,0.825,0.026025236593059938,0.050458715596330285,0.9959746981023577,0.0040253018976423235,0.5869637512470901,0.5109999673477088,0.09482918992212178,1736,3,1261,7,0.7,0.005520504731861199,0.010954616588419406,0.9982748706152962,0.0017251293847038527,0.5796474891918856,0.5018976876735787,0.03255523079933124,17,3,4,1,0.75,0.17647058823529413,0.2857142857142857,104.0,416.0,2.7624309392265194,362,"Sampled-label overlap, no point adjustment; delays among detected events only; no original-FPS seconds.",0.13333333333333333,0.8069485525367879,,4.63663387298584,3007,1268,True
R03,2,object_roi_plain_ae,0.010262257696693273,0.027656477438136828,0.5071936249732971,0.6142665147781372,0.5588077902793884,0.7192519722890889,0.6382868587564319,0.6379261048289843,0.5713654013840179,0.0473186119873817,0.20347003154574134,0.772857964347326,1731,8,1236,32,0.8,0.025236593059936908,0.04892966360856269,0.9953996549741231,0.004600345025876941,0.5862986365147989,0.51031812401703,0.08895111331896331,1736,3,1257,11,0.7857142857142857,0.008675078864353312,0.0171606864274571,0.9982748706152962,0.0017251293847038527,0.5809777186564682,0.5034749747398247,0.050416615651781745,17,3,5,1,0.8,0.17647058823529413,0.28915662650602414,104.0,416.0,2.7624309392265194,362,"Sampled-label overlap, no point adjustment; delays among detected events only; no original-FPS seconds.",0.1,0.7969485525367879,,4.57520055770874,3007,1268,True
R03,2,object_roi_denoising_ae,0.010262257696693273,0.03202328966521106,0.5009244680404663,0.6154395937919617,0.5763649940490723,0.719409338192478,0.6630064828576394,0.6626722961486031,0.5937162288665921,0.10804416403785488,0.24053627760252366,0.7964347326049454,1722,17,1138,130,0.8843537414965986,0.10252365930599369,0.18374558303886926,0.9902242668200115,0.0097757331799885,0.6158962421017625,0.5463739630630026,0.2124085240850201,1733,6,1169,99,0.9428571428571428,0.07807570977917981,0.1442097596504006,0.9965497412305923,0.0034502587694077054,0.6092450947788494,0.5373127255048861,0.2007488347348642,17,5,15,2,0.8666666666666667,0.29411764705882354,0.4391891891891892,51.0,204.0,5.524861878453039,362,"Sampled-label overlap, no point adjustment; delays among detected events only; no original-FPS seconds.",0.23333333333333334,0.8459961715844069,,4.239053249359131,3007,1268,True
R03,2,object_roi_forecast,0.010262257696693273,0.026200873362445413,0.5073789358139038,0.5800358653068542,0.6389207243919373,0.652807960991396,0.5360832152562354,0.5356179318247529,0.5215611098609251,0.013406940063091483,0.0914826498422713,0.8453133985048878,1702,37,1228,40,0.5194805194805194,0.031545741324921134,0.059479553903345715,0.9787234042553191,0.02127659574468085,0.5793149318257399,0.5051345727901201,0.03210439984387508,1727,12,1263,5,0.29411764705882354,0.003943217665615142,0.007782101167315175,0.9930994824611846,0.006900517538815411,0.5759893581642833,0.49852135006339987,-0.01947801641879478,17,2,6,4,0.3333333333333333,0.11764705882352941,0.1739130434782609,33.5,134.0,11.049723756906078,362,"Sampled-label overlap, no point adjustment; delays among detected events only; no original-FPS seconds.",0.03333333333333333,0.7525041080923434,,3.055325746536255,3007,1268,True
R03,2,dino_spatiotemporal,0.010262257696693273,0.0,0.009382229298353195,0.17265675961971283,0.04853777959942818,0.6185160259259193,0.5183051172487085,0.5178457998113657,0.5220045890790307,0.03470031545741325,0.10331230283911672,0.8953421506612996,1699,40,1174,94,0.7014925373134329,0.07413249211356467,0.1340941512125535,0.9769982748706153,0.023001725129384705,0.5962753574991686,0.52556538349209,0.12236902873614779,1711,28,1186,82,0.7454545454545455,0.06466876971608833,0.11901306240928881,0.9838987924094307,0.016101207590569294,0.5962753574991686,0.5242837810627595,0.12775712556984814,17,7,10,3,0.7,0.4117647058823529,0.5185185185185185,108.0,432.0,8.287292817679557,362,"Sampled-label overlap, no point adjustment; delays among detected events only; no original-FPS seconds.",0.1,0.7969485525367879,,3.0766382217407227,3007,1268,True
R03,2,dino_visual_state,0.010262257696693273,0.0,0.002669928828254342,0.19720612466335297,0.05726664140820503,0.6054027297315437,0.5115103175766567,0.5110503871601403,0.5216532427878297,0.04416403785488959,0.09858044164037855,0.8964922369177688,1699,40,1175,93,0.6992481203007519,0.07334384858044164,0.13276231263383298,0.9769982748706153,0.023001725129384705,0.5959428001330229,0.5251710617255285,0.12091265171342531,1709,30,1186,82,0.7321428571428571,0.06466876971608833,0.11884057971014492,0.9827487061529615,0.017251293847038527,0.5956102427668772,0.5237087379345249,0.12365581787301559,17,7,10,3,0.7,0.4117647058823529,0.5185185185185185,108.0,432.0,8.287292817679557,362,"Sampled-label overlap, no point adjustment; delays among detected events only; no original-FPS seconds.",0.1,0.7969485525367879,,2.908198595046997,3007,1268,True
R03,2,dino_full,0.010262257696693273,0.0,0.0016931891441345215,0.15974658727645874,0.04421261325478554,0.6192112476259063,0.5193488580277432,0.5188918042831601,0.5222494812629792,0.03470031545741325,0.10173501577287067,0.8918918918918919,1700,39,1177,91,0.7,0.07176656151419558,0.1301859799713877,0.9775733179988499,0.022426682001150087,0.5956102427668772,0.5246699397565228,0.1198025039798535,1711,28,1186,82,0.7454545454545455,0.06466876971608833,0.11901306240928881,0.9838987924094307,0.016101207590569294,0.5962753574991686,0.5242837810627595,0.12775712556984814,17,7,10,3,0.7,0.4117647058823529,0.5185185185185185,108.0,432.0,8.287292817679557,362,"Sampled-label overlap, no point adjustment; delays among detected events only; no original-FPS seconds.",0.1,0.7969485525367879,,2.8195626735687256,3007,1268,True
R03,2,dino_full_ema,0.010262257696693273,0.0,0.03529048156032147,0.18628565220570603,0.04632374955000472,0.6227671728376474,0.5252662029489026,0.5248673201826906,0.5221158169130657,0.0528391167192429,0.10173501577287067,0.8792409430707303,1704,35,1179,89,0.717741935483871,0.07018927444794952,0.1278735632183908,0.9798734905117884,0.020126509488211614,0.5962753574991686,0.5250313824798689,0.12433433788506541,1711,28,1190,78,0.7358490566037735,0.061514195583596214,0.11353711790393015,0.9838987924094307,0.016101207590569294,0.594945128034586,0.5227064939965135,0.12160815468465995,17,7,10,3,0.7,0.4117647058823529,0.5185185185185185,110.0,440.0,8.287292817679557,362,"Sampled-label overlap, no point adjustment; delays among detected events only; no original-FPS seconds.",0.06666666666666667,0.7858374414256768,,2.5736387142348174,3007,1268,True
R03,2,roi_hybrid,0.010262257696693273,0.03056768558951965,0.01573359966278076,0.22052298486232758,0.09452460706233978,0.7176656151419558,0.630573162356618,0.6301421017551907,0.5739871321330339,0.027602523659305992,0.23817034700315456,0.821161587119034,1705,34,1212,56,0.6222222222222222,0.04416403785488959,0.08247422680412372,0.980448533640023,0.019551466359977,0.5856335217825075,0.5123062857474563,0.07133077443893904,1716,23,1236,32,0.5818181818181818,0.025236593059936908,0.04837490551776266,0.9867740080506038,0.013225991949396205,0.5813102760226139,0.5060053005552704,0.04426236754186546,17,6,11,3,0.7272727272727273,0.35294117647058826,0.4752475247524753,104.5,418.0,8.287292817679557,362,"Sampled-label overlap, no point adjustment; delays among detected events only; no original-FPS seconds.",0.16666666666666666,0.8158374414256767,,2.600691318511963,3007,1268,True
R03,2,roi_hybrid_ema,0.010262257696693273,0.027656477438136828,0.02142694009131564,0.2000103378387109,0.10296488211476426,0.7298743975198771,0.6470354445259902,0.646624727664376,0.5826934550391794,0.022082018927444796,0.2444794952681388,0.8136860264519838,1706,33,1186,82,0.7130434782608696,0.06466876971608833,0.11858279103398409,0.9810235767682576,0.01897642323174238,0.5946125706684403,0.522846173242173,0.11765349008797361,1714,25,1222,46,0.647887323943662,0.03627760252365931,0.06870799103808813,0.9856239217941346,0.01437607820586544,0.5853009644163618,0.510950762158897,0.07123223318454926,17,6,12,3,0.75,0.35294117647058826,0.48,69.5,278.0,8.287292817679557,362,"Sampled-label overlap, no point adjustment; delays among detected events only; no original-FPS seconds.",0.13333333333333333,0.8069485525367879,,2.2459167420888537,3007,1268,True
R03,2,roi_hybrid_state,0.010262257696693273,0.03056768558951965,0.0217597633600235,0.2116519659757614,0.08799144625663757,0.7151740639223019,0.6242195197346735,0.623781564275951,0.5688064451421936,0.025236593059936908,0.21451104100946372,0.8349626221966647,1700,39,1210,58,0.5979381443298969,0.04574132492113565,0.08498168498168497,0.9775733179988499,0.022426682001150087,0.5846358496840705,0.5116573214599928,0.06516371333230712,1716,23,1235,33,0.5892857142857143,0.026025236593059938,0.04984894259818732,0.9867740080506038,0.013225991949396205,0.5816428333887596,0.5063996223218319,0.04675360891542914,17,6,11,3,0.7272727272727273,0.35294117647058826,0.4752475247524753,104.5,418.0,8.287292817679557,362,"Sampled-label overlap, no point adjustment; delays among detected events only; no original-FPS seconds.",0.16666666666666666,0.8158374414256767,,2.3208720684051514,3007,1268,True
R03,2,dino_state_pca,0.010262257696693273,0.0,0.006150037050247192,0.008588403463363647,0.0066845715045928955,0.5549399742046899,0.46987816890054834,0.4694629163902395,0.5137973593080082,0.02917981072555205,0.08911671924290221,0.9033927544565843,1724,15,1232,36,0.7058823529411765,0.028391167192429023,0.05458680818802123,0.9913743530764807,0.008625646923519264,0.5853009644163618,0.5098827601344549,0.07559278834847225,1733,6,1244,24,0.8,0.01892744479495268,0.03697996918335901,0.9965497412305923,0.0034502587694077054,0.5843032923179249,0.5077385930127725,0.07690443319491991,17,5,6,1,0.8333333333333334,0.29411764705882354,0.4347826086956522,100.0,400.0,2.7624309392265194,362,"Sampled-label overlap, no point adjustment; delays among detected events only; no original-FPS seconds.",0.4666666666666667,0.885147945736181,,0.03769683837890625,3007,1268,True
R04,0,dino_global_pca,0.010141987829614604,0.11171662125340599,0.003229096531867981,0.003813236951828003,0.0036042705178260803,0.7656416115570446,0.7766622592326944,0.7762618237940739,0.5852634228897605,0.03580786026200873,0.24017467248908297,0.6574279379157428,854,48,867,278,0.852760736196319,0.2427947598253275,0.3779741672331747,0.9467849223946785,0.05321507760532151,0.5530043966780654,0.594789841110003,0.257216348065306,872,30,925,220,0.88,0.19213973799126638,0.31541218637992835,0.9667405764966741,0.03325942350332594,0.5334636052760137,0.5794401572439702,0.24089737077926135,26,12,28,3,0.8928571428571429,0.46153846153846156,0.6085192697768763,10.5,42.0,,0,"Sampled-label overlap, no point adjustment; delays among detected events only; no original-FPS seconds.",,,Both label classes required; not replaced by zero or fabricated.,0.006949895061552525,2047,1145,True
R04,0,visual_state_transition,0.008113590263691683,0.005449591280653951,0.0,0.0,0.0,0.5068082572449384,0.5695854449684742,0.5812847794103752,0.5089341667533388,0.007860262008733625,0.06200873362445415,1.0,894,8,1136,9,0.5294117647058824,0.007860262008733625,0.015490533562822721,0.991130820399113,0.008869179600886918,0.441133365901319,0.4994955412039233,-0.005519366422804158,902,0,1145,0,0.0,0.0,0.0,1.0,0.0,0.4406448461162677,0.5,0.0,26,0,0,0,0.0,0.0,0.0,,,,0,"Sampled-label overlap, no point adjustment; delays among detected events only; no original-FPS seconds.",,,Both label classes required; not replaced by zero or fabricated.,2.879560947418213,2047,1145,True
R04,0,dino_frame_plain_ae,0.010141987829614604,0.0653950953678474,0.18955831229686737,0.22704623639583588,0.21458767354488373,0.7623476214913003,0.7735912243777006,0.7731849499462582,0.5796862968525216,0.05764192139737991,0.21746724890829694,0.6396895787139689,862,40,914,231,0.8523985239852399,0.2017467248908297,0.32627118644067793,0.9556541019955654,0.04434589800443459,0.5339521250610649,0.5787004134431976,0.23057217456628143,879,23,985,160,0.8743169398907104,0.13973799126637554,0.24096385542168675,0.9745011086474501,0.025498891352549888,0.5075720566682951,0.5571195499569128,0.19877981674416467,26,13,28,4,0.8571428571428571,0.5,0.631578947368421,9.0,36.0,,0,"Sampled-label overlap, no point adjustment; delays among detected events only; no original-FPS seconds.",,,Both label classes required; not replaced by zero or fabricated.,0.38679951429367065,2047,1145,True
R04,0,dino_frame_denoising_ae,0.010141987829614604,0.10626702997275204,0.14245954155921936,0.17002324759960175,0.15913724899291992,0.77350090531473,0.7798475061549444,0.7795327461192418,0.5763544940353187,0.05240174672489083,0.18427947598253275,0.6175166297117517,843,59,850,295,0.8333333333333334,0.2576419213973799,0.3935957304869913,0.934589800443459,0.06541019955654102,0.5559355153883733,0.5961158609204195,0.25234863391239226,865,37,922,223,0.8576923076923076,0.1947598253275109,0.31743772241992885,0.958980044345898,0.041019955654102,0.5315095261358085,0.5768699348367045,0.2292152827198095,26,13,28,6,0.7857142857142857,0.5,0.6111111111111112,8.0,32.0,,0,"Sampled-label overlap, no point adjustment; delays among detected events only; no original-FPS seconds.",,,Both label classes required; not replaced by zero or fabricated.,0.2892706096172333,2047,1145,True
R04,0,dino_frame_forecast,0.010141987829614604,0.06267029972752043,0.37327954173088074,0.45183977484703064,0.3862658143043518,0.7427289187540546,0.7533643055665538,0.7530199230179644,0.5655386202218722,0.05764192139737991,0.18951965065502183,0.6541019955654102,884,18,1044,101,0.8487394957983193,0.08820960698689956,0.15981012658227847,0.9800443458980045,0.019955654101995565,0.4811919882755252,0.534126976442452,0.14481275802820098,899,3,1104,41,0.9318181818181818,0.03580786026200873,0.06896551724137931,0.9966740576496674,0.0033259423503325942,0.4592085979482169,0.5162409589558381,0.11119387460239104,26,6,6,0,1.0,0.23076923076923078,0.375,3.5,14.0,,0,"Sampled-label overlap, no point adjustment; delays among detected events only; no original-FPS seconds.",,,Both label classes required; not replaced by zero or fabricated.,1.0015496015548706,2047,1145,True
R04,0,object_raw_plain_ae,0.010141987829614604,0.035422343324250684,0.04809224233031273,0.37853747606277466,0.0,0.7607814754209471,0.7625302869761894,0.7727934960270078,0.587770683498607,0.013100436681222707,0.2349344978165939,1.0,888,14,1063,82,0.8541666666666666,0.07161572052401746,0.13215149073327961,0.9844789356984479,0.015521064301552107,0.4738641914997557,0.5280473281112327,0.13172349694397126,894,8,1106,39,0.8297872340425532,0.03406113537117904,0.06543624161073824,0.991130820399113,0.008869179600886918,0.45578895945285786,0.512595977885146,0.08350336375129744,26,4,7,0,1.0,0.15384615384615385,0.2666666666666667,48.0,192.0,,0,"Sampled-label overlap, no point adjustment; delays among detected events only; no original-FPS seconds.",,,Both label classes required; not replaced by zero or fabricated.,2.713728189468384,2047,1145,True
R04,0,object_roi_plain_ae,0.010141987829614604,0.005449591280653951,0.0,0.22591470181941986,0.0,0.7600533506327521,0.7625633480826679,0.7741408472353131,0.5883822104763744,0.010480349344978166,0.2410480349344978,1.0,892,10,1125,20,0.6666666666666666,0.017467248908296942,0.034042553191489355,0.9889135254988913,0.011086474501108648,0.44553004396678064,0.5031903872035941,0.026361239450261163,895,7,1145,0,0.0,0.0,0.0,0.9922394678492239,0.007760532150776054,0.43722520762090866,0.49611973392461195,-0.06599840057716855,26,0,1,1,0.0,0.0,0.0,,,,0,"Sampled-label overlap, no point adjustment; delays among detected events only; no original-FPS seconds.",,,Both label classes required; not replaced by zero or fabricated.,3.5348012447357178,2047,1145,True
R04,0,object_roi_denoising_ae,0.010141987829614604,0.005449591280653951,0.0,0.10225854814052582,0.0,0.7571113198230037,0.7553400711636999,0.7702664479653412,0.5840362920877072,0.004366812227074236,0.21921397379912663,1.0,890,12,1109,36,0.75,0.0314410480349345,0.06035205364626991,0.9866962305986696,0.013303769401330377,0.45236932095749877,0.509068639316802,0.05950467962127365,894,8,1133,12,0.6,0.010480349344978166,0.02060085836909871,0.991130820399113,0.008869179600886918,0.4425989252564729,0.5008055848720456,0.008132151066059917,26,3,4,0,1.0,0.11538461538461539,0.20689655172413793,72.0,288.0,,0,"Sampled-label overlap, no point adjustment; delays among detected events only; no original-FPS seconds.",,,Both label classes required; not replaced by zero or fabricated.,3.1788277626037598,2047,1145,True
R04,0,object_roi_forecast,0.010141987829614604,0.035422343324250684,0.0,0.215879425406456,0.10730656236410141,0.5748414488908685,0.6156397031469482,0.6234813893026279,0.5224738712358603,0.01921397379912664,0.10742358078602621,1.0,858,44,1022,123,0.7365269461077845,0.10742358078602621,0.18750000000000003,0.9512195121951219,0.04878048780487805,0.47923790913532,0.5293215464905741,0.10636181015224261,876,26,1053,92,0.7796610169491526,0.08034934497816594,0.1456848772763262,0.9711751662971175,0.028824833702882482,0.47288715192965314,0.5257622556376418,0.10975208405377719,26,12,14,0,1.0,0.46153846153846156,0.631578947368421,8.5,34.0,,0,"Sampled-label overlap, no point adjustment; delays among detected events only; no original-FPS seconds.",,,Both label classes required; not replaced by zero or fabricated.,3.208510637283325,2047,1145,True
R04,0,dino_fewshot3_denoising_ae,0.010141987829614604,0.0326975476839237,0.33268973231315613,0.4236414432525635,0.41258248686790466,0.7383824397989912,0.7504409401269956,0.7501791434257259,0.5550641823043457,0.05589519650655022,0.14497816593886462,0.6807095343680709,873,29,1018,127,0.8141025641025641,0.11091703056768559,0.19523443504996157,0.967849223946785,0.03215077605321508,0.48851978505129456,0.5393831272572353,0.14737986111982893,883,19,1080,65,0.7738095238095238,0.056768558951965066,0.10577705451586655,0.9789356984478935,0.02106430155210643,0.46311675622862725,0.5178521286999292,0.08935651532086301,26,6,14,3,0.7857142857142857,0.23076923076923078,0.3567567567567568,38.5,154.0,,0,"Sampled-label overlap, no point adjustment; delays among detected events only; no original-FPS seconds.",,,Both label classes required; not replaced by zero or fabricated.,0.7242310047149658,2047,1145,True
R04,0,dino_spatiotemporal,0.010141987829614604,0.08719346049046321,0.032535240054130554,0.3431074321269989,0.19087055325508118,0.7861017244551167,0.7867312287318375,0.786445210012801,0.573472163546775,0.06026200873362445,0.1851528384279476,0.5898004434589801,856,46,927,218,0.8257575757575758,0.1903930131004367,0.3094393186657204,0.9490022172949002,0.050997782705099776,0.5246702491450904,0.5696976151976685,0.20647919155185102,879,23,991,154,0.8700564971751412,0.13449781659388646,0.23298033282904693,0.9745011086474501,0.025498891352549888,0.5046409379579873,0.5544994626206683,0.19253992191998942,26,13,25,4,0.84,0.5,0.6268656716417911,6.0,24.0,,0,"Sampled-label overlap, no point adjustment; delays among detected events only; no original-FPS seconds.",,,Both label classes required; not replaced by zero or fabricated.,1.9519853591918945,2047,1145,True
R04,0,dino_visual_state,0.010141987829614604,0.08446866485013624,0.014799114316701889,0.34097668528556824,0.2307918667793274,0.7743878232748188,0.7807742756202674,0.78046102791582,0.5763076103003566,0.05152838427947598,0.18777292576419213,0.6263858093126385,849,53,888,257,0.8290322580645161,0.2244541484716157,0.35326460481099653,0.9412416851441242,0.058758314855875834,0.5403028822667318,0.58284791680787,0.2294757744874624,869,33,960,185,0.8486238532110092,0.1615720524017467,0.27146001467351427,0.9634146341463414,0.036585365853658534,0.5148998534440645,0.5624933432740441,0.20115677646627986,26,12,29,5,0.8275862068965517,0.46153846153846156,0.5925925925925927,8.0,32.0,,0,"Sampled-label overlap, no point adjustment; delays among detected events only; no original-FPS seconds.",,,Both label classes required; not replaced by zero or fabricated.,1.746125340461731,2047,1145,True
R04,0,dino_full,0.010141987829614604,0.08446866485013624,0.05534295737743378,0.32772836089134216,0.1942014843225479,0.786272136639588,0.7873965929864677,0.7871155568655422,0.5747176401581613,0.06026200873362445,0.1930131004366812,0.6019955654101996,857,45,929,216,0.8275862068965517,0.188646288209607,0.3072546230440967,0.950110864745011,0.04988913525498891,0.524181729360039,0.569378576477309,0.20653821127354352,879,23,991,154,0.8700564971751412,0.13449781659388646,0.23298033282904693,0.9745011086474501,0.025498891352549888,0.5046409379579873,0.5544994626206683,0.19253992191998942,26,12,23,3,0.8695652173913043,0.46153846153846156,0.6030150753768845,5.0,20.0,,0,"Sampled-label overlap, no point adjustment; delays among detected events only; no original-FPS seconds.",,,Both label classes required; not replaced by zero or fabricated.,1.7936252355575562,2047,1145,True
R04,0,dino_full_ema,0.010141987829614604,0.17166212534059946,0.07150025095793991,0.3509247072134746,0.20295418741006468,0.8107456501321663,0.8153749794932009,0.8151985633007087,0.5986497484330895,0.06986899563318777,0.262882096069869,0.5598669623059866,825,77,694,451,0.8541666666666666,0.39388646288209606,0.539151225343694,0.9146341463414634,0.08536585365853659,0.6233512457254519,0.6542603046117798,0.35010180044373856,836,66,742,403,0.8592750533049041,0.3519650655021834,0.49938042131350685,0.926829268292683,0.07317073170731707,0.605276013678554,0.6393971668974332,0.3293442111135981,26,20,40,6,0.85,0.7692307692307693,0.8076009501187649,7.5,30.0,,0,"Sampled-label overlap, no point adjustment; delays among detected events only; no original-FPS seconds.",,,Both label classes required; not replaced by zero or fabricated.,1.252171376800132,2047,1145,True
R04,0,roi_hybrid,0.010141987829614604,0.05449591280653951,0.2092176228761673,0.3812651038169861,0.308018296957016,0.7800598379147746,0.7774231947963224,0.7766140622820208,0.5856262622299025,0.007860262008733625,0.23580786026200873,0.6019955654101996,880,22,995,150,0.872093023255814,0.13100436681222707,0.2277904328018223,0.975609756097561,0.024390243902439025,0.5031753786028335,0.5533070614548941,0.1907901243409534,888,14,1063,82,0.8541666666666666,0.07161572052401746,0.13215149073327961,0.9844789356984479,0.015521064301552107,0.4738641914997557,0.5280473281112327,0.13172349694397126,26,10,14,0,1.0,0.38461538461538464,0.5555555555555556,10.5,42.0,,0,"Sampled-label overlap, no point adjustment; delays among detected events only; no original-FPS seconds.",,,Both label classes required; not replaced by zero or fabricated.,2.6189467906951904,2047,1145,True
R04,0,roi_hybrid_ema,0.010141987829614604,0.05449591280653951,0.24517169598750024,0.45869638763581394,0.33494192476461926,0.7969674377172514,0.7903501211854447,0.7897664960789037,0.5949061841175233,0.0069868995633187774,0.2646288209606987,0.5875831485587583,882,20,987,158,0.8876404494382022,0.13799126637554585,0.23885109599395313,0.9778270509977827,0.022172949002217297,0.5080605764533463,0.5579091586866642,0.2040650412933355,884,18,1027,118,0.8676470588235294,0.10305676855895196,0.1842310694769711,0.9800443458980045,0.019955654101995565,0.48949682462139715,0.5415505572284782,0.1656582474379679,26,10,16,0,1.0,0.38461538461538464,0.5555555555555556,11.0,44.0,,0,"Sampled-label overlap, no point adjustment; delays among detected events only; no original-FPS seconds.",,,Both label classes required; not replaced by zero or fabricated.,2.3646475786399983,2047,1145,True
R04,0,roi_hybrid_state,0.010141987829614604,0.07084468664850137,0.22736850380897522,0.3818397521972656,0.3251839876174927,0.7780361932241793,0.7752929781783064,0.7744817407270044,0.5827184514506185,0.00960698689956332,0.23406113537117904,0.6219512195121951,873,29,951,194,0.8699551569506726,0.16943231441048034,0.2836257309941521,0.967849223946785,0.03215077605321508,0.5212506106497313,0.5686407691786326,0.21875263888463106,883,19,1029,116,0.8592592592592593,0.10131004366812227,0.18125,0.9789356984478935,0.02106430155210643,0.4880312652662433,0.5401228710580079,0.16051557604308928,26,11,19,1,0.9473684210526315,0.4230769230769231,0.5849335302806499,10.0,40.0,,0,"Sampled-label overlap, no point adjustment; delays among detected events only; no original-FPS seconds.",,,Both label classes required; not replaced by zero or fabricated.,2.147800922393799,2047,1145,True
R04,0,dino_state_pca,0.010141987829614604,0.043596730245231606,0.0046742260456085205,0.005545377731323242,0.005933437496423721,0.6898246497351834,0.7035384783734914,0.7031741437327659,0.5263815286237942,0.0314410480349345,0.08471615720524017,0.7937915742793792,882,20,1093,52,0.7222222222222222,0.045414847161572056,0.08545603944124898,0.9778270509977827,0.022172949002217297,0.4562774792379091,0.5116209490796774,0.0626365469529197,902,0,1138,7,1.0,0.00611353711790393,0.012152777777777778,1.0,0.0,0.4440644846116268,0.503056768558952,0.051991753118433216,26,1,2,0,1.0,0.038461538461538464,0.07407407407407407,20.0,80.0,,0,"Sampled-label overlap, no point adjustment; delays among detected events only; no original-FPS seconds.",,,Both label classes required; not replaced by zero or fabricated.,0.01568731851875782,2047,1145,True
R04,1,dino_global_pca,0.010141987829614604,0.11171662125340599,0.003229096531867981,0.003813236951828003,0.0036042705178260803,0.7656416115570446,0.7766622592326944,0.7762618237940739,0.5852634228897605,0.03580786026200873,0.24017467248908297,0.6574279379157428,854,48,867,278,0.852760736196319,0.2427947598253275,0.3779741672331747,0.9467849223946785,0.05321507760532151,0.5530043966780654,0.594789841110003,0.257216348065306,872,30,925,220,0.88,0.19213973799126638,0.31541218637992835,0.9667405764966741,0.03325942350332594,0.5334636052760137,0.5794401572439702,0.24089737077926135,26,12,28,3,0.8928571428571429,0.46153846153846156,0.6085192697768763,10.5,42.0,,0,"Sampled-label overlap, no point adjustment; delays among detected events only; no original-FPS seconds.",,,Both label classes required; not replaced by zero or fabricated.,0.006949895061552525,2047,1145,True
R04,1,visual_state_transition,0.008113590263691683,0.005449591280653951,0.0,0.0,0.0,0.5068082572449384,0.5695854449684742,0.5812847794103752,0.5089341667533388,0.007860262008733625,0.06200873362445415,1.0,894,8,1136,9,0.5294117647058824,0.007860262008733625,0.015490533562822721,0.991130820399113,0.008869179600886918,0.441133365901319,0.4994955412039233,-0.005519366422804158,902,0,1145,0,0.0,0.0,0.0,1.0,0.0,0.4406448461162677,0.5,0.0,26,0,0,0,0.0,0.0,0.0,,,,0,"Sampled-label overlap, no point adjustment; delays among detected events only; no original-FPS seconds.",,,Both label classes required; not replaced by zero or fabricated.,2.879560947418213,2047,1145,True
R04,1,dino_frame_plain_ae,0.010141987829614604,0.09809264305177112,0.185033917427063,0.22430607676506042,0.21707114577293396,0.7592269483631717,0.7711445383152224,0.770827592443066,0.5717955604160625,0.05414847161572053,0.1851528384279476,0.6618625277161863,844,58,858,287,0.8318840579710145,0.25065502183406113,0.38523489932885907,0.9356984478935698,0.06430155210643015,0.5525158768930142,0.5931767348638155,0.2471463324090009,872,30,935,210,0.875,0.18340611353711792,0.3032490974729242,0.9667405764966741,0.03325942350332594,0.5285784074255008,0.575073345016896,0.23170589206907577,26,15,34,4,0.8823529411764706,0.5769230769230769,0.6976744186046512,12.0,48.0,,0,"Sampled-label overlap, no point adjustment; delays among detected events only; no original-FPS seconds.",,,Both label classes required; not replaced by zero or fabricated.,0.36674031615257263,2047,1145,True
R04,1,dino_frame_denoising_ae,0.010141987829614604,0.07356948228882834,0.1460905820131302,0.17195086181163788,0.16692012548446655,0.7653995487950115,0.7703501810865748,0.7699784604565041,0.5756542956457751,0.039301310043668124,0.19563318777292577,0.6352549889135255,856,46,912,233,0.8351254480286738,0.2034934497816594,0.32724719101123595,0.9490022172949002,0.050997782705099776,0.5319980459208598,0.5762478335382798,0.22065830825369404,874,28,969,176,0.8627450980392157,0.1537117903930131,0.2609340252038547,0.9689578713968958,0.031042128603104215,0.5129457743038593,0.5613348308949545,0.20331313108362806,26,13,28,4,0.8571428571428571,0.5,0.631578947368421,8.0,32.0,,0,"Sampled-label overlap, no point adjustment; delays among detected events only; no original-FPS seconds.",,,Both label classes required; not replaced by zero or fabricated.,0.31325292587280273,2047,1145,True
R04,1,dino_frame_forecast,0.010141987829614604,0.06267029972752043,0.3686332702636719,0.4573121666908264,0.39558741450309753,0.7421034285769614,0.7525903842374005,0.7522144518177343,0.5634298713602042,0.056768558951965066,0.17554585152838428,0.6596452328159645,879,23,1028,117,0.8357142857142857,0.10218340611353711,0.1821011673151751,0.9745011086474501,0.025498891352549888,0.4865657059110894,0.5383422573804936,0.15082534297419978,898,4,1094,51,0.9272727272727272,0.0445414847161572,0.08499999999999999,0.9955654101995566,0.004434589800443459,0.46360527601367857,0.5200534474578569,0.12313996914372798,26,9,12,1,0.9166666666666666,0.34615384615384615,0.5025380710659898,8.0,32.0,,0,"Sampled-label overlap, no point adjustment; delays among detected events only; no original-FPS seconds.",,,Both label classes required; not replaced by zero or fabricated.,0.9814367294311523,2047,1145,True
R04,1,object_raw_plain_ae,0.010141987829614604,0.035422343324250684,0.03491538017988205,0.4274342358112335,0.0,0.7665585452996252,0.7709842752754028,0.7817728781200235,0.5945188836982706,0.02096069868995633,0.262882096069869,1.0,888,14,1042,103,0.8803418803418803,0.08995633187772925,0.16323296354992076,0.9844789356984479,0.015521064301552107,0.48412310698583294,0.5372176337880886,0.15918904619934696,894,8,1097,48,0.8571428571428571,0.04192139737991266,0.07993338884263114,0.991130820399113,0.008869179600886918,0.4601856375183195,0.5165261088895129,0.10059513417205261,26,7,10,0,1.0,0.2692307692307692,0.42424242424242425,27.0,108.0,,0,"Sampled-label overlap, no point adjustment; delays among detected events only; no original-FPS seconds.",,,Both label classes required; not replaced by zero or fabricated.,2.5828423500061035,2047,1145,True
R04,1,object_roi_plain_ae,0.010141987829614604,0.013623978201634877,0.013284183107316494,0.21270756423473358,0.0,0.7656861511052586,0.7673381765613834,0.7787466631637474,0.589035525130956,0.016593886462882096,0.23930131004366811,1.0,891,11,1110,35,0.7608695652173914,0.03056768558951965,0.05877413937867339,0.9878048780487805,0.012195121951219513,0.45236932095749877,0.50918628181915,0.06154224180703922,895,7,1133,12,0.631578947368421,0.010480349344978166,0.020618556701030927,0.9922394678492239,0.007760532150776054,0.4430874450415242,0.501359908597101,0.01408104710365647,26,2,4,1,0.75,0.07692307692307693,0.13953488372093026,63.5,254.0,,0,"Sampled-label overlap, no point adjustment; delays among detected events only; no original-FPS seconds.",,,Both label classes required; not replaced by zero or fabricated.,3.1674997806549072,2047,1145,True
R04,1,object_roi_denoising_ae,0.010141987829614604,0.005449591280653951,0.0,0.1475304216146469,0.0,0.7637670775278615,0.7584688894389149,0.7710067646189132,0.5817919880793008,0.0034934497816593887,0.24192139737991267,1.0,890,12,1116,29,0.7073170731707317,0.025327510917030567,0.04890387858347386,0.9866962305986696,0.013303769401330377,0.44894968246213973,0.5060118707578501,0.04260771564354309,894,8,1135,10,0.5555555555555556,0.008733624454148471,0.017196904557179704,0.991130820399113,0.008869179600886918,0.4416218856863703,0.49993222242663077,-0.0007208497422451306,26,3,3,0,1.0,0.11538461538461539,0.20689655172413793,75.0,300.0,,0,"Sampled-label overlap, no point adjustment; delays among detected events only; no original-FPS seconds.",,,Both label classes required; not replaced by zero or fabricated.,3.3529508113861084,2047,1145,True
R04,1,object_roi_forecast,0.010141987829614604,0.0326975476839237,0.0,0.2141234576702118,0.12806017696857452,0.5751595193601797,0.6215483360332912,0.628837401525665,0.5246590609697492,0.028820960698689956,0.11004366812227075,1.0,863,39,1021,124,0.7607361963190185,0.10829694323144105,0.18960244648318045,0.9567627494456763,0.043237250554323724,0.48216902784562776,0.5325298463385587,0.11931190175884163,880,22,1059,86,0.7962962962962963,0.07510917030567686,0.1372705506783719,0.975609756097561,0.024390243902439025,0.47191011235955055,0.5253594632016189,0.11263549755477237,26,11,12,0,1.0,0.4230769230769231,0.5945945945945945,9.0,36.0,,0,"Sampled-label overlap, no point adjustment; delays among detected events only; no original-FPS seconds.",,,Both label classes required; not replaced by zero or fabricated.,3.2178399562835693,2047,1145,True
R04,1,dino_spatiotemporal,0.010141987829614604,0.07356948228882834,0.016013456508517265,0.3577938973903656,0.23392897844314575,0.7804268050620164,0.7801933092431912,0.7798873881371631,0.5715427959319187,0.04279475982532751,0.1633187772925764,0.6208425720620843,853,49,930,215,0.8143939393939394,0.18777292576419213,0.3051809794180269,0.9456762749445676,0.05432372505543237,0.5217391304347826,0.5667246003543799,0.19767163480011854,875,27,1001,144,0.8421052631578947,0.125764192139738,0.2188449848024316,0.9700665188470067,0.02993348115299335,0.4978016609672692,0.5479153554933723,0.17194765215761704,26,15,27,4,0.8518518518518519,0.5769230769230769,0.6879361914257228,7.0,28.0,,0,"Sampled-label overlap, no point adjustment; delays among detected events only; no original-FPS seconds.",,,Both label classes required; not replaced by zero or fabricated.,2.0748941898345947,2047,1145,True
R04,1,dino_visual_state,0.010141987829614604,0.07629427792915532,0.021103331819176674,0.3474816381931305,0.26806437969207764,0.7658381665198153,0.7712471907322362,0.770883714934089,0.5756838527830338,0.03842794759825328,0.18777292576419213,0.6441241685144125,854,48,899,246,0.8367346938775511,0.21484716157205241,0.3419041000694927,0.9467849223946785,0.05321507760532151,0.537371763556424,0.5808160419833654,0.22880681792256172,874,28,963,182,0.8666666666666667,0.1589519650655022,0.2686346863468635,0.9689578713968958,0.031042128603104215,0.5158768930141671,0.563954918231199,0.20928867585383776,26,13,29,4,0.8620689655172413,0.5,0.6329113924050632,8.0,32.0,,0,"Sampled-label overlap, no point adjustment; delays among detected events only; no original-FPS seconds.",,,Both label classes required; not replaced by zero or fabricated.,1.9361333847045898,2047,1145,True
R04,1,dino_full,0.010141987829614604,0.07901907356948229,0.040491558611392975,0.3524346947669983,0.23430603742599487,0.7806330425352686,0.780795315488296,0.7804900897400481,0.5712890122361453,0.0462882096069869,0.16244541484716157,0.6263858093126385,852,50,922,223,0.8168498168498168,0.1947598253275109,0.3145275035260931,0.9445676274944568,0.05543237250554324,0.5251587689301417,0.5696637264109838,0.20346259453268795,875,27,997,148,0.8457142857142858,0.12925764192139738,0.22424242424242424,0.9700665188470067,0.02993348115299335,0.49975574010747437,0.5496620803842021,0.1763554842491053,26,15,27,3,0.8888888888888888,0.5769230769230769,0.6997084548104956,6.0,24.0,,0,"Sampled-label overlap, no point adjustment; delays among detected events only; no original-FPS seconds.",,,Both label classes required; not replaced by zero or fabricated.,1.8677868843078613,2047,1145,True
R04,1,dino_full_ema,0.010141987829614604,0.14713896457765668,0.06000461568638424,0.3723086208708711,0.2609464691907345,0.8077382623766689,0.8100844086617334,0.809880110604418,0.60017346981936,0.04978165938864629,0.2480349344978166,0.5920177383592018,838,64,718,427,0.869653767820774,0.37292576419213974,0.5220048899755501,0.9290465631929047,0.07095343680709534,0.6179775280898876,0.6509861636925223,0.3510974020752838,850,52,764,381,0.8799076212471132,0.3327510917030568,0.48288973384030415,0.9423503325942351,0.057649667405764965,0.6013678553981436,0.6375507121486459,0.3344283896569986,26,20,42,4,0.9047619047619048,0.7692307692307693,0.8315098468271336,7.5,30.0,,0,"Sampled-label overlap, no point adjustment; delays among detected events only; no original-FPS seconds.",,,Both label classes required; not replaced by zero or fabricated.,1.3553588106667445,2047,1145,True
R04,1,roi_hybrid,0.010141987829614604,0.043596730245231606,0.2082591950893402,0.3971189260482788,0.3207806646823883,0.7821444824214022,0.7775475421227687,0.7768316462610829,0.5845632245002168,0.010480349344978166,0.2262008733624454,0.5997782705099778,881,21,992,153,0.8793103448275862,0.13362445414847163,0.23199393479909025,0.9767184035476718,0.02328159645232816,0.5051294577430386,0.5551714288480717,0.19642950695410605,886,16,1054,91,0.8504672897196262,0.0794759825327511,0.14536741214057508,0.9822616407982262,0.017738359201773836,0.4772838299951148,0.5308688116654886,0.1377092664977263,26,9,13,0,1.0,0.34615384615384615,0.5142857142857142,9.0,36.0,,0,"Sampled-label overlap, no point adjustment; delays among detected events only; no original-FPS seconds.",,,Both label classes required; not replaced by zero or fabricated.,2.6418893337249756,2047,1145,True
R04,1,roi_hybrid_ema,0.010141987829614604,0.051771117166212535,0.23211669003711663,0.4533159069234821,0.3508137746021292,0.7994151763669284,0.7901366193033197,0.7895862807272002,0.5949255491384859,0.005240174672489083,0.2480349344978166,0.5609756097560976,879,23,987,158,0.8729281767955801,0.13799126637554585,0.2383107088989442,0.9745011086474501,0.025498891352549888,0.5065950170981924,0.556246187511498,0.19671342091881466,883,19,1022,123,0.8661971830985915,0.10742358078602621,0.19114219114219114,0.9789356984478935,0.02106430155210643,0.49145090376160233,0.5431796396169599,0.16874206475827191,26,10,17,0,1.0,0.38461538461538464,0.5555555555555556,9.5,38.0,,0,"Sampled-label overlap, no point adjustment; delays among detected events only; no original-FPS seconds.",,,Both label classes required; not replaced by zero or fabricated.,2.353757249309492,2047,1145,True
R04,1,roi_hybrid_state,0.010141987829614604,0.05449591280653951,0.2297300398349762,0.40465810894966125,0.33471953868865967,0.7798264894121748,0.7764418906202815,0.7757033348948058,0.5836153576846773,0.010480349344978166,0.23930131004366811,0.6108647450110865,877,25,970,175,0.875,0.15283842794759825,0.26022304832713755,0.9722838137472284,0.02771618625277162,0.5139228138739619,0.5625611208474133,0.2092146456541294,883,19,1040,105,0.8467741935483871,0.09170305676855896,0.16548463356973997,0.9789356984478935,0.02106430155210643,0.48265754763067903,0.5353193776082262,0.1470105711911167,26,11,16,1,0.9375,0.4230769230769231,0.5830388692579505,10.0,40.0,,0,"Sampled-label overlap, no point adjustment; delays among detected events only; no original-FPS seconds.",,,Both label classes required; not replaced by zero or fabricated.,2.2373318672180176,2047,1145,True
R04,1,dino_state_pca,0.010141987829614604,0.043596730245231606,0.0046742260456085205,0.005545377731323242,0.005933437496423721,0.6898246497351834,0.7035384783734914,0.7031741437327659,0.5263815286237942,0.0314410480349345,0.08471615720524017,0.7937915742793792,882,20,1093,52,0.7222222222222222,0.045414847161572056,0.08545603944124898,0.9778270509977827,0.022172949002217297,0.4562774792379091,0.5116209490796774,0.0626365469529197,902,0,1138,7,1.0,0.00611353711790393,0.012152777777777778,1.0,0.0,0.4440644846116268,0.503056768558952,0.051991753118433216,26,1,2,0,1.0,0.038461538461538464,0.07407407407407407,20.0,80.0,,0,"Sampled-label overlap, no point adjustment; delays among detected events only; no original-FPS seconds.",,,Both label classes required; not replaced by zero or fabricated.,0.01568731851875782,2047,1145,True
R04,2,dino_global_pca,0.010141987829614604,0.11171662125340599,0.003229096531867981,0.003813236951828003,0.0036042705178260803,0.7656416115570446,0.7766622592326944,0.7762618237940739,0.5852634228897605,0.03580786026200873,0.24017467248908297,0.6574279379157428,854,48,867,278,0.852760736196319,0.2427947598253275,0.3779741672331747,0.9467849223946785,0.05321507760532151,0.5530043966780654,0.594789841110003,0.257216348065306,872,30,925,220,0.88,0.19213973799126638,0.31541218637992835,0.9667405764966741,0.03325942350332594,0.5334636052760137,0.5794401572439702,0.24089737077926135,26,12,28,3,0.8928571428571429,0.46153846153846156,0.6085192697768763,10.5,42.0,,0,"Sampled-label overlap, no point adjustment; delays among detected events only; no original-FPS seconds.",,,Both label classes required; not replaced by zero or fabricated.,0.006949895061552525,2047,1145,True
R04,2,visual_state_transition,0.008113590263691683,0.005449591280653951,0.0,0.0,0.0,0.5068082572449384,0.5695854449684742,0.5812847794103752,0.5089341667533388,0.007860262008733625,0.06200873362445415,1.0,894,8,1136,9,0.5294117647058824,0.007860262008733625,0.015490533562822721,0.991130820399113,0.008869179600886918,0.441133365901319,0.4994955412039233,-0.005519366422804158,902,0,1145,0,0.0,0.0,0.0,1.0,0.0,0.4406448461162677,0.5,0.0,26,0,0,0,0.0,0.0,0.0,,,,0,"Sampled-label overlap, no point adjustment; delays among detected events only; no original-FPS seconds.",,,Both label classes required; not replaced by zero or fabricated.,2.879560947418213,2047,1145,True
R04,2,dino_frame_plain_ae,0.010141987829614604,0.1008174386920981,0.18308091163635254,0.2206169068813324,0.20710839331150055,0.7627078108812053,0.7720639098324387,0.7717415255362596,0.574841983976974,0.050655021834061134,0.1799126637554585,0.6818181818181818,849,53,875,270,0.8359133126934984,0.23580786026200873,0.3678474114441417,0.9412416851441242,0.058758314855875834,0.5466536394723986,0.5885247727030665,0.24111872372559467,866,36,938,207,0.8518518518518519,0.18078602620087336,0.29827089337175794,0.9600886917960089,0.03991130820399113,0.524181729360039,0.5704373589984411,0.21623085640640763,26,15,35,3,0.9142857142857143,0.5769230769230769,0.7074428887251288,12.0,48.0,,0,"Sampled-label overlap, no point adjustment; delays among detected events only; no original-FPS seconds.",,,Both label classes required; not replaced by zero or fabricated.,0.36436787247657776,2047,1145,True
R04,2,dino_frame_denoising_ae,0.010141987829614604,0.1008174386920981,0.1397174447774887,0.1670677661895752,0.1619715690612793,0.7636111891091122,0.7685388816361776,0.7682170486289457,0.5718465209975432,0.03842794759825328,0.18427947598253275,0.6241685144124168,840,62,845,300,0.8287292817679558,0.26200873362445415,0.39814200398142,0.9312638580931264,0.06873614190687362,0.5569125549584758,0.5966362958587903,0.25149076657729114,863,39,919,226,0.8528301886792453,0.19737991266375546,0.32056737588652484,0.9567627494456763,0.043237250554323724,0.5319980459208598,0.5770713310547159,0.22795655258131783,26,14,35,4,0.8857142857142857,0.5384615384615384,0.6697530864197532,7.5,30.0,,0,"Sampled-label overlap, no point adjustment; delays among detected events only; no original-FPS seconds.",,,Both label classes required; not replaced by zero or fabricated.,0.2895376980304718,2047,1145,True
R04,2,dino_frame_forecast,0.010141987829614604,0.05722070844686648,0.36952850222587585,0.4425933361053467,0.38698825240135193,0.7506772916081682,0.7643652093379626,0.7640356711762186,0.5721583997562045,0.05414847161572053,0.20698689956331878,0.6385809312638581,890,12,1058,87,0.8787878787878788,0.07598253275109171,0.13987138263665597,0.9866962305986696,0.013303769401330377,0.4772838299951148,0.5313393816748807,0.1450488726757956,900,2,1111,34,0.9444444444444444,0.029694323144104803,0.05757832345469941,0.9977827050997783,0.0022172949002217295,0.4562774792379091,0.5137385141219415,0.1037811518574925,26,5,6,0,1.0,0.19230769230769232,0.32258064516129037,3.0,12.0,,0,"Sampled-label overlap, no point adjustment; delays among detected events only; no original-FPS seconds.",,,Both label classes required; not replaced by zero or fabricated.,1.047676920890808,2047,1145,True
R04,2,object_raw_plain_ae,0.010141987829614604,0.027247956403269755,0.07019921392202377,0.37473928928375244,0.0,0.7582983956080133,0.761920216354428,0.7723449075264921,0.5910056612109966,0.011353711790393014,0.25240174672489085,1.0,888,14,1061,84,0.8571428571428571,0.07336244541484715,0.13515687851971037,0.9844789356984479,0.015521064301552107,0.4748412310698583,0.5289206905566475,0.1345010606212761,894,8,1108,37,0.8222222222222222,0.032314410480349345,0.06218487394957983,0.991130820399113,0.008869179600886918,0.45481191988275527,0.5117226154397312,0.07938203580929047,26,5,7,0,1.0,0.19230769230769232,0.32258064516129037,50.0,200.0,,0,"Sampled-label overlap, no point adjustment; delays among detected events only; no original-FPS seconds.",,,Both label classes required; not replaced by zero or fabricated.,2.7041923999786377,2047,1145,True
R04,2,object_roi_plain_ae,0.010141987829614604,0.01634877384196185,0.0,0.20983915030956268,0.0,0.7640459338297233,0.7648969984600484,0.77699460726362,0.5859045070047867,0.010480349344978166,0.22969432314410482,1.0,890,12,1107,38,0.76,0.03318777292576419,0.06359832635983263,0.9866962305986696,0.013303769401330377,0.45334636052760136,0.5099420017622169,0.06394930205739677,894,8,1130,15,0.6521739130434783,0.013100436681222707,0.02568493150684931,0.991130820399113,0.008869179600886918,0.4440644846116268,0.5021156285401679,0.01992995200170876,26,3,4,0,1.0,0.11538461538461539,0.20689655172413793,72.0,288.0,,0,"Sampled-label overlap, no point adjustment; delays among detected events only; no original-FPS seconds.",,,Both label classes required; not replaced by zero or fabricated.,2.9454920291900635,2047,1145,True
R04,2,object_roi_denoising_ae,0.010141987829614604,0.01634877384196185,0.0,0.1421690732240677,0.0,0.7659136901015695,0.7614850928139436,0.7741541356660497,0.5831832119537217,0.00611353711790393,0.22532751091703057,1.0,890,12,1108,37,0.7551020408163265,0.032314410480349345,0.06197654941373534,0.9866962305986696,0.013303769401330377,0.4528578407425501,0.5095053205395095,0.061745738967333076,894,8,1132,13,0.6190476190476191,0.011353711790393014,0.022298456260720415,0.991130820399113,0.008869179600886918,0.4430874450415242,0.501242266094753,0.01224112328919215,26,3,3,0,1.0,0.11538461538461539,0.20689655172413793,75.0,300.0,,0,"Sampled-label overlap, no point adjustment; delays among detected events only; no original-FPS seconds.",,,Both label classes required; not replaced by zero or fabricated.,3.109867572784424,2047,1145,True
R04,2,object_roi_forecast,0.010141987829614604,0.035422343324250684,0.0,0.2457762062549591,0.13097229599952698,0.5755540816622934,0.6169825491787646,0.6242538813252835,0.5222659520634194,0.02794759825327511,0.10655021834061135,1.0,855,47,1023,122,0.7218934911242604,0.10655021834061135,0.1856925418569254,0.9478935698447893,0.052106430155210645,0.4772838299951148,0.5272218940927004,0.09821169388848174,876,26,1061,84,0.7636363636363637,0.07336244541484715,0.13386454183266933,0.9711751662971175,0.028824833702882482,0.4689789936492428,0.5222688058559823,0.0980554605545621,26,11,12,0,1.0,0.4230769230769231,0.5945945945945945,9.0,36.0,,0,"Sampled-label overlap, no point adjustment; delays among detected events only; no original-FPS seconds.",,,Both label classes required; not replaced by zero or fabricated.,3.1844677925109863,2047,1145,True
R04,2,dino_spatiotemporal,0.010141987829614604,0.08174386920980926,0.00015000998973846436,0.38989752531051636,0.2368859350681305,0.7829190832599076,0.7833720864320073,0.7830562896893534,0.5727261006338986,0.050655021834061134,0.18602620087336244,0.6119733924611973,856,46,929,216,0.8244274809160306,0.188646288209607,0.3070362473347548,0.9490022172949002,0.050997782705099776,0.5236932095749878,0.5688242527522536,0.20455389650565126,879,23,996,149,0.8662790697674418,0.13013100436681221,0.22627182991647682,0.9745011086474501,0.025498891352549888,0.5021983390327308,0.5523160565071311,0.18724324045642038,26,13,24,4,0.8333333333333334,0.5,0.625,6.0,24.0,,0,"Sampled-label overlap, no point adjustment; delays among detected events only; no original-FPS seconds.",,,Both label classes required; not replaced by zero or fabricated.,2.041661500930786,2047,1145,True
R04,2,dino_visual_state,0.010141987829614604,0.1008174386920981,0.04890824109315872,0.3326672911643982,0.2713943421840668,0.764124362164622,0.7695494257005635,0.7692368448798879,0.5713389536059962,0.039301310043668124,0.1851528384279476,0.6297117516629712,842,60,849,296,0.8314606741573034,0.25851528384279476,0.39440373084610253,0.9334811529933481,0.06651884700665188,0.5559355153883733,0.5959982184180714,0.25147937842917095,863,39,923,222,0.8505747126436781,0.19388646288209607,0.3157894736842105,0.9567627494456763,0.043237250554323724,0.5300439667806546,0.5753246061638861,0.2242393864489478,26,14,35,4,0.8857142857142857,0.5384615384615384,0.6697530864197532,7.5,30.0,,0,"Sampled-label overlap, no point adjustment; delays among detected events only; no original-FPS seconds.",,,Both label classes required; not replaced by zero or fabricated.,1.725934386253357,2047,1145,True
R04,2,dino_full,0.010141987829614604,0.08174386920980926,0.041416723281145096,0.37927600741386414,0.22116997838020325,0.7835271449181345,0.7847140763886772,0.7844142115637261,0.5739552698592112,0.05414847161572053,0.18777292576419213,0.614190687361419,860,42,940,205,0.8299595141700404,0.17903930131004367,0.29454022988505746,0.9534368070953437,0.04656319290465632,0.5202735710796287,0.5662380542026937,0.2019104723595572,882,20,1016,129,0.8657718120805369,0.11266375545851529,0.19938176197836166,0.9778270509977827,0.022172949002217297,0.49389350268685883,0.545245403228149,0.17292955843373353,26,12,20,3,0.85,0.46153846153846156,0.5982404692082112,5.0,20.0,,0,"Sampled-label overlap, no point adjustment; delays among detected events only; no original-FPS seconds.",,,Both label classes required; not replaced by zero or fabricated.,1.9220792055130005,2047,1145,True
R04,2,dino_full_ema,0.010141987829614604,0.14713896457765668,0.09572584486363828,0.3893413715038709,0.23892352209550433,0.8093881621626856,0.8130233138458259,0.8128300825609339,0.6002611220195067,0.05152838427947598,0.2462882096069869,0.5476718403547672,837,65,719,426,0.8676171079429735,0.3720524017467249,0.5207823960880196,0.9279379157427938,0.07206208425720621,0.6170004885197851,0.6499951587447593,0.3487929573891346,843,59,773,372,0.8631090487238979,0.32489082969432315,0.4720812182741117,0.934589800443459,0.06541019955654102,0.5935515388373229,0.629740315068891,0.315974214394099,26,19,40,4,0.9,0.7307692307692307,0.8066037735849056,7.0,28.0,,0,"Sampled-label overlap, no point adjustment; delays among detected events only; no original-FPS seconds.",,,Both label classes required; not replaced by zero or fabricated.,1.3739744717747806,2047,1145,True
R04,2,roi_hybrid,0.010141987829614604,0.07356948228882834,0.21663835644721985,0.4061996042728424,0.3320986032485962,0.7774232903107118,0.7749200051177121,0.7741918841947859,0.57971687320141,0.013100436681222707,0.2096069868995633,0.6031042128603105,876,26,968,177,0.8719211822660099,0.15458515283842794,0.2626112759643917,0.9711751662971175,0.028824833702882482,0.5144113336590131,0.5628801595677727,0.2088916910041586,885,17,1031,114,0.8702290076335878,0.09956331877729258,0.17868338557993732,0.9811529933481153,0.018847006651884702,0.4880312652662433,0.540358156062704,0.1637321342774534,26,10,14,0,1.0,0.38461538461538464,0.5555555555555556,8.0,32.0,,0,"Sampled-label overlap, no point adjustment; delays among detected events only; no original-FPS seconds.",,,Both label classes required; not replaced by zero or fabricated.,2.433058977127075,2047,1145,True
R04,2,roi_hybrid_ema,0.010141987829614604,0.07901907356948229,0.24008408249825974,0.486201897978166,0.3624740838215934,0.7956002672372893,0.7888863525449583,0.7884341993406291,0.5873161151117998,0.0069868995633187774,0.23406113537117904,0.5687361419068736,874,28,947,198,0.8761061946902655,0.17292576419213973,0.28884026258205686,0.9689578713968958,0.031042128603104215,0.5236932095749878,0.5709418177945178,0.22476522938380503,877,25,989,156,0.861878453038674,0.13624454148471615,0.23529411764705882,0.9722838137472284,0.02771618625277162,0.5046409379579873,0.5542641776159722,0.18978160982025616,26,12,20,1,0.95,0.46153846153846156,0.6212534059945505,7.5,30.0,,0,"Sampled-label overlap, no point adjustment; delays among detected events only; no original-FPS seconds.",,,Both label classes required; not replaced by zero or fabricated.,2.1299369093903895,2047,1145,True
R04,2,roi_hybrid_state,0.010141987829614604,0.07901907356948229,0.24431796371936798,0.3953263759613037,0.34999024868011475,0.7749871706736122,0.7727507529457962,0.7720204126921051,0.5772605731740441,0.014847161572052401,0.2200873362445415,0.61529933481153,871,31,948,197,0.8640350877192983,0.1720524017467249,0.2869628550619082,0.9656319290465631,0.03436807095343681,0.5217391304347826,0.568842165396644,0.2172734983904167,883,19,1025,120,0.8633093525179856,0.10480349344978165,0.18691588785046728,0.9789356984478935,0.02106430155210643,0.4899853444064485,0.5418695959488375,0.16524875354599883,26,11,16,1,0.9375,0.4230769230769231,0.5830388692579505,9.0,36.0,,0,"Sampled-label overlap, no point adjustment; delays among detected events only; no original-FPS seconds.",,,Both label classes required; not replaced by zero or fabricated.,2.0879018306732178,2047,1145,True
R04,2,dino_state_pca,0.010141987829614604,0.043596730245231606,0.0046742260456085205,0.005545377731323242,0.005933437496423721,0.6898246497351834,0.7035384783734914,0.7031741437327659,0.5263815286237942,0.0314410480349345,0.08471615720524017,0.7937915742793792,882,20,1093,52,0.7222222222222222,0.045414847161572056,0.08545603944124898,0.9778270509977827,0.022172949002217297,0.4562774792379091,0.5116209490796774,0.0626365469529197,902,0,1138,7,1.0,0.00611353711790393,0.012152777777777778,1.0,0.0,0.4440644846116268,0.503056768558952,0.051991753118433216,26,1,2,0,1.0,0.038461538461538464,0.07407407407407407,20.0,80.0,,0,"Sampled-label overlap, no point adjustment; delays among detected events only; no original-FPS seconds.",,,Both label classes required; not replaced by zero or fabricated.,0.01568731851875782,2047,1145,True
S01,0,dino_global_pca,0.011650485436893204,0.05555555555555555,0.0009398162364959717,0.0011331886053085327,0.0018964260816574097,0.5213154988342128,0.4098221724399478,0.40807976619152375,0.4764614321421421,0.0,0.0,0.8850574712643678,351,84,165,116,0.58,0.4128113879003559,0.4823284823284823,0.8068965517241379,0.19310344827586207,0.6522346368715084,0.6098539698122469,0.23911327686276332,362,73,172,109,0.5989010989010989,0.3879003558718861,0.4708423326133909,0.832183908045977,0.167816091954023,0.6578212290502793,0.6100421319589315,0.24682006219763994,10,4,12,5,0.5833333333333334,0.4,0.4745762711864407,2.0,8.0,14.204545454545453,352,"Sampled-label overlap, no point adjustment; delays among detected events only; no original-FPS seconds.",0.2545454545454545,0.37651002506265663,,0.007284872699528933,716,281,True
S01,0,visual_state_transition,0.007766990291262136,0.007246376811594203,0.0,0.0,0.0,0.4885057471264368,0.3924581005586592,0.1962290502793296,0.48965873100601404,0.0,0.0,1.0,430,5,281,0,0.0,0.0,0.0,0.9885057471264368,0.011494252873563218,0.6005586592178771,0.4942528735632184,-0.06739981946946555,435,0,281,0,0.0,0.0,0.0,1.0,0.0,0.6075418994413407,0.5,0.0,10,0,0,0,0.0,0.0,0.0,,,0.0,352,"Sampled-label overlap, no point adjustment; delays among detected events only; no original-FPS seconds.",0.2727272727272727,0.47619047619047616,,2.443521499633789,716,281,True
S01,0,dino_frame_plain_ae,0.011650485436893204,0.05314009661835749,0.030597954988479614,0.03455531224608421,0.06114766746759415,0.5185585143371375,0.41346348843304015,0.41163837107582724,0.47997063464896134,0.0,0.0,0.9080459770114943,349,86,168,113,0.5678391959798995,0.40213523131672596,0.4708333333333333,0.8022988505747126,0.19770114942528735,0.6452513966480447,0.6022170409457193,0.22283288283219735,360,75,176,105,0.5833333333333334,0.3736654804270463,0.455531453362256,0.8275862068965517,0.1724137931034483,0.6494413407821229,0.600625843661799,0.22652632078113744,10,4,12,5,0.5833333333333334,0.4,0.4745762711864407,2.0,8.0,14.204545454545453,352,"Sampled-label overlap, no point adjustment; delays among detected events only; no original-FPS seconds.",0.2545454545454545,0.37989938080495356,,0.22658587992191315,716,281,True
S01,0,dino_frame_denoising_ae,0.011650485436893204,0.05314009661835749,0.0182994082570076,0.021739501506090164,0.041550517082214355,0.5471837035219045,0.4263360139957576,0.4244676804183553,0.4844701642435946,0.0,0.0035587188612099642,0.8482758620689655,351,84,159,122,0.5922330097087378,0.43416370106761565,0.5010266940451746,0.8068965517241379,0.19310344827586207,0.6606145251396648,0.6205301263958768,0.260018768977285,360,75,165,116,0.6073298429319371,0.4128113879003559,0.4915254237288136,0.8275862068965517,0.1724137931034483,0.664804469273743,0.6201987973984537,0.26541873275243316,10,4,10,5,0.5,0.4,0.4444444444444445,2.0,8.0,14.204545454545453,352,"Sampled-label overlap, no point adjustment; delays among detected events only; no original-FPS seconds.",0.2818181818181818,0.3896052631578948,,0.1885232925415039,716,281,True
S01,0,dino_frame_forecast,0.011650485436893204,0.06521739130434782,0.03987102955579758,0.039328720420598984,0.11296477168798447,0.6440831185830572,0.48583247616229747,0.4854017323126931,0.4955790507068998,0.0,0.042704626334519574,1.0,345,90,167,114,0.5588235294117647,0.40569395017793597,0.4701030927835052,0.7931034482758621,0.20689655172413793,0.6410614525139665,0.599398699226899,0.21505939561672469,363,72,180,101,0.5838150289017341,0.3594306049822064,0.4449339207048458,0.8344827586206897,0.16551724137931034,0.6480446927374302,0.596956681801448,0.22119869565330313,10,6,11,5,0.5454545454545454,0.6,0.5714285714285713,10.0,40.0,14.204545454545453,352,"Sampled-label overlap, no point adjustment; delays among detected events only; no original-FPS seconds.",0.5181818181818182,0.47883116883116883,,0.368742436170578,716,281,True
S01,0,dino_fewshot3_denoising_ae,0.011650485436893204,0.01932367149758454,0.28184565901756287,0.3531069755554199,0.2918611466884613,0.6682783163578353,0.4944401105166807,0.49242861664730986,0.4907565883662402,0.0,0.014234875444839857,0.7908045977011494,386,49,228,53,0.5196078431372549,0.18861209964412812,0.27676240208877284,0.8873563218390804,0.11264367816091954,0.6131284916201117,0.5379842107416043,0.1061320662503689,398,37,233,48,0.5647058823529412,0.1708185053380783,0.26229508196721313,0.9149425287356322,0.08505747126436781,0.6229050279329609,0.5428805170368552,0.12946836242682125,10,2,8,5,0.375,0.2,0.26086956521739135,6.0,24.0,14.204545454545453,352,"Sampled-label overlap, no point adjustment; delays among detected events only; no original-FPS seconds.",0.5,0.4594594294594294,,0.8602725863456726,716,281,True
S01,0,dino_spatiotemporal,0.011650485436893204,0.05555555555555555,0.011144272983074188,0.06882894039154053,0.8012622594833374,0.6510164846402421,0.46973954722089295,0.4678272568762729,0.4843409911451841,0.0,0.0035587188612099642,0.7494252873563219,353,82,162,119,0.5920398009950248,0.4234875444839858,0.4937759336099585,0.8114942528735632,0.18850574712643678,0.659217877094972,0.6174908986787745,0.25534676878255275,365,70,172,109,0.6089385474860335,0.3879003558718861,0.47391304347826085,0.8390804597701149,0.16091954022988506,0.6620111731843575,0.6134904078210005,0.25596069597790555,10,4,10,5,0.5,0.4,0.4444444444444445,2.0,8.0,14.204545454545453,352,"Sampled-label overlap, no point adjustment; delays among detected events only; no original-FPS seconds.",0.4272727272727273,0.43663730060788886,,4.835455417633057,716,281,True
S01,0,dino_visual_state,0.011650485436893204,0.05314009661835749,0.0,0.09717951714992523,0.6481387615203857,0.5470691700413138,0.4261618970086475,0.42429457031723206,0.48442710654412446,0.0,0.0035587188612099642,0.8482758620689655,352,83,160,121,0.5931372549019608,0.4306049822064057,0.4989690721649485,0.8091954022988506,0.19080459770114944,0.6606145251396648,0.6199001922526282,0.25941650223528534,361,74,167,114,0.6063829787234043,0.40569395017793597,0.48614072494669514,0.8298850574712644,0.17011494252873563,0.6634078212290503,0.6177895038246002,0.2614198075255712,10,4,10,5,0.5,0.4,0.4444444444444445,2.0,8.0,14.204545454545453,352,"Sampled-label overlap, no point adjustment; delays among detected events only; no original-FPS seconds.",0.2818181818181818,0.3896052631578948,,4.79148530960083,716,281,True
S01,0,dino_full,0.011650485436893204,0.05555555555555555,0.006864428520202637,0.06055232137441635,0.7541909217834473,0.6578475886611854,0.4738870448654645,0.47196654961572515,0.4847930969896209,0.0,0.0035587188612099642,0.7586206896551724,353,82,166,115,0.583756345177665,0.4092526690391459,0.4811715481171548,0.8114942528735632,0.18850574712643678,0.6536312849162011,0.6103734609563546,0.24136575530386054,365,70,177,104,0.5977011494252874,0.3701067615658363,0.4571428571428571,0.8390804597701149,0.16091954022988506,0.6550279329608939,0.6045936106679756,0.2381544342709671,10,4,9,5,0.4444444444444444,0.4,0.4210526315789474,6.0,24.0,14.204545454545453,352,"Sampled-label overlap, no point adjustment; delays among detected events only; no original-FPS seconds.",0.4272727272727273,0.43663730060788886,,4.3756608963012695,716,281,True
S01,0,dino_full_ema,0.011650485436893204,0.05314009661835749,-0.0015265250961540595,0.07791990838598634,0.6640341797326768,0.671215282038696,0.49128113091866954,0.48936285946615643,0.48806548214935425,0.0,0.0035587188612099642,0.7793103448275862,353,82,155,126,0.6057692307692307,0.4483985765124555,0.5153374233128833,0.8114942528735632,0.18850574712643678,0.6689944134078212,0.6299464146930094,0.2795300884938882,363,72,164,117,0.6190476190476191,0.41637010676156583,0.4978723404255319,0.8344827586206897,0.16551724137931034,0.6703910614525139,0.6254264326911277,0.2778949437164003,10,4,10,5,0.5,0.4,0.4444444444444445,2.0,8.0,14.204545454545453,352,"Sampled-label overlap, no point adjustment; delays among detected events only; no original-FPS seconds.",0.45454545454545453,0.45300209078846854,,3.6555739742464564,716,281,True
S01,0,dino_state_pca,0.011650485436893204,0.043478260869565216,0.0006134994328022003,0.0007109995931386948,0.0013372525572776794,0.5806192988914796,0.4271624180952218,0.42547970728180506,0.47460995106492454,0.0,0.0,0.8298850574712644,355,80,185,96,0.5454545454545454,0.3416370106761566,0.4201312910284464,0.8160919540229885,0.1839080459770115,0.6298882681564246,0.5788644823495726,0.1788776280079837,366,69,198,83,0.5460526315789473,0.29537366548042704,0.3833718244803695,0.8413793103448276,0.15862068965517243,0.6270949720670391,0.5683764879126273,0.1632951282115224,10,4,14,5,0.6428571428571429,0.4,0.4931506849315069,2.0,8.0,14.204545454545453,352,"Sampled-label overlap, no point adjustment; delays among detected events only; no original-FPS seconds.",0.31818181818181823,0.3971671873877757,,0.00878445990383625,716,281,True
S01,1,dino_global_pca,0.011650485436893204,0.05555555555555555,0.0009398162364959717,0.0011331886053085327,0.0018964260816574097,0.5213154988342128,0.4098221724399478,0.40807976619152375,0.4764614321421421,0.0,0.0,0.8850574712643678,351,84,165,116,0.58,0.4128113879003559,0.4823284823284823,0.8068965517241379,0.19310344827586207,0.6522346368715084,0.6098539698122469,0.23911327686276332,362,73,172,109,0.5989010989010989,0.3879003558718861,0.4708423326133909,0.832183908045977,0.167816091954023,0.6578212290502793,0.6100421319589315,0.24682006219763994,10,4,12,5,0.5833333333333334,0.4,0.4745762711864407,2.0,8.0,14.204545454545453,352,"Sampled-label overlap, no point adjustment; delays among detected events only; no original-FPS seconds.",0.2545454545454545,0.37651002506265663,,0.007284872699528933,716,281,True
S01,1,visual_state_transition,0.007766990291262136,0.007246376811594203,0.0,0.0,0.0,0.4885057471264368,0.3924581005586592,0.1962290502793296,0.48965873100601404,0.0,0.0,1.0,430,5,281,0,0.0,0.0,0.0,0.9885057471264368,0.011494252873563218,0.6005586592178771,0.4942528735632184,-0.06739981946946555,435,0,281,0,0.0,0.0,0.0,1.0,0.0,0.6075418994413407,0.5,0.0,10,0,0,0,0.0,0.0,0.0,,,0.0,352,"Sampled-label overlap, no point adjustment; delays among detected events only; no original-FPS seconds.",0.2727272727272727,0.47619047619047616,,2.443521499633789,716,281,True
S01,1,dino_frame_plain_ae,0.011650485436893204,0.050724637681159424,0.03041958436369896,0.033286482095718384,0.06273545324802399,0.5078332719761115,0.40548143842660195,0.4037194252266537,0.47708576878445963,0.0,0.0,0.9333333333333333,355,80,175,106,0.5698924731182796,0.37722419928825623,0.45396145610278377,0.8160919540229885,0.1839080459770115,0.6438547486033519,0.5966580766556224,0.21526405962361483,366,69,186,95,0.5792682926829268,0.33807829181494664,0.42696629213483145,0.8413793103448276,0.15862068965517243,0.6438547486033519,0.5897288010798871,0.20852982853458196,10,4,12,5,0.5833333333333334,0.4,0.4745762711864407,2.0,8.0,14.204545454545453,352,"Sampled-label overlap, no point adjustment; delays among detected events only; no original-FPS seconds.",0.2545454545454545,0.37989938080495356,,0.23418080806732178,716,281,True
S01,1,dino_frame_denoising_ae,0.011650485436893204,0.050724637681159424,0.019169053062796593,0.022404197603464127,0.042757973074913025,0.5544893033910092,0.43078824982646846,0.4289077764210898,0.4857188375282297,0.0,0.0,0.8390804597701149,354,81,163,118,0.592964824120603,0.4199288256227758,0.4916666666666667,0.8137931034482758,0.18620689655172415,0.659217877094972,0.6168609645355259,0.2547565980884808,364,71,166,115,0.6182795698924731,0.4092526690391459,0.4925053533190578,0.8367816091954023,0.1632183908045977,0.6689944134078212,0.6230171391172741,0.27396747055101955,10,4,10,5,0.5,0.4,0.4444444444444445,2.0,8.0,14.204545454545453,352,"Sampled-label overlap, no point adjustment; delays among detected events only; no original-FPS seconds.",0.2909090909090909,0.3962719298245615,,0.19897525012493134,716,281,True
S01,1,dino_frame_forecast,0.011650485436893204,0.04589371980676329,0.04195023700594902,0.03941309079527855,0.11463385820388794,0.6529594633288339,0.506715686272601,0.5058929463759283,0.5062358313257681,0.0,0.07473309608540925,1.0,351,84,160,121,0.5902439024390244,0.4306049822064057,0.4979423868312757,0.8068965517241379,0.19310344827586207,0.659217877094972,0.6187507669652718,0.2565528400911655,364,71,174,107,0.601123595505618,0.3807829181494662,0.4662309368191721,0.8367816091954023,0.1632183908045977,0.6578212290502793,0.6087822636724343,0.24580161781881957,10,6,11,5,0.5454545454545454,0.6,0.5714285714285713,10.0,40.0,14.204545454545453,352,"Sampled-label overlap, no point adjustment; delays among detected events only; no original-FPS seconds.",0.5363636363636364,0.49019105894105897,,0.4339078366756439,716,281,True
S01,1,dino_spatiotemporal,0.011650485436893204,0.050724637681159424,0.003202280029654503,0.07618919014930725,0.75855952501297,0.658870209023602,0.47864293305700634,0.476670516547131,0.48713974161074547,0.0,0.010676156583629894,0.7494252873563219,353,82,163,118,0.59,0.4199288256227758,0.49064449064449056,0.8114942528735632,0.18850574712643678,0.6578212290502793,0.6157115392481696,0.25186313583161485,363,72,170,111,0.6065573770491803,0.39501779359430605,0.478448275862069,0.8344827586206897,0.16551724137931034,0.6620111731843575,0.6147502761074979,0.25691672300148294,10,4,9,5,0.4444444444444444,0.4,0.4210526315789474,2.0,8.0,14.204545454545453,352,"Sampled-label overlap, no point adjustment; delays among detected events only; no original-FPS seconds.",0.4181818181818182,0.432791146761735,,5.149930953979492,716,281,True
S01,1,dino_visual_state,0.011650485436893204,0.050724637681159424,0.0,0.0912819355726242,0.6518049240112305,0.5543584079846198,0.4306023424768851,0.4287236434369311,0.48567577982875954,0.0,0.0,0.8390804597701149,354,81,163,118,0.592964824120603,0.4199288256227758,0.4916666666666667,0.8137931034482758,0.18620689655172415,0.659217877094972,0.6168609645355259,0.2547565980884808,364,71,166,115,0.6182795698924731,0.4092526690391459,0.4925053533190578,0.8367816091954023,0.1632183908045977,0.6689944134078212,0.6230171391172741,0.27396747055101955,10,4,10,5,0.5,0.4,0.4444444444444445,2.0,8.0,14.204545454545453,352,"Sampled-label overlap, no point adjustment; delays among detected events only; no original-FPS seconds.",0.2909090909090909,0.3962719298245615,,4.972836017608643,716,281,True
S01,1,dino_full,0.011650485436893204,0.050724637681159424,0.006462413817644119,0.06850991398096085,0.6993584632873535,0.6658731132654314,0.4833127456601197,0.48131990620886533,0.48752726090597703,0.0,0.017793594306049824,0.7632183908045977,353,82,165,116,0.5858585858585859,0.4128113879003559,0.48434237995824636,0.8114942528735632,0.18850574712643678,0.6550279329608939,0.6121528203869595,0.24487277826533893,363,72,173,108,0.6,0.38434163701067614,0.4685466377440347,0.8344827586206897,0.16551724137931034,0.6578212290502793,0.6094121978156829,0.24630593610788068,10,4,10,5,0.5,0.4,0.4444444444444445,2.0,8.0,14.204545454545453,352,"Sampled-label overlap, no point adjustment; delays among detected events only; no original-FPS seconds.",0.44545454545454544,0.4422100560258455,,4.608304023742676,716,281,True
S01,1,dino_full_ema,0.011650485436893204,0.04830917874396135,-0.0028510492816612477,0.07312518951711655,0.6375353558060524,0.677228289769706,0.5000655452723627,0.49805016367615207,0.4957512815047805,0.0,0.014234875444839857,0.7839080459770115,355,80,159,122,0.6039603960396039,0.43416370106761565,0.505175983436853,0.8160919540229885,0.1839080459770115,0.6662011173184358,0.625127827545302,0.2715341419449149,365,70,168,113,0.6174863387978142,0.40213523131672596,0.4870689655172414,0.8390804597701149,0.16091954022988506,0.6675977653631285,0.6206078455434204,0.2700313541403317,10,4,10,5,0.5,0.4,0.4444444444444445,2.0,8.0,14.204545454545453,352,"Sampled-label overlap, no point adjustment; delays among detected events only; no original-FPS seconds.",0.4636363636363636,0.45260993392572335,,3.872556925075887,716,281,True
S01,1,dino_state_pca,0.011650485436893204,0.043478260869565216,0.0006134994328022003,0.0007109995931386948,0.0013372525572776794,0.5806192988914796,0.4271624180952218,0.42547970728180506,0.47460995106492454,0.0,0.0,0.8298850574712644,355,80,185,96,0.5454545454545454,0.3416370106761566,0.4201312910284464,0.8160919540229885,0.1839080459770115,0.6298882681564246,0.5788644823495726,0.1788776280079837,366,69,198,83,0.5460526315789473,0.29537366548042704,0.3833718244803695,0.8413793103448276,0.15862068965517243,0.6270949720670391,0.5683764879126273,0.1632951282115224,10,4,14,5,0.6428571428571429,0.4,0.4931506849315069,2.0,8.0,14.204545454545453,352,"Sampled-label overlap, no point adjustment; delays among detected events only; no original-FPS seconds.",0.31818181818181823,0.3971671873877757,,0.00878445990383625,716,281,True
S01,2,dino_global_pca,0.011650485436893204,0.05555555555555555,0.0009398162364959717,0.0011331886053085327,0.0018964260816574097,0.5213154988342128,0.4098221724399478,0.40807976619152375,0.4764614321421421,0.0,0.0,0.8850574712643678,351,84,165,116,0.58,0.4128113879003559,0.4823284823284823,0.8068965517241379,0.19310344827586207,0.6522346368715084,0.6098539698122469,0.23911327686276332,362,73,172,109,0.5989010989010989,0.3879003558718861,0.4708423326133909,0.832183908045977,0.167816091954023,0.6578212290502793,0.6100421319589315,0.24682006219763994,10,4,12,5,0.5833333333333334,0.4,0.4745762711864407,2.0,8.0,14.204545454545453,352,"Sampled-label overlap, no point adjustment; delays among detected events only; no original-FPS seconds.",0.2545454545454545,0.37651002506265663,,0.007284872699528933,716,281,True
S01,2,visual_state_transition,0.007766990291262136,0.007246376811594203,0.0,0.0,0.0,0.4885057471264368,0.3924581005586592,0.1962290502793296,0.48965873100601404,0.0,0.0,1.0,430,5,281,0,0.0,0.0,0.0,0.9885057471264368,0.011494252873563218,0.6005586592178771,0.4942528735632184,-0.06739981946946555,435,0,281,0,0.0,0.0,0.0,1.0,0.0,0.6075418994413407,0.5,0.0,10,0,0,0,0.0,0.0,0.0,,,0.0,352,"Sampled-label overlap, no point adjustment; delays among detected events only; no original-FPS seconds.",0.2727272727272727,0.47619047619047616,,2.443521499633789,716,281,True
S01,2,dino_frame_plain_ae,0.011650485436893204,0.05314009661835749,0.03131964057683945,0.03386944904923439,0.061363011598587036,0.4991614513028183,0.4072033651214091,0.40536839659182855,0.48184364457591394,0.0,0.0,0.9264367816091954,350,85,167,114,0.5728643216080402,0.40569395017793597,0.47500000000000003,0.8045977011494253,0.19540229885057472,0.6480446927374302,0.6051458256636806,0.22921762588345404,360,75,179,102,0.576271186440678,0.36298932384341637,0.4454148471615721,0.8275862068965517,0.1724137931034483,0.6452513966480447,0.5952877653699841,0.21571677087079966,10,4,12,5,0.5833333333333334,0.4,0.4745762711864407,2.0,8.0,14.204545454545453,352,"Sampled-label overlap, no point adjustment; delays among detected events only; no original-FPS seconds.",0.24545454545454545,0.3751374760430488,,0.2171211987733841,716,281,True
S01,2,dino_frame_denoising_ae,0.011650485436893204,0.050724637681159424,0.019421491771936417,0.022625982761383057,0.042045753449201584,0.5466273980447498,0.42990131986600255,0.4279420819459401,0.48991696322657174,0.0,0.0035587188612099642,0.8827586206896552,349,86,161,120,0.5825242718446602,0.42704626334519574,0.4928131416837782,0.8022988505747126,0.19770114942528735,0.6550279329608939,0.6146725569599542,0.2473822768448112,360,75,169,112,0.5989304812834224,0.398576512455516,0.4786324786324786,0.8275862068965517,0.1724137931034483,0.659217877094972,0.6130813596760338,0.25140283254739104,10,4,11,5,0.5454545454545454,0.4,0.4615384615384615,2.0,8.0,14.204545454545453,352,"Sampled-label overlap, no point adjustment; delays among detected events only; no original-FPS seconds.",0.2818181818181818,0.3896052631578948,,0.19264589250087738,716,281,True
S01,2,dino_frame_forecast,0.011650485436893204,0.050724637681159424,0.04072129353880882,0.041209496557712555,0.11335070431232452,0.650807870086309,0.5108247599882706,0.5095131696332934,0.5093790433870908,0.014234875444839857,0.08185053380782918,1.0,351,84,167,114,0.5757575757575758,0.40569395017793597,0.4759916492693111,0.8068965517241379,0.19310344827586207,0.6494413407821229,0.6062952509510369,0.23208344941290748,364,71,186,95,0.572289156626506,0.33807829181494664,0.42505592841163314,0.8367816091954023,0.1632183908045977,0.6410614525139665,0.5874299505051745,0.20232643432392705,10,6,12,5,0.5833333333333334,0.6,0.591549295774648,10.0,40.0,14.204545454545453,352,"Sampled-label overlap, no point adjustment; delays among detected events only; no original-FPS seconds.",0.5454545454545454,0.5050937001594896,,0.40755051374435425,716,281,True
S01,2,dino_spatiotemporal,0.011650485436893204,0.050724637681159424,0.002632312010973692,0.07153437286615372,0.8075277209281921,0.6515727901173968,0.47767166575074904,0.47560837935447386,0.4925434828942524,0.0,0.021352313167259787,0.7563218390804598,352,83,161,120,0.5911330049261084,0.42704626334519574,0.4958677685950413,0.8091954022988506,0.19080459770114944,0.659217877094972,0.6181208328220231,0.2559455499014996,363,72,176,105,0.5932203389830508,0.3736654804270463,0.4585152838427948,0.8344827586206897,0.16551724137931034,0.6536312849162011,0.6040741195238679,0.23560771844884118,10,4,9,5,0.4444444444444444,0.4,0.4210526315789474,5.5,22.0,14.204545454545453,352,"Sampled-label overlap, no point adjustment; delays among detected events only; no original-FPS seconds.",0.4181818181818182,0.432791146761735,,5.037236213684082,716,281,True
S01,2,dino_visual_state,0.011650485436893204,0.050724637681159424,0.0,0.09176243841648102,0.6288891434669495,0.5464392358980652,0.4296120393733188,0.42765623202245806,0.48978779012816126,0.0,0.0035587188612099642,0.8827586206896552,349,86,161,120,0.5825242718446602,0.42704626334519574,0.4928131416837782,0.8022988505747126,0.19770114942528735,0.6550279329608939,0.6146725569599542,0.2473822768448112,360,75,169,112,0.5989304812834224,0.398576512455516,0.4786324786324786,0.8275862068965517,0.1724137931034483,0.659217877094972,0.6130813596760338,0.25140283254739104,10,4,11,5,0.5454545454545454,0.4,0.4615384615384615,2.0,8.0,14.204545454545453,352,"Sampled-label overlap, no point adjustment; delays among detected events only; no original-FPS seconds.",0.2818181818181818,0.3896052631578948,,4.815138339996338,716,281,True
S01,2,dino_full,0.011650485436893204,0.050724637681159424,0.0034948564134538174,0.06042749062180519,0.7328044176101685,0.6590174663557901,0.4823590520768083,0.48027960573829515,0.49325393493551034,0.0,0.028469750889679714,0.7563218390804598,352,83,164,117,0.585,0.41637010676156583,0.4864864864864864,0.8091954022988506,0.19080459770114944,0.6550279329608939,0.6127827545302083,0.24548820634718907,363,72,177,104,0.5909090909090909,0.3701067615658363,0.45514223194748354,0.8344827586206897,0.16551724137931034,0.6522346368715084,0.602294760093263,0.23202135483525188,10,4,9,5,0.4444444444444444,0.4,0.4210526315789474,6.0,24.0,14.204545454545453,352,"Sampled-label overlap, no point adjustment; delays among detected events only; no original-FPS seconds.",0.44545454545454544,0.4422100560258455,,4.507964134216309,716,281,True
S01,2,dino_full_ema,0.011650485436893204,0.04830917874396135,-0.003966497569084161,0.07583066708576186,0.6784092366809381,0.6700290424182925,0.49799132422125975,0.49589713796570034,0.5013487824359032,0.0,0.028469750889679714,0.7885057471264367,354,81,154,127,0.6105769230769231,0.45195729537366547,0.5194274028629857,0.8137931034482758,0.18620689655172415,0.6717877094972067,0.6328751994109707,0.28583025039774196,364,71,161,120,0.6282722513089005,0.42704626334519574,0.5084745762711864,0.8367816091954023,0.1632183908045977,0.6759776536312849,0.631913936270299,0.29128768802222965,10,4,9,5,0.4444444444444444,0.4,0.4210526315789474,2.0,8.0,14.204545454545453,352,"Sampled-label overlap, no point adjustment; delays among detected events only; no original-FPS seconds.",0.45454545454545453,0.45300209078846854,,3.8018477463652633,716,281,True
S01,2,dino_state_pca,0.011650485436893204,0.043478260869565216,0.0006134994328022003,0.0007109995931386948,0.0013372525572776794,0.5806192988914796,0.4271624180952218,0.42547970728180506,0.47460995106492454,0.0,0.0,0.8298850574712644,355,80,185,96,0.5454545454545454,0.3416370106761566,0.4201312910284464,0.8160919540229885,0.1839080459770115,0.6298882681564246,0.5788644823495726,0.1788776280079837,366,69,198,83,0.5460526315789473,0.29537366548042704,0.3833718244803695,0.8413793103448276,0.15862068965517243,0.6270949720670391,0.5683764879126273,0.1632951282115224,10,4,14,5,0.6428571428571429,0.4,0.4931506849315069,2.0,8.0,14.204545454545453,352,"Sampled-label overlap, no point adjustment; delays among detected events only; no original-FPS seconds.",0.31818181818181823,0.3971671873877757,,0.00878445990383625,716,281,True
S02,0,dino_global_pca,0.010101010101010102,0.007054673721340388,0.0020601004362106323,0.001669079065322876,0.0021802857518196106,0.5769972222465629,0.2598385601775081,0.2578107355158994,0.54257000533598,0.0,0.18067226890756302,0.9635036496350365,925,34,206,32,0.48484848484848486,0.13445378151260504,0.21052631578947367,0.9645464025026069,0.035453597497393116,0.7994987468671679,0.549500092007606,0.17311333127259299,933,26,213,25,0.49019607843137253,0.10504201680672269,0.17301038062283736,0.97288842544317,0.027111574556830033,0.8003341687552213,0.5389652211249464,0.15400241314762816,8,1,5,2,0.6,0.125,0.20689655172413793,8.0,32.0,2.886002886002886,693,"Sampled-label overlap, no point adjustment; delays among detected events only; no original-FPS seconds.",0.2727272727272727,0.34583625009321606,,0.027876120060682297,1197,238,True
S02,0,visual_state_transition,0.001443001443001443,0.0,0.0,0.0,0.0,0.4985519755347395,0.19907259517434064,0.19384615331240615,0.4987567286195727,0.004201680672268907,0.03361344537815126,1.0,951,8,237,1,0.1111111111111111,0.004201680672268907,0.008097165991902834,0.9916579770594369,0.008342022940563087,0.7953216374269005,0.4979298288658529,-0.019129541079040226,959,0,238,0,0.0,0.0,0.0,1.0,0.0,0.8011695906432749,0.5,0.0,8,0,0,0,0.0,0.0,0.0,,,0.0,693,"Sampled-label overlap, no point adjustment; delays among detected events only; no original-FPS seconds.",0.48863636363636365,0.4913461538461538,,3.035290241241455,1197,238,True
S02,0,dino_frame_plain_ae,0.010101010101010102,0.007054673721340388,0.08267854154109955,0.06622757762670517,0.09080549329519272,0.578670884412159,0.2561602272263784,0.2542077951953312,0.535834310673943,0.0,0.15966386554621848,0.9624608967674662,925,34,215,23,0.40350877192982454,0.09663865546218488,0.1559322033898305,0.9645464025026069,0.035453597497393116,0.7919799498746867,0.530592528982396,0.11467092199892019,933,26,218,20,0.43478260869565216,0.08403361344537816,0.14084507042253525,0.97288842544317,0.027111574556830033,0.7961570593149541,0.528461019444274,0.11818480749273375,8,1,4,3,0.25,0.125,0.16666666666666666,8.0,32.0,4.329004329004329,693,"Sampled-label overlap, no point adjustment; delays among detected events only; no original-FPS seconds.",0.2840909090909091,0.3498426603496263,,0.9219428300857544,1197,238,True
S02,0,dino_frame_denoising_ae,0.010101010101010102,0.007054673721340388,0.05808725208044052,0.043798234313726425,0.059923022985458374,0.6017428869357963,0.27058228059927925,0.26849532844767887,0.5439512724029296,0.0,0.18067226890756302,0.9499478623566214,925,34,204,34,0.5,0.14285714285714285,0.22222222222222224,0.9645464025026069,0.035453597497393116,0.8011695906432749,0.5537017726798749,0.18518890865428445,932,27,210,28,0.509090909090909,0.11764705882352941,0.1911262798634812,0.9718456725755996,0.028154327424400417,0.8020050125313283,0.5447463656995645,0.17059690535446356,8,1,6,3,0.5,0.125,0.2,8.0,32.0,4.329004329004329,693,"Sampled-label overlap, no point adjustment; delays among detected events only; no original-FPS seconds.",0.2840909090909091,0.3498426603496263,,0.8239970207214355,1197,238,True
S02,0,dino_frame_forecast,0.010101010101010102,0.008818342151675485,0.12244635820388794,0.09908050298690796,0.16362014412879944,0.6201312641845059,0.2822181951431504,0.2803455021771224,0.5429089807263666,0.0,0.1722689075630252,1.0,916,43,200,38,0.4691358024691358,0.15966386554621848,0.23824451410658304,0.9551616266944735,0.04483837330552659,0.7969924812030075,0.557412746120346,0.1824574039106812,930,29,203,35,0.546875,0.14705882352941177,0.2317880794701987,0.9697601668404588,0.03023983315954119,0.8061821219715957,0.5584094951849353,0.20725560702342966,8,1,6,4,0.3333333333333333,0.125,0.18181818181818182,10.0,40.0,5.772005772005772,693,"Sampled-label overlap, no point adjustment; delays among detected events only; no original-FPS seconds.",0.38636363636363635,0.3786828367710721,,1.1316465139389038,1197,238,True
S02,0,dino_fewshot3_denoising_ae,0.010101010101010102,0.01763668430335097,0.44884490966796875,0.4492207169532776,0.44186532497406006,0.6760850325531671,0.2706039033434369,0.2688184008097917,0.5153643478136548,0.0,0.05042016806722689,0.5870698644421272,922,37,233,5,0.11904761904761904,0.02100840336134454,0.03571428571428571,0.9614181438998958,0.03858185610010428,0.7744360902255639,0.4912132736306202,-0.03811880194798098,934,25,235,3,0.10714285714285714,0.012605042016806723,0.022556390977443608,0.9739311783107404,0.026068821689259645,0.7827903091060986,0.49326811016377353,-0.03555318452542345,8,1,4,3,0.25,0.125,0.16666666666666666,22.0,88.0,4.329004329004329,693,"Sampled-label overlap, no point adjustment; delays among detected events only; no original-FPS seconds.",0.3977272727272727,0.37467463092463094,,1.6640084981918335,1197,238,True
S02,0,dino_spatiotemporal,0.010101010101010102,0.008818342151675485,-0.009045936167240143,-0.07876016199588776,0.05917586386203766,0.6307252828138554,0.27965630584740964,0.27755891674127114,0.5413017300658258,0.0,0.1722689075630252,0.8508863399374348,924,35,204,34,0.4927536231884058,0.14285714285714285,0.2214983713355049,0.9635036496350365,0.0364963503649635,0.8003341687552213,0.5531803962460897,0.18213786919177924,932,27,208,30,0.5263157894736842,0.12605042016806722,0.2033898305084746,0.9718456725755996,0.028154327424400417,0.8036758563074352,0.5489480463718335,0.1834734751982723,8,1,6,3,0.5,0.125,0.2,8.0,32.0,4.329004329004329,693,"Sampled-label overlap, no point adjustment; delays among detected events only; no original-FPS seconds.",0.32954545454545453,0.36341732098311047,,4.027192115783691,1197,238,True
S02,0,dino_visual_state,0.010101010101010102,0.007054673721340388,0.013672325760126114,-0.0661274641752243,0.03679204732179642,0.602036435011961,0.27077417417942573,0.2686865450637544,0.5439282128525632,0.0,0.18067226890756302,0.9530761209593326,925,34,204,34,0.5,0.14285714285714285,0.22222222222222224,0.9645464025026069,0.035453597497393116,0.8011695906432749,0.5537017726798749,0.18518890865428445,932,27,210,28,0.509090909090909,0.11764705882352941,0.1911262798634812,0.9718456725755996,0.028154327424400417,0.8020050125313283,0.5447463656995645,0.17059690535446356,8,1,6,3,0.5,0.125,0.2,8.0,32.0,4.329004329004329,693,"Sampled-label overlap, no point adjustment; delays among detected events only; no original-FPS seconds.",0.3181818181818182,0.35929644186223136,,4.044240474700928,1197,238,True
S02,0,dino_full,0.010101010101010102,0.008818342151675485,0.018126478418707848,-0.05915869027376175,0.07064656913280487,0.6313956239430079,0.2801061758736302,0.27800687697444015,0.5415323255694902,0.0,0.1722689075630252,0.8540145985401459,924,35,203,35,0.5,0.14705882352941177,0.22727272727272727,0.9635036496350365,0.0364963503649635,0.8011695906432749,0.5552812365822242,0.18805918468372496,932,27,205,33,0.55,0.13865546218487396,0.2214765100671141,0.9718456725755996,0.028154327424400417,0.8061821219715957,0.5552505673802368,0.20211970815875077,8,1,6,3,0.5,0.125,0.2,8.0,32.0,4.329004329004329,693,"Sampled-label overlap, no point adjustment; delays among detected events only; no original-FPS seconds.",0.32954545454545453,0.36341732098311047,,3.577831983566284,1197,238,True
S02,0,dino_full_ema,0.010101010101010102,0.007054673721340388,-0.014674927188301073,-0.05979864550268231,0.03249111462841418,0.6507654156553132,0.29640431319191485,0.29424374495148925,0.5494809525808018,0.0,0.18907563025210083,0.8029197080291971,927,32,197,41,0.5616438356164384,0.1722689075630252,0.26366559485530544,0.9666319082377477,0.03336809176225235,0.808688387635756,0.5694504079003865,0.23166370242225287,934,25,198,40,0.6153846153846154,0.16806722689075632,0.264026402640264,0.9739311783107404,0.026068821689259645,0.8137009189640768,0.5709992026007483,0.25009289691756126,8,1,3,2,0.3333333333333333,0.125,0.18181818181818182,9.0,36.0,2.886002886002886,693,"Sampled-label overlap, no point adjustment; delays among detected events only; no original-FPS seconds.",0.34090909090909094,0.36627679810729347,,3.269606288902764,1197,238,True
S02,0,dino_state_pca,0.010101010101010102,0.007054673721340388,0.002131946384906769,0.0016228854656219482,0.0024318844079971313,0.642366435625345,0.2797646645600492,0.27760681174246166,0.5320433205937004,0.0,0.13025210084033614,0.8779979144942649,893,66,198,40,0.37735849056603776,0.16806722689075632,0.23255813953488375,0.9311783107403545,0.06882168925964546,0.7794486215538847,0.5496227688155554,0.13942590203947267,911,48,202,36,0.42857142857142855,0.15126050420168066,0.2236024844720497,0.9499478623566214,0.05005213764337852,0.7911445279866333,0.5506041832791511,0.15813462483563662,8,1,8,6,0.25,0.125,0.16666666666666666,2.0,8.0,8.658008658008658,693,"Sampled-label overlap, no point adjustment; delays among detected events only; no original-FPS seconds.",0.3068181818181818,0.3488797751955647,,0.03443855047225952,1197,238,True
S02,1,dino_global_pca,0.010101010101010102,0.007054673721340388,0.0020601004362106323,0.001669079065322876,0.0021802857518196106,0.5769972222465629,0.2598385601775081,0.2578107355158994,0.54257000533598,0.0,0.18067226890756302,0.9635036496350365,925,34,206,32,0.48484848484848486,0.13445378151260504,0.21052631578947367,0.9645464025026069,0.035453597497393116,0.7994987468671679,0.549500092007606,0.17311333127259299,933,26,213,25,0.49019607843137253,0.10504201680672269,0.17301038062283736,0.97288842544317,0.027111574556830033,0.8003341687552213,0.5389652211249464,0.15400241314762816,8,1,5,2,0.6,0.125,0.20689655172413793,8.0,32.0,2.886002886002886,693,"Sampled-label overlap, no point adjustment; delays among detected events only; no original-FPS seconds.",0.2727272727272727,0.34583625009321606,,0.027876120060682297,1197,238,True
S02,1,visual_state_transition,0.001443001443001443,0.0,0.0,0.0,0.0,0.4985519755347395,0.19907259517434064,0.19384615331240615,0.4987567286195727,0.004201680672268907,0.03361344537815126,1.0,951,8,237,1,0.1111111111111111,0.004201680672268907,0.008097165991902834,0.9916579770594369,0.008342022940563087,0.7953216374269005,0.4979298288658529,-0.019129541079040226,959,0,238,0,0.0,0.0,0.0,1.0,0.0,0.8011695906432749,0.5,0.0,8,0,0,0,0.0,0.0,0.0,,,0.0,693,"Sampled-label overlap, no point adjustment; delays among detected events only; no original-FPS seconds.",0.48863636363636365,0.4913461538461538,,3.035290241241455,1197,238,True
S02,1,dino_frame_plain_ae,0.010101010101010102,0.007054673721340388,0.0850929468870163,0.0668635219335556,0.09109757840633392,0.5882659633196344,0.25862786644443475,0.2566122648899239,0.5390418941299148,0.0,0.16806722689075632,0.9395203336809176,921,38,202,36,0.4864864864864865,0.15126050420168066,0.23076923076923075,0.9603753910323254,0.03962460896767466,0.7994987468671679,0.555817947617003,0.18501029837474117,931,28,208,30,0.5172413793103449,0.12605042016806722,0.2027027027027027,0.9708029197080292,0.029197080291970802,0.8028404344193818,0.5484266699380482,0.18002653587973072,8,1,8,4,0.5,0.125,0.2,2.0,8.0,5.772005772005772,693,"Sampled-label overlap, no point adjustment; delays among detected events only; no original-FPS seconds.",0.2840909090909091,0.3498426603496263,,0.8268179893493652,1197,238,True
S02,1,dino_frame_denoising_ae,0.010101010101010102,0.003527336860670194,0.05447882041335106,0.04175907373428345,0.058993056416511536,0.6036137082570254,0.26923663546124005,0.2671889526884812,0.542706056683142,0.0,0.18067226890756302,0.9426485922836287,927,32,210,28,0.4666666666666667,0.11764705882352941,0.1879194630872483,0.9666319082377477,0.03336809176225235,0.797827903091061,0.5421394835306386,0.15415624702199476,933,26,215,23,0.46938775510204084,0.09663865546218488,0.1602787456445993,0.97288842544317,0.027111574556830033,0.7986633249791144,0.5347635404526775,0.1400498970725782,8,1,7,3,0.5714285714285714,0.125,0.20512820512820512,8.0,32.0,4.329004329004329,693,"Sampled-label overlap, no point adjustment; delays among detected events only; no original-FPS seconds.",0.3068181818181818,0.3557250132908028,,0.8619481921195984,1197,238,True
S02,1,dino_frame_forecast,0.010101010101010102,0.008818342151675485,0.12765853106975555,0.10486074537038803,0.17188748717308044,0.6175419072738584,0.2725810892819808,0.2709184626053003,0.5358919595498591,0.0,0.15546218487394958,1.0,924,35,206,32,0.47761194029850745,0.13445378151260504,0.20983606557377046,0.9635036496350365,0.0364963503649635,0.7986633249791144,0.5489787155738208,0.1700820753956022,934,25,210,28,0.5283018867924528,0.11764705882352941,0.1924398625429553,0.9739311783107404,0.026068821689259645,0.8036758563074352,0.5457891185671349,0.17768023267691416,8,1,6,3,0.5,0.125,0.2,10.0,40.0,4.329004329004329,693,"Sampled-label overlap, no point adjustment; delays among detected events only; no original-FPS seconds.",0.36363636363636365,0.37120420429243955,,1.2575269937515259,1197,238,True
S02,1,dino_spatiotemporal,0.010101010101010102,0.005291005291005291,0.0021068481728434563,-0.07057905197143555,0.06985380500555038,0.6325479096748189,0.2765097382930891,0.27446632668493826,0.5388366641316534,0.0,0.16806722689075632,0.8248175182481752,926,33,210,28,0.45901639344262296,0.11764705882352941,0.18729096989966557,0.9655891553701773,0.03441084462982273,0.7969924812030075,0.5416181070968533,0.1510622740052161,933,26,213,25,0.49019607843137253,0.10504201680672269,0.17301038062283736,0.97288842544317,0.027111574556830033,0.8003341687552213,0.5389652211249464,0.15400241314762816,8,1,6,3,0.5,0.125,0.2,9.0,36.0,4.329004329004329,693,"Sampled-label overlap, no point adjustment; delays among detected events only; no original-FPS seconds.",0.34090909090909094,0.3590770432053327,,4.259492874145508,1197,238,True
S02,1,dino_visual_state,0.010101010101010102,0.003527336860670194,0.01891675777733326,-0.062424059957265854,0.04390449821949005,0.6035874203696077,0.269283973588623,0.2672357023173164,0.542659937582409,0.0,0.18067226890756302,0.9457768508863399,927,32,209,29,0.47540983606557374,0.12184873949579832,0.19397993311036787,0.9666319082377477,0.03336809176225235,0.7986633249791144,0.544240323866773,0.1605801991544025,933,26,215,23,0.46938775510204084,0.09663865546218488,0.1602787456445993,0.97288842544317,0.027111574556830033,0.7986633249791144,0.5347635404526775,0.1400498970725782,8,1,7,3,0.5714285714285714,0.125,0.20512820512820512,8.0,32.0,4.329004329004329,693,"Sampled-label overlap, no point adjustment; delays among detected events only; no original-FPS seconds.",0.3295454545454546,0.36215591898641436,,4.116722106933594,1197,238,True
S02,1,dino_full,0.010101010101010102,0.007054673721340388,0.02695057913661003,-0.05392128974199295,0.084021657705307,0.6331832002874141,0.27664502932571233,0.2745992208101099,0.5385368899768898,0.0,0.16806722689075632,0.8227320125130344,926,33,207,31,0.484375,0.13025210084033614,0.2052980132450331,0.9655891553701773,0.03441084462982273,0.7994987468671679,0.5479206281052568,0.17003774532638952,933,26,212,26,0.5,0.1092436974789916,0.1793103448275862,0.97288842544317,0.027111574556830033,0.8011695906432749,0.5410660614610808,0.16080754265869954,8,1,6,3,0.5,0.125,0.2,9.0,36.0,4.329004329004329,693,"Sampled-label overlap, no point adjustment; delays among detected events only; no original-FPS seconds.",0.34090909090909094,0.3590770432053327,,3.8005166053771973,1197,238,True
S02,1,dino_full_ema,0.010101010101010102,0.003527336860670194,-0.008859483521399935,-0.057206318632745695,0.04758522808330498,0.6502221326486799,0.2911261930350519,0.2890262042015169,0.5461142582273016,0.0,0.18487394957983194,0.794577685088634,929,30,198,40,0.5714285714285714,0.16806722689075632,0.2597402597402597,0.9687174139728885,0.03128258602711158,0.8095238095238095,0.5683923204318224,0.2326612936725141,935,24,199,39,0.6190476190476191,0.1638655462184874,0.25913621262458475,0.9749739311783108,0.02502606882168926,0.8137009189640768,0.5694197386983991,0.24816123991669703,8,1,3,2,0.3333333333333333,0.125,0.18181818181818182,9.0,36.0,2.886002886002886,693,"Sampled-label overlap, no point adjustment; delays among detected events only; no original-FPS seconds.",0.375,0.37730620987199937,,3.4405026944579187,1197,238,True
S02,1,dino_state_pca,0.010101010101010102,0.007054673721340388,0.002131946384906769,0.0016228854656219482,0.0024318844079971313,0.642366435625345,0.2797646645600492,0.27760681174246166,0.5320433205937004,0.0,0.13025210084033614,0.8779979144942649,893,66,198,40,0.37735849056603776,0.16806722689075632,0.23255813953488375,0.9311783107403545,0.06882168925964546,0.7794486215538847,0.5496227688155554,0.13942590203947267,911,48,202,36,0.42857142857142855,0.15126050420168066,0.2236024844720497,0.9499478623566214,0.05005213764337852,0.7911445279866333,0.5506041832791511,0.15813462483563662,8,1,8,6,0.25,0.125,0.16666666666666666,2.0,8.0,8.658008658008658,693,"Sampled-label overlap, no point adjustment; delays among detected events only; no original-FPS seconds.",0.3068181818181818,0.3488797751955647,,0.03443855047225952,1197,238,True
S02,2,dino_global_pca,0.010101010101010102,0.007054673721340388,0.0020601004362106323,0.001669079065322876,0.0021802857518196106,0.5769972222465629,0.2598385601775081,0.2578107355158994,0.54257000533598,0.0,0.18067226890756302,0.9635036496350365,925,34,206,32,0.48484848484848486,0.13445378151260504,0.21052631578947367,0.9645464025026069,0.035453597497393116,0.7994987468671679,0.549500092007606,0.17311333127259299,933,26,213,25,0.49019607843137253,0.10504201680672269,0.17301038062283736,0.97288842544317,0.027111574556830033,0.8003341687552213,0.5389652211249464,0.15400241314762816,8,1,5,2,0.6,0.125,0.20689655172413793,8.0,32.0,2.886002886002886,693,"Sampled-label overlap, no point adjustment; delays among detected events only; no original-FPS seconds.",0.2727272727272727,0.34583625009321606,,0.027876120060682297,1197,238,True
S02,2,visual_state_transition,0.001443001443001443,0.0,0.0,0.0,0.0,0.4985519755347395,0.19907259517434064,0.19384615331240615,0.4987567286195727,0.004201680672268907,0.03361344537815126,1.0,951,8,237,1,0.1111111111111111,0.004201680672268907,0.008097165991902834,0.9916579770594369,0.008342022940563087,0.7953216374269005,0.4979298288658529,-0.019129541079040226,959,0,238,0,0.0,0.0,0.0,1.0,0.0,0.8011695906432749,0.5,0.0,8,0,0,0,0.0,0.0,0.0,,,0.0,693,"Sampled-label overlap, no point adjustment; delays among detected events only; no original-FPS seconds.",0.48863636363636365,0.4913461538461538,,3.035290241241455,1197,238,True
S02,2,dino_frame_plain_ae,0.010101010101010102,0.003527336860670194,0.08311811834573746,0.06694461405277252,0.09112780541181564,0.5903427064256359,0.2604489471482605,0.258419290197864,0.5396414424394421,0.0,0.17647058823529413,0.9645464025026069,922,37,205,33,0.4714285714285714,0.13865546218487396,0.21428571428571427,0.9614181438998958,0.03858185610010428,0.797827903091061,0.5500368030423849,0.1702183410882093,932,27,213,25,0.4807692307692308,0.10504201680672269,0.17241379310344826,0.9718456725755996,0.028154327424400417,0.7994987468671679,0.5384438446911611,0.15053939859796855,8,1,7,3,0.5714285714285714,0.125,0.20512820512820512,8.0,32.0,4.329004329004329,693,"Sampled-label overlap, no point adjustment; delays among detected events only; no original-FPS seconds.",0.2840909090909091,0.3498426603496263,,0.9169802069664001,1197,238,True
S02,2,dino_frame_denoising_ae,0.010101010101010102,0.005291005291005291,0.056802503764629364,0.044591307640075684,0.06009095162153244,0.6006607022370991,0.26885391150408744,0.26685711679412705,0.5432133667912036,0.0,0.18907563025210083,0.9457768508863399,926,33,205,33,0.5,0.13865546218487396,0.21710526315789477,0.9655891553701773,0.03441084462982273,0.8011695906432749,0.5521223087775257,0.18228383302216342,932,27,210,28,0.509090909090909,0.11764705882352941,0.1911262798634812,0.9718456725755996,0.028154327424400417,0.8020050125313283,0.5447463656995645,0.17059690535446356,8,1,6,3,0.5,0.125,0.2,8.0,32.0,4.329004329004329,693,"Sampled-label overlap, no point adjustment; delays among detected events only; no original-FPS seconds.",0.2840909090909091,0.3498426603496263,,0.8176385164260864,1197,238,True
S02,2,dino_frame_forecast,0.010101010101010102,0.008818342151675485,0.1293783187866211,0.09913846105337143,0.16490313410758972,0.6159733966579333,0.2802500384887006,0.27854061123251306,0.5423486336524621,0.0,0.16806722689075632,1.0,911,48,198,40,0.45454545454545453,0.16806722689075632,0.245398773006135,0.9499478623566214,0.05005213764337852,0.7944862155388471,0.5590075446236888,0.18047963837648648,926,33,199,39,0.5416666666666666,0.1638655462184874,0.25161290322580643,0.9655891553701773,0.03441084462982273,0.8061821219715957,0.5647273507943323,0.21730669195493832,8,1,5,4,0.2,0.125,0.15384615384615385,10.0,40.0,5.772005772005772,693,"Sampled-label overlap, no point adjustment; delays among detected events only; no original-FPS seconds.",0.38636363636363635,0.3791578825586179,,1.135474681854248,1197,238,True
S02,2,dino_spatiotemporal,0.010101010101010102,0.008818342151675485,-0.0015049520879983902,-0.07048876583576202,0.062198229134082794,0.6295423278800572,0.2782700107395375,0.2762267762259343,0.5418782188249868,0.0,0.18487394957983194,0.8738269030239834,924,35,202,36,0.5070422535211268,0.15126050420168066,0.23300970873786406,0.9635036496350365,0.0364963503649635,0.8020050125313283,0.5573820769183586,0.19391244014563974,932,27,204,34,0.5573770491803278,0.14285714285714285,0.2274247491638796,0.9718456725755996,0.028154327424400417,0.8070175438596491,0.5573514077163713,0.20816982490033462,8,1,5,3,0.4,0.125,0.19047619047619047,8.0,32.0,4.329004329004329,693,"Sampled-label overlap, no point adjustment; delays among detected events only; no original-FPS seconds.",0.32954545454545453,0.36341732098311047,,4.023764133453369,1197,238,True
S02,2,dino_visual_state,0.010101010101010102,0.005291005291005291,0.0207627322524786,-0.05173984915018082,0.04575309157371521,0.6009849195152513,0.26913585929179906,0.26713836507135874,0.5433056049926693,0.0,0.18907563025210083,0.948905109489051,926,33,204,34,0.5074626865671642,0.14285714285714285,0.2229508196721311,0.9655891553701773,0.03441084462982273,0.8020050125313283,0.5542231491136601,0.18829374408229474,932,27,210,28,0.509090909090909,0.11764705882352941,0.1911262798634812,0.9718456725755996,0.028154327424400417,0.8020050125313283,0.5447463656995645,0.17059690535446356,8,1,6,3,0.5,0.125,0.2,8.0,32.0,4.329004329004329,693,"Sampled-label overlap, no point adjustment; delays among detected events only; no original-FPS seconds.",0.3181818181818182,0.35929644186223136,,3.904257297515869,1197,238,True
S02,2,dino_full,0.010101010101010102,0.008818342151675485,0.015337341465055943,-0.05418872833251953,0.07009324431419373,0.6302345755820575,0.27853320920416996,0.27649034299026654,0.5418782188249868,0.0,0.18067226890756302,0.867570385818561,924,35,201,37,0.5138888888888888,0.15546218487394958,0.23870967741935484,0.9635036496350365,0.0364963503649635,0.8028404344193818,0.5594829172544931,0.19969975316114802,932,27,199,39,0.5909090909090909,0.1638655462184874,0.2565789473684211,0.9718456725755996,0.028154327424400417,0.8111946532999165,0.5678556093970435,0.23730684351958609,8,1,4,3,0.25,0.125,0.16666666666666666,8.0,32.0,4.329004329004329,693,"Sampled-label overlap, no point adjustment; delays among detected events only; no original-FPS seconds.",0.3522727272727273,0.36949370987199937,,3.573552370071411,1197,238,True
S02,2,dino_full_ema,0.010101010101010102,0.008818342151675485,-0.008833238497431754,-0.06062138662051589,0.029288719433718875,0.6480139501055897,0.2936551184521653,0.29154956648241637,0.5503341559443601,0.0,0.19747899159663865,0.8060479666319083,928,31,197,41,0.5694444444444444,0.1722689075630252,0.2645161290322581,0.9676746611053181,0.03232533889468196,0.8095238095238095,0.5699717843341716,0.23491363074872865,934,25,198,40,0.6153846153846154,0.16806722689075632,0.264026402640264,0.9739311783107404,0.026068821689259645,0.8137009189640768,0.5709992026007483,0.25009289691756126,8,1,3,2,0.3333333333333333,0.125,0.18181818181818182,9.0,36.0,2.886002886002886,693,"Sampled-label overlap, no point adjustment; delays among detected events only; no original-FPS seconds.",0.375,0.37730620987199937,,3.248086180443999,1197,238,True
S02,2,dino_state_pca,0.010101010101010102,0.007054673721340388,0.002131946384906769,0.0016228854656219482,0.0024318844079971313,0.642366435625345,0.2797646645600492,0.27760681174246166,0.5320433205937004,0.0,0.13025210084033614,0.8779979144942649,893,66,198,40,0.37735849056603776,0.16806722689075632,0.23255813953488375,0.9311783107403545,0.06882168925964546,0.7794486215538847,0.5496227688155554,0.13942590203947267,911,48,202,36,0.42857142857142855,0.15126050420168066,0.2236024844720497,0.9499478623566214,0.05005213764337852,0.7911445279866333,0.5506041832791511,0.15813462483563662,8,1,8,6,0.25,0.125,0.16666666666666666,2.0,8.0,8.658008658008658,693,"Sampled-label overlap, no point adjustment; delays among detected events only; no original-FPS seconds.",0.3068181818181818,0.3488797751955647,,0.03443855047225952,1197,238,True
S03,0,dino_global_pca,0.010101010101010102,0.001610305958132045,0.002333730459213257,0.0020101219415664673,0.0041585639119148254,0.827414530710683,0.4868425414491976,0.48582021542395215,0.5156064897953144,0.015841584158415842,0.03861386138613861,0.3568251796099897,2776,147,971,39,0.20967741935483872,0.03861386138613861,0.06521739130434782,0.9497092028737598,0.05029079712624016,0.7157386219171116,0.49416153212994923,-0.02403287159875496,2798,125,984,26,0.17218543046357615,0.02574257425742574,0.044788975021533166,0.9572357167293876,0.04276428327061239,0.7180269514365624,0.49148914549340667,-0.038701608969721704,10,3,7,4,0.42857142857142855,0.3,0.3529411764705882,22.0,88.0,2.147074610842727,1863,"Sampled-label overlap, no point adjustment; delays among detected events only; no original-FPS seconds.",0.5666666666666667,0.6077209340367234,,0.014585241675376892,3933,1010,True
S03,0,visual_state_transition,0.004391743522178305,0.003757380568974772,0.0,0.0,0.0,0.5016001463300623,0.2591239776151529,0.28102629313274574,0.5016204298513405,0.013861386138613862,0.016831683168316833,1.0,2916,7,1005,5,0.4166666666666667,0.0049504950495049506,0.009784735812133074,0.9976052001368457,0.0023947998631542937,0.7426900584795322,0.5012778475931753,0.02024394297918636,2923,0,1010,0,0.0,0.0,0.0,1.0,0.0,0.7431985761505212,0.5,0.0,10,0,0,0,0.0,0.0,0.0,,,0.0,1863,"Sampled-label overlap, no point adjustment; delays among detected events only; no original-FPS seconds.",0.6666666666666666,0.6448717948717949,,4.164350509643555,3933,1010,True
S03,0,dino_frame_plain_ae,0.010101010101010102,0.0021470746108427268,0.09068615734577179,0.07158687710762024,0.16998037695884705,0.8417223590302924,0.5205427749040871,0.5197176985962675,0.536119261853261,0.016831683168316833,0.08613861386138613,0.4023263770099213,2787,136,934,76,0.3584905660377358,0.07524752475247524,0.1243862520458265,0.9534724598015737,0.046527540198426275,0.7279430460208492,0.5143599922770244,0.05555990968429475,2822,101,956,54,0.34838709677419355,0.053465346534653464,0.0927038626609442,0.9654464591173452,0.034553540882654804,0.7312484108822782,0.5094559028259993,0.04246305780077894,10,4,15,9,0.4,0.4,0.4000000000000001,21.0,84.0,4.294149221685454,1863,"Sampled-label overlap, no point adjustment; delays among detected events only; no original-FPS seconds.",0.5777777777777778,0.5718082356240252,,0.5485092997550964,3933,1010,True
S03,0,dino_frame_denoising_ae,0.010101010101010102,0.007514761137949544,0.05242195725440979,0.04249299690127373,0.11673792451620102,0.8527130338760869,0.5349724792324859,0.5340991560400572,0.5406048986698191,0.015841584158415842,0.08316831683168317,0.4125898049948683,2765,158,911,99,0.3852140077821012,0.09801980198019802,0.15627466456195738,0.9459459459459459,0.05405405405405406,0.7281973048563437,0.521982873963072,0.0777204393771568,2793,130,926,84,0.3925233644859813,0.08316831683168317,0.1372549019607843,0.9555251453985631,0.04447485460143688,0.7315026697177727,0.5193467311151232,0.07452340850442218,10,4,20,12,0.4,0.4,0.4000000000000001,19.0,76.0,4.294149221685454,1863,"Sampled-label overlap, no point adjustment; delays among detected events only; no original-FPS seconds.",0.5555555555555556,0.5577209340367235,,0.3992694914340973,3933,1010,True
S03,0,dino_frame_forecast,0.010101010101010102,0.004830917874396135,0.1375272572040558,0.11722397059202194,0.2601599395275116,0.8341325032263747,0.531756758548788,0.5309908042588019,0.5612474566505212,0.019801980198019802,0.15742574257425743,0.4700650017105713,2779,144,855,155,0.5183946488294314,0.15346534653465346,0.23682200152788388,0.9507355456722545,0.04926445432774547,0.7459954233409611,0.552100446103454,0.17175859405711036,2814,109,909,101,0.48095238095238096,0.1,0.16557377049180327,0.962709544988026,0.037290455011974,0.741164505466565,0.531354772494013,0.12185758830166948,10,7,26,12,0.5384615384615384,0.7,0.608695652173913,42.0,168.0,4.830917874396135,1863,"Sampled-label overlap, no point adjustment; delays among detected events only; no original-FPS seconds.",0.5888888888888889,0.6218082356240251,,0.8306200504302979,3933,1010,True
S03,0,dino_fewshot3_denoising_ae,0.010101010101010102,0.0,0.21086309850215912,0.19923381507396698,0.2373899221420288,0.8156027816260929,0.48451085002533334,0.48383302036321735,0.5306889332720297,0.005940594059405941,0.07722772277227723,0.481354772494013,2883,40,1001,9,0.1836734693877551,0.00891089108910891,0.016997167138810197,0.986315429353404,0.013684570646595963,0.7353165522501907,0.49761316022125646,-0.018801422407353635,2896,27,1001,9,0.25,0.00891089108910891,0.017208413001912042,0.9907629148135477,0.009237085186452275,0.7386219171116196,0.4998369029513283,-0.0014963553449743841,10,1,3,2,0.3333333333333333,0.1,0.15384615384615383,8.0,32.0,1.0735373054213635,1863,"Sampled-label overlap, no point adjustment; delays among detected events only; no original-FPS seconds.",0.6333333333333333,0.5947069597069597,,0.8483800888061523,3933,1010,True
S03,0,dino_spatiotemporal,0.010101010101010102,0.005904455179817499,0.008786400780081749,-0.09954002499580383,0.730100154876709,0.8513144301087653,0.533578481946506,0.5326358881641332,0.542498739133326,0.015841584158415842,0.0891089108910891,0.3715360930550804,2770,153,915,95,0.38306451612903225,0.09405940594059406,0.151033386327504,0.9476565172767705,0.052343482723229556,0.7284515636918383,0.5208579616086823,0.07497774376762315,2795,128,941,69,0.350253807106599,0.06831683168316832,0.1143330571665286,0.9562093739308929,0.04379062606910708,0.7281973048563437,0.5122631028070306,0.04912119374886463,10,4,21,12,0.42857142857142855,0.4,0.4137931034482759,17.5,70.0,4.294149221685454,1863,"Sampled-label overlap, no point adjustment; delays among detected events only; no original-FPS seconds.",0.5555555555555556,0.5577209340367235,,3.90545392036438,3933,1010,True
S03,0,dino_visual_state,0.010101010101010102,0.008051529790660225,0.008322152309119701,-0.09303510934114456,0.6872592568397522,0.8523536445331157,0.5347240218163076,0.5338506163500673,0.5407641003580345,0.015841584158415842,0.08415841584158416,0.4149846048580226,2762,161,909,101,0.38549618320610685,0.1,0.15880503144654087,0.9449196031474513,0.05508039685254875,0.7279430460208492,0.5224598015737256,0.0786988103483584,2789,134,920,90,0.4017857142857143,0.0891089108910891,0.14586709886547813,0.9541566883339035,0.045843311666096474,0.7320111873887618,0.5216327996124963,0.08155777924662425,10,4,19,11,0.42105263157894735,0.4,0.41025641025641024,19.0,76.0,3.757380568974772,1863,"Sampled-label overlap, no point adjustment; delays among detected events only; no original-FPS seconds.",0.5555555555555556,0.5577209340367235,,3.6782424449920654,3933,1010,True
S03,0,dino_full,0.010101010101010102,0.005904455179817499,0.014211534522473812,-0.0741647332906723,0.6595027446746826,0.8504327237376492,0.5329832387450336,0.5320295578081776,0.5429955981535457,0.015841584158415842,0.09207920792079208,0.379746835443038,2778,145,917,93,0.3907563025210084,0.09207920792079208,0.14903846153846154,0.9503934314060897,0.04960656859391037,0.7299771167048055,0.5212363196634409,0.07781953731950826,2801,122,943,67,0.3544973544973545,0.06633663366336634,0.11175979983319433,0.9582620595278823,0.041737940472117686,0.7292143401983219,0.5122993465956244,0.05024447448346508,10,4,19,11,0.42105263157894735,0.4,0.41025641025641024,17.5,70.0,4.294149221685454,1863,"Sampled-label overlap, no point adjustment; delays among detected events only; no original-FPS seconds.",0.5555555555555556,0.5577209340367235,,3.5232455730438232,3933,1010,True
S03,0,dino_full_ema,0.010101010101010102,0.005367686527106817,0.03154343140287418,-0.06217941369948024,0.6521667986385873,0.853135426440352,0.5345344144265953,0.5336844155849214,0.5389134030172018,0.01881188118811881,0.08613861386138613,0.3667464933287718,2774,149,923,87,0.3686440677966102,0.08613861386138613,0.13964686998394865,0.9490249743414301,0.05097502565856996,0.7274345283498601,0.5175817941014081,0.06468261260364105,2795,128,932,78,0.3786407766990291,0.07722772277227723,0.1282894736842105,0.9562093739308929,0.04379062606910708,0.7304856343757946,0.516718548351585,0.06556776032659689,10,4,16,10,0.375,0.4,0.38709677419354843,17.5,70.0,3.757380568974772,1863,"Sampled-label overlap, no point adjustment; delays among detected events only; no original-FPS seconds.",0.5555555555555556,0.5577209340367235,,3.4905566608239376,3933,1010,True
S03,0,dino_state_pca,0.010101010101010102,0.013955984970477724,0.002063170075416565,0.0014478713274002075,0.0060420408844947815,0.8466008745931042,0.5199052472702257,0.5192481385558405,0.5334493800137167,0.005940594059405941,0.07821782178217822,0.3653780362641122,2726,197,854,156,0.44192634560906513,0.15445544554455445,0.2289068231841526,0.9326034895655149,0.06739651043448512,0.7327739638952454,0.5435294675550346,0.133063695043191,2757,166,897,113,0.4050179211469534,0.11188118811881188,0.17532971295577965,0.9432090318166267,0.056790968183373244,0.7297228578693109,0.5275451099677193,0.09374826254857506,10,5,22,10,0.5454545454545454,0.5,0.5217391304347826,28.0,112.0,3.757380568974772,1863,"Sampled-label overlap, no point adjustment; delays among detected events only; no original-FPS seconds.",0.5222222222222223,0.527244743560533,,0.021350065246224403,3933,1010,True
S03,1,dino_global_pca,0.010101010101010102,0.001610305958132045,0.002333730459213257,0.0020101219415664673,0.0041585639119148254,0.827414530710683,0.4868425414491976,0.48582021542395215,0.5156064897953144,0.015841584158415842,0.03861386138613861,0.3568251796099897,2776,147,971,39,0.20967741935483872,0.03861386138613861,0.06521739130434782,0.9497092028737598,0.05029079712624016,0.7157386219171116,0.49416153212994923,-0.02403287159875496,2798,125,984,26,0.17218543046357615,0.02574257425742574,0.044788975021533166,0.9572357167293876,0.04276428327061239,0.7180269514365624,0.49148914549340667,-0.038701608969721704,10,3,7,4,0.42857142857142855,0.3,0.3529411764705882,22.0,88.0,2.147074610842727,1863,"Sampled-label overlap, no point adjustment; delays among detected events only; no original-FPS seconds.",0.5666666666666667,0.6077209340367234,,0.014585241675376892,3933,1010,True
S03,1,visual_state_transition,0.004391743522178305,0.003757380568974772,0.0,0.0,0.0,0.5016001463300623,0.2591239776151529,0.28102629313274574,0.5016204298513405,0.013861386138613862,0.016831683168316833,1.0,2916,7,1005,5,0.4166666666666667,0.0049504950495049506,0.009784735812133074,0.9976052001368457,0.0023947998631542937,0.7426900584795322,0.5012778475931753,0.02024394297918636,2923,0,1010,0,0.0,0.0,0.0,1.0,0.0,0.7431985761505212,0.5,0.0,10,0,0,0,0.0,0.0,0.0,,,0.0,1863,"Sampled-label overlap, no point adjustment; delays among detected events only; no original-FPS seconds.",0.6666666666666666,0.6448717948717949,,4.164350509643555,3933,1010,True
S03,1,dino_frame_plain_ae,0.010101010101010102,0.0021470746108427268,0.08857022225856781,0.07269556820392609,0.16560417413711548,0.8397089657648624,0.5159300780134599,0.5152165614698904,0.5288771003970771,0.019801980198019802,0.07425742574257425,0.39343140608963395,2769,154,927,83,0.350210970464135,0.08217821782178218,0.13311948676824378,0.9473144030106055,0.052685596989394456,0.7251461988304093,0.5147463104161939,0.05414374700308092,2796,127,952,58,0.31351351351351353,0.05742574257425743,0.09707112970711299,0.9565514881970578,0.04344851180294218,0.7256547165013985,0.5069886153856576,0.028841017291114854,10,5,22,12,0.45454545454545453,0.5,0.47619047619047616,27.0,108.0,4.830917874396135,1863,"Sampled-label overlap, no point adjustment; delays among detected events only; no original-FPS seconds.",0.5888888888888889,0.6218082356240251,,0.5360408425331116,3933,1010,True
S03,1,dino_frame_denoising_ae,0.010101010101010102,0.0026838432635534087,0.052884526550769806,0.04322414845228195,0.11746778339147568,0.8627783065682552,0.5633330527453639,0.5626722400146307,0.5552903184515113,0.02574257425742574,0.12475247524752475,0.3359562093739309,2768,155,877,133,0.4618055555555556,0.1316831683168317,0.20493066255778122,0.9469722887444406,0.05302771125555936,0.7376048817696415,0.5393277285306362,0.13190429693420733,2805,118,906,104,0.46846846846846846,0.10297029702970296,0.16883116883116883,0.959630516592542,0.04036948340745809,0.7396389524535978,0.5313004068111224,0.1185040267711395,10,6,26,15,0.4230769230769231,0.6,0.4962406015037594,28.5,114.0,6.977992485238862,1863,"Sampled-label overlap, no point adjustment; delays among detected events only; no original-FPS seconds.",0.5888888888888889,0.6218082356240251,,0.3986784815788269,3933,1010,True
S03,1,dino_frame_forecast,0.010101010101010102,0.012345679012345678,0.14118383824825287,0.11710527539253235,0.2763589918613434,0.8381044159838495,0.5533825039957682,0.5528685240294609,0.5715101715260026,0.0297029702970297,0.1891089108910891,0.46219637358877863,2724,199,750,260,0.5664488017429193,0.25742574257425743,0.35398230088495575,0.9319192610331851,0.06808073896681492,0.7587083651156877,0.5946725018037213,0.25763668014679236,2756,167,790,220,0.5684754521963824,0.21782178217821782,0.31496062992125984,0.9428669175504618,0.057133082449538145,0.7566742944317315,0.5803443498643398,0.23568697532339228,10,8,39,18,0.5384615384615384,0.8,0.6436781609195402,26.0,104.0,7.514761137949544,1863,"Sampled-label overlap, no point adjustment; delays among detected events only; no original-FPS seconds.",0.5888888888888889,0.6343876007033902,,0.7714094519615173,3933,1010,True
S03,1,dino_spatiotemporal,0.010101010101010102,0.0042941492216854536,0.010836075991392136,-0.10554754734039307,0.7442669868469238,0.8590082751005171,0.5611228892726742,0.5605316584871253,0.5565703499424253,0.023762376237623763,0.13564356435643565,0.36058843653780365,2740,183,833,177,0.49166666666666664,0.17524752475247524,0.2583941605839416,0.9373930892918235,0.06260691070817653,0.741673023137554,0.5563203070221494,0.17064844899756818,2769,154,858,152,0.49673202614379086,0.1504950495049505,0.2310030395136778,0.9473144030106055,0.052685596989394456,0.7426900584795322,0.548904726257778,0.15952231058428964,10,6,23,13,0.43478260869565216,0.6,0.5042016806722689,37.0,148.0,5.904455179817499,1863,"Sampled-label overlap, no point adjustment; delays among detected events only; no original-FPS seconds.",0.5777777777777777,0.6148637911795807,,3.6836206912994385,3933,1010,True
S03,1,dino_visual_state,0.010101010101010102,0.0026838432635534087,0.003711135359480977,-0.09447452425956726,0.6960319876670837,0.8623545590960054,0.5628453156787372,0.5621848031721149,0.5547706399283896,0.024752475247524754,0.12475247524752475,0.3400615805679097,2764,159,875,135,0.45918367346938777,0.13366336633663367,0.20705521472392638,0.945603831679781,0.05439616832021895,0.7370963640986524,0.5396335990082073,0.13167517624887612,2800,123,906,104,0.4581497797356828,0.10297029702970296,0.1681487469684721,0.9579199452617174,0.042080054738282587,0.738367658276125,0.5304451211457102,0.11406624910341862,10,6,26,15,0.4230769230769231,0.6,0.4962406015037594,28.5,114.0,6.977992485238862,1863,"Sampled-label overlap, no point adjustment; delays among detected events only; no original-FPS seconds.",0.5888888888888889,0.6218082356240251,,3.7059195041656494,3933,1010,True
S03,1,dino_full,0.010101010101010102,0.005367686527106817,0.013827802613377571,-0.08390234410762787,0.6688805818557739,0.8580219020875742,0.5606476337468116,0.5600643571618035,0.5568110243870958,0.02178217821782178,0.13762376237623763,0.3657201505302771,2738,185,829,181,0.49453551912568305,0.1792079207920792,0.26308139534883723,0.9367088607594937,0.06329113924050633,0.7421815408085431,0.5579583907757865,0.17431281305498683,2765,158,858,152,0.49032258064516127,0.1504950495049505,0.23030303030303031,0.9459459459459459,0.05405405405405406,0.741673023137554,0.5482204977254482,0.15635859708061375,10,6,24,14,0.4166666666666667,0.6,0.49180327868852464,37.0,148.0,5.904455179817499,1863,"Sampled-label overlap, no point adjustment; delays among detected events only; no original-FPS seconds.",0.5777777777777777,0.6148637911795807,,3.2871155738830566,3933,1010,True
S03,1,dino_full_ema,0.010101010101010102,0.005904455179817499,0.029366127201730208,-0.06435637805222102,0.6266522664550234,0.8601643503385575,0.5618484974368788,0.5612651213395398,0.5541079829573968,0.020792079207920793,0.12178217821782178,0.35443037974683544,2717,206,815,195,0.486284289276808,0.19306930693069307,0.2763997165131113,0.9295244611700307,0.07047553882996921,0.7404017289600814,0.5612968840503619,0.17699498237636735,2728,195,838,172,0.46866485013623976,0.1702970297029703,0.2498184458968773,0.9332877180978447,0.06671228190215532,0.737350622934147,0.5517923739004075,0.15557764958405584,10,6,20,9,0.55,0.6,0.5739130434782609,16.5,66.0,3.2206119162640903,1863,"Sampled-label overlap, no point adjustment; delays among detected events only; no original-FPS seconds.",0.5888888888888889,0.6218082356240251,,3.1754473410949684,3933,1010,True
S03,1,dino_state_pca,0.010101010101010102,0.013955984970477724,0.002063170075416565,0.0014478713274002075,0.0060420408844947815,0.8466008745931042,0.5199052472702257,0.5192481385558405,0.5334493800137167,0.005940594059405941,0.07821782178217822,0.3653780362641122,2726,197,854,156,0.44192634560906513,0.15445544554455445,0.2289068231841526,0.9326034895655149,0.06739651043448512,0.7327739638952454,0.5435294675550346,0.133063695043191,2757,166,897,113,0.4050179211469534,0.11188118811881188,0.17532971295577965,0.9432090318166267,0.056790968183373244,0.7297228578693109,0.5275451099677193,0.09374826254857506,10,5,22,10,0.5454545454545454,0.5,0.5217391304347826,28.0,112.0,3.757380568974772,1863,"Sampled-label overlap, no point adjustment; delays among detected events only; no original-FPS seconds.",0.5222222222222223,0.527244743560533,,0.021350065246224403,3933,1010,True
S03,2,dino_global_pca,0.010101010101010102,0.001610305958132045,0.002333730459213257,0.0020101219415664673,0.0041585639119148254,0.827414530710683,0.4868425414491976,0.48582021542395215,0.5156064897953144,0.015841584158415842,0.03861386138613861,0.3568251796099897,2776,147,971,39,0.20967741935483872,0.03861386138613861,0.06521739130434782,0.9497092028737598,0.05029079712624016,0.7157386219171116,0.49416153212994923,-0.02403287159875496,2798,125,984,26,0.17218543046357615,0.02574257425742574,0.044788975021533166,0.9572357167293876,0.04276428327061239,0.7180269514365624,0.49148914549340667,-0.038701608969721704,10,3,7,4,0.42857142857142855,0.3,0.3529411764705882,22.0,88.0,2.147074610842727,1863,"Sampled-label overlap, no point adjustment; delays among detected events only; no original-FPS seconds.",0.5666666666666667,0.6077209340367234,,0.014585241675376892,3933,1010,True
S03,2,visual_state_transition,0.004391743522178305,0.003757380568974772,0.0,0.0,0.0,0.5016001463300623,0.2591239776151529,0.28102629313274574,0.5016204298513405,0.013861386138613862,0.016831683168316833,1.0,2916,7,1005,5,0.4166666666666667,0.0049504950495049506,0.009784735812133074,0.9976052001368457,0.0023947998631542937,0.7426900584795322,0.5012778475931753,0.02024394297918636,2923,0,1010,0,0.0,0.0,0.0,1.0,0.0,0.7431985761505212,0.5,0.0,10,0,0,0,0.0,0.0,0.0,,,0.0,1863,"Sampled-label overlap, no point adjustment; delays among detected events only; no original-FPS seconds.",0.6666666666666666,0.6448717948717949,,4.164350509643555,3933,1010,True
S03,2,dino_frame_plain_ae,0.010101010101010102,0.001610305958132045,0.08893900364637375,0.0732903927564621,0.16295138001441956,0.8298516714483627,0.4958977052271049,0.49499262604100647,0.5222683584237927,0.01782178217821782,0.05841584158415842,0.42387957577831,2815,108,968,42,0.28,0.041584158415841586,0.07241379310344828,0.9630516592541909,0.0369483407458091,0.726417493007882,0.5023179088350163,0.010573959457705872,2842,81,977,33,0.2894736842105263,0.032673267326732675,0.05871886120996441,0.9722887444406432,0.027711255559356825,0.7309941520467836,0.5024810058836879,0.012921282736391022,10,1,12,9,0.25,0.1,0.14285714285714288,5.0,20.0,4.830917874396135,1863,"Sampled-label overlap, no point adjustment; delays among detected events only; no original-FPS seconds.",0.5555555555555556,0.5577209340367235,,0.570915699005127,3933,1010,True
S03,2,dino_frame_denoising_ae,0.010101010101010102,0.008051529790660225,0.05213938280940056,0.041344787925481796,0.1142747700214386,0.8593442922807505,0.5501549810957396,0.549601235103472,0.5403173372777795,0.01881188118811881,0.08613861386138613,0.3311666096476223,2758,165,897,113,0.4064748201438849,0.11188118811881188,0.1754658385093168,0.9435511460827917,0.056448853917208344,0.7299771167048055,0.5277161671008018,0.09448702447037154,2779,144,913,97,0.4024896265560166,0.09603960396039604,0.15507593924860114,0.9507355456722545,0.04926445432774547,0.7312484108822782,0.5233875748163253,0.08520222036002155,10,6,22,12,0.45454545454545453,0.6,0.5172413793103449,17.5,70.0,5.367686527106818,1863,"Sampled-label overlap, no point adjustment; delays among detected events only; no original-FPS seconds.",0.5444444444444444,0.5939114102271996,,0.40773457288742065,3933,1010,True
S03,2,dino_frame_forecast,0.010101010101010102,0.001610305958132045,0.13702231645584106,0.11428610980510712,0.25955134630203247,0.8393610931397621,0.5599906016113929,0.5592135860370107,0.5884204928406483,0.0297029702970297,0.23564356435643563,0.433800889497092,2815,108,828,182,0.6275862068965518,0.1801980198019802,0.27999999999999997,0.9630516592541909,0.0369483407458091,0.7620137299771167,0.5716248395280855,0.23946396413430146,2845,78,855,155,0.6652360515021459,0.15346534653465346,0.24939662107803698,0.9733150872391378,0.02668491276086213,0.7627765064836003,0.5633902168868956,0.2346110727886264,10,7,22,8,0.6363636363636364,0.7,0.6666666666666666,22.0,88.0,3.757380568974772,1863,"Sampled-label overlap, no point adjustment; delays among detected events only; no original-FPS seconds.",0.5888888888888889,0.5950683088840985,,0.8438754677772522,3933,1010,True
S03,2,dino_spatiotemporal,0.010101010101010102,0.005904455179817499,0.014634141698479652,-0.10704797506332397,0.7255185842514038,0.8577104426145657,0.5515342667773541,0.5509509286045791,0.5485369935340582,0.01782178217821782,0.11485148514851486,0.34177215189873417,2770,153,884,126,0.45161290322580644,0.12475247524752475,0.19550038789759505,0.9476565172767705,0.052343482723229556,0.7363335875921688,0.5362044962621476,0.12322000620075009,2804,119,903,107,0.47345132743362833,0.10594059405940594,0.17313915857605178,0.959288402326377,0.04071159767362299,0.7401474701245868,0.5326144981928915,0.12244760034349428,10,5,22,12,0.45454545454545453,0.5,0.47619047619047616,16.0,64.0,5.367686527106818,1863,"Sampled-label overlap, no point adjustment; delays among detected events only; no original-FPS seconds.",0.5555555555555556,0.6005780768938663,,3.940915584564209,3933,1010,True
S03,2,dino_visual_state,0.010101010101010102,0.008051529790660225,0.007863488979637623,-0.10454805195331573,0.673114538192749,0.8590004843796046,0.5499313362046061,0.549381686889404,0.5400064215507385,0.01782178217821782,0.08811881188118811,0.3342456380431064,2758,165,894,116,0.4128113879003559,0.11485148514851486,0.17970565453137102,0.9435511460827917,0.056448853917208344,0.7307398932112891,0.5292013156156533,0.09905786517487085,2779,144,910,100,0.4098360655737705,0.09900990099009901,0.1594896331738437,0.9507355456722545,0.04926445432774547,0.7320111873887618,0.5248727233311767,0.0900905396773088,10,6,21,12,0.42857142857142855,0.6,0.5,17.5,70.0,5.367686527106818,1863,"Sampled-label overlap, no point adjustment; delays among detected events only; no original-FPS seconds.",0.5444444444444444,0.5939114102271996,,3.8153834342956543,3933,1010,True
S03,2,dino_full,0.010101010101010102,0.0042941492216854536,0.01566394418478012,-0.0839693546295166,0.657992959022522,0.856950847325581,0.5515124362220961,0.5509239538650621,0.5497323432759215,0.01782178217821782,0.12079207920792079,0.34929866575436197,2773,150,884,126,0.45652173913043476,0.12475247524752475,0.19595645412130638,0.9486828600752651,0.05131713992473486,0.7370963640986524,0.536717667661395,0.1255923410141919,2806,117,901,109,0.4823008849557522,0.10792079207920792,0.17637540453074432,0.9599726308587068,0.04002736914129319,0.741164505466565,0.5339467114689573,0.1274492507701002,10,5,21,12,0.42857142857142855,0.5,0.4615384615384615,16.0,64.0,5.367686527106818,1863,"Sampled-label overlap, no point adjustment; delays among detected events only; no original-FPS seconds.",0.5666666666666667,0.6077209340367234,,3.529064655303955,3933,1010,True
S03,2,dino_full_ema,0.010101010101010102,0.004830917874396135,0.03705743449772456,-0.07531521603866266,0.640185618031506,0.8590987152085033,0.5537284332729426,0.5531424238520078,0.5466559890409337,0.019801980198019802,0.1188118811881188,0.3304823811152925,2770,153,885,125,0.44964028776978415,0.12376237623762376,0.19409937888198758,0.9476565172767705,0.052343482723229556,0.7360793287566743,0.5357094467571971,0.12173686777466092,2789,134,897,113,0.4574898785425101,0.11188118811881188,0.1797931583134447,0.9541566883339035,0.045843311666096474,0.737859140605136,0.5330189382263577,0.11891648180131516,10,4,18,12,0.3333333333333333,0.4,0.3636363636363636,16.0,64.0,5.367686527106818,1863,"Sampled-label overlap, no point adjustment; delays among detected events only; no original-FPS seconds.",0.5555555555555556,0.6005780768938663,,3.4913309145239153,3933,1010,True
S03,2,dino_state_pca,0.010101010101010102,0.013955984970477724,0.002063170075416565,0.0014478713274002075,0.0060420408844947815,0.8466008745931042,0.5199052472702257,0.5192481385558405,0.5334493800137167,0.005940594059405941,0.07821782178217822,0.3653780362641122,2726,197,854,156,0.44192634560906513,0.15445544554455445,0.2289068231841526,0.9326034895655149,0.06739651043448512,0.7327739638952454,0.5435294675550346,0.133063695043191,2757,166,897,113,0.4050179211469534,0.11188118811881188,0.17532971295577965,0.9432090318166267,0.056790968183373244,0.7297228578693109,0.5275451099677193,0.09374826254857506,10,5,22,10,0.5454545454545454,0.5,0.5217391304347826,28.0,112.0,3.757380568974772,1863,"Sampled-label overlap, no point adjustment; delays among detected events only; no original-FPS seconds.",0.5222222222222223,0.527244743560533,,0.021350065246224403,3933,1010,True
S04,0,dino_global_pca,0.010154738878143133,0.014775413711583925,0.0018581487238407135,0.0018085986375808716,0.004080325365066528,0.5398135250851935,0.3434261646192813,0.34316163035770714,0.47368421052631576,0.0,0.0,0.8885999133073256,2071,236,1265,0,0.0,0.0,0.0,0.8977026441265713,0.1022973558734287,0.5797872340425532,0.44885132206328565,-0.19695383698431446,2085,222,1265,0,0.0,0.0,0.0,0.9037711313394018,0.09622886866059818,0.5837066069428891,0.4518855656697009,-0.19062310932218768,12,0,10,10,0.0,0.0,0.0,,,5.91016548463357,1692,"Sampled-label overlap, no point adjustment; delays among detected events only; no original-FPS seconds.",0.3333333333333333,0.4460262398420293,,0.033132292330265045,3572,1265,True
S04,0,visual_state_transition,0.004835589941972921,0.004137115839243499,0.0,0.0,0.0,0.5047531914383274,0.3560924932571335,0.39851502415035517,0.5041306262820059,0.0031620553359683794,0.0308300395256917,1.0,2296,11,1261,4,0.26666666666666666,0.0031620553359683794,0.00625,0.9952319029042046,0.004768097095795405,0.6438969764837627,0.4991969791200865,-0.011877863535845355,2307,0,1265,0,0.0,0.0,0.0,1.0,0.0,0.6458566629339306,0.5,0.0,12,0,0,0,0.0,0.0,0.0,,,0.0,1692,"Sampled-label overlap, no point adjustment; delays among detected events only; no original-FPS seconds.",0.7611111111111111,0.711904761904762,,3.3796653747558594,3572,1265,True
S04,0,dino_frame_plain_ae,0.010154738878143133,0.01182033096926714,0.04299072548747063,0.04096464440226555,0.09089446067810059,0.5721312177579493,0.361915728776616,0.3616457101578773,0.47368421052631576,0.0,0.0,0.834850455136541,2003,304,1265,0,0.0,0.0,0.0,0.8682271348071088,0.1317728651928912,0.5607502799552072,0.4341135674035544,-0.22584851189926763,2024,283,1265,0,0.0,0.0,0.0,0.8773298656263546,0.12267013437364542,0.5666293393057111,0.4386649328131773,-0.21721146588737103,12,0,9,9,0.0,0.0,0.0,,,5.319148936170213,1692,"Sampled-label overlap, no point adjustment; delays among detected events only; no original-FPS seconds.",0.39999999999999997,0.4685170823328718,,0.8069708347320557,3572,1265,True
S04,0,dino_frame_denoising_ae,0.010154738878143133,0.014184397163120567,0.02675703540444374,0.02356657013297081,0.05591704696416855,0.601035514870535,0.378253786052708,0.37798400478562566,0.47368421052631576,0.0,0.0,0.7984395318595578,2025,282,1265,0,0.0,0.0,0.0,0.8777633289986996,0.1222366710013004,0.566909294512878,0.4388816644993498,-0.21679440543976977,2048,259,1265,0,0.0,0.0,0.0,0.8877329865626354,0.11226701343736455,0.5733482642777156,0.4438664932813177,-0.20704303706374425,12,0,9,9,0.0,0.0,0.0,,,5.319148936170213,1692,"Sampled-label overlap, no point adjustment; delays among detected events only; no original-FPS seconds.",0.39999999999999997,0.4685170823328718,,0.8134485483169556,3572,1265,True
S04,0,dino_frame_forecast,0.010154738878143133,0.02304964539007092,0.060835305601358414,0.05838833376765251,0.17153632640838623,0.5828937877674237,0.3606696555502644,0.3604736894414756,0.47368421052631576,0.0,0.0,0.716514954486346,2002,305,1265,0,0.0,0.0,0.0,0.8677936714347637,0.13220632856523623,0.5604703247480403,0.43389683571738186,-0.22625428756844573,2029,278,1265,0,0.0,0.0,0.0,0.8794971824880797,0.12050281751192024,0.5680291153415453,0.43974859124403987,-0.21512063245200597,12,0,8,8,0.0,0.0,0.0,,,4.7281323877068555,1692,"Sampled-label overlap, no point adjustment; delays among detected events only; no original-FPS seconds.",0.14444444444444446,0.38490791372370314,,1.0235497951507568,3572,1265,True
S04,0,dino_fewshot3_denoising_ae,0.010154738878143133,0.015957446808510637,0.13750314712524414,0.1243940219283104,0.2208511084318161,0.5404448739101309,0.3377989531084612,0.33753392328412823,0.47368421052631576,0.0,0.0,0.7906371911573472,2086,221,1265,0,0.0,0.0,0.0,0.9042045947117469,0.09579540528825314,0.583986562150056,0.45210229735587343,-0.19016491271667546,2103,204,1265,0,0.0,0.0,0.0,0.9115734720416124,0.08842652795838751,0.5887458006718925,0.4557867360208062,-0.18224285390406245,12,0,9,9,0.0,0.0,0.0,,,5.319148936170213,1692,"Sampled-label overlap, no point adjustment; delays among detected events only; no original-FPS seconds.",0.3,0.43040755297334243,,1.205055594444275,3572,1265,True
S04,0,dino_spatiotemporal,0.010154738878143133,0.016548463356973995,0.006652886047959328,-0.007344516925513744,0.277473121881485,0.6027111163652126,0.37519699249119043,0.3749265520419428,0.47368421052631576,0.0,0.0,0.7277850021673169,2009,298,1265,0,0.0,0.0,0.0,0.8708279150411791,0.129172084958821,0.5624300111982082,0.43541395752058953,-0.22340364773360502,2027,280,1265,0,0.0,0.0,0.0,0.8786302557433897,0.12136974425661032,0.5674692049272116,0.43931512787169485,-0.21595863207311972,12,0,10,10,0.0,0.0,0.0,,,5.91016548463357,1692,"Sampled-label overlap, no point adjustment; delays among detected events only; no original-FPS seconds.",0.39999999999999997,0.4685170823328718,,4.447424411773682,3572,1265,True
S04,0,dino_visual_state,0.010154738878143133,0.014184397163120567,0.014095807448029518,-0.010674139484763145,0.1637769490480423,0.6009543047367438,0.3781123731059577,0.3778426010513396,0.47368421052631576,0.0,0.0,0.7997399219765929,2024,283,1265,0,0.0,0.0,0.0,0.8773298656263546,0.12267013437364542,0.5666293393057111,0.4386649328131773,-0.21721146588737103,2048,259,1265,0,0.0,0.0,0.0,0.8877329865626354,0.11226701343736455,0.5733482642777156,0.4438664932813177,-0.20704303706374425,12,0,9,9,0.0,0.0,0.0,,,5.319148936170213,1692,"Sampled-label overlap, no point adjustment; delays among detected events only; no original-FPS seconds.",0.39999999999999997,0.4685170823328718,,4.203479290008545,3572,1265,True
S04,0,dino_full,0.010154738878143133,0.016548463356973995,0.026081053540110588,0.0042678737081587315,0.2601586580276489,0.6008628148391816,0.3740677042815064,0.3737973474661864,0.47368421052631576,0.0,0.0,0.7355873428695275,2010,297,1265,0,0.0,0.0,0.0,0.871261378413524,0.12873862158647595,0.5627099664053752,0.435630689206762,-0.22299444165659832,2030,277,1265,0,0.0,0.0,0.0,0.8799306458604248,0.1200693541395752,0.5683090705487122,0.4399653229302124,-0.21470078907047563,12,0,10,10,0.0,0.0,0.0,,,5.91016548463357,1692,"Sampled-label overlap, no point adjustment; delays among detected events only; no original-FPS seconds.",0.39999999999999997,0.4685170823328718,,3.987196445465088,3572,1265,True
S04,0,dino_full_ema,0.010154738878143133,0.018912529550827423,0.021898668981612156,0.012934956056755351,0.27204150223497836,0.6032696501967718,0.37725483242042435,0.37698370980020685,0.47368421052631576,0.0,0.0,0.7459904638058084,1976,331,1265,0,0.0,0.0,0.0,0.8565236237537928,0.14347637624620718,0.5531914893617021,0.4282618118768964,-0.23664424479915067,1993,314,1265,0,0.0,0.0,0.0,0.8638925010836584,0.13610749891634158,0.5579507278835386,0.4319462505418292,-0.22988506091210523,12,0,9,9,0.0,0.0,0.0,,,5.319148936170213,1692,"Sampled-label overlap, no point adjustment; delays among detected events only; no original-FPS seconds.",0.39999999999999997,0.4685170823328718,,3.764404495579201,3572,1265,True
S04,0,dino_state_pca,0.010154738878143133,0.012411347517730497,0.0011967793107032776,0.0008303597569465637,0.0017705559730529785,0.6048674681455819,0.3771128346398235,0.37683641401431617,0.47368421052631576,0.0,0.0,0.870394451668834,2056,251,1265,0,0.0,0.0,0.0,0.8912006935413957,0.10879930645860425,0.5755879059350504,0.4456003467706979,-0.20357473983139648,2074,233,1265,0,0.0,0.0,0.0,0.8990030342436064,0.10099696575639358,0.5806270996640538,0.4495015171218032,-0.19561007359804658,12,0,9,9,0.0,0.0,0.0,,,5.319148936170213,1692,"Sampled-label overlap, no point adjustment; delays among detected events only; no original-FPS seconds.",0.39999999999999997,0.4685170823328718,,0.04005935415625572,3572,1265,True
S04,1,dino_global_pca,0.010154738878143133,0.014775413711583925,0.0018581487238407135,0.0018085986375808716,0.004080325365066528,0.5398135250851935,0.3434261646192813,0.34316163035770714,0.47368421052631576,0.0,0.0,0.8885999133073256,2071,236,1265,0,0.0,0.0,0.0,0.8977026441265713,0.1022973558734287,0.5797872340425532,0.44885132206328565,-0.19695383698431446,2085,222,1265,0,0.0,0.0,0.0,0.9037711313394018,0.09622886866059818,0.5837066069428891,0.4518855656697009,-0.19062310932218768,12,0,10,10,0.0,0.0,0.0,,,5.91016548463357,1692,"Sampled-label overlap, no point adjustment; delays among detected events only; no original-FPS seconds.",0.3333333333333333,0.4460262398420293,,0.033132292330265045,3572,1265,True
S04,1,visual_state_transition,0.004835589941972921,0.004137115839243499,0.0,0.0,0.0,0.5047531914383274,0.3560924932571335,0.39851502415035517,0.5041306262820059,0.0031620553359683794,0.0308300395256917,1.0,2296,11,1261,4,0.26666666666666666,0.0031620553359683794,0.00625,0.9952319029042046,0.004768097095795405,0.6438969764837627,0.4991969791200865,-0.011877863535845355,2307,0,1265,0,0.0,0.0,0.0,1.0,0.0,0.6458566629339306,0.5,0.0,12,0,0,0,0.0,0.0,0.0,,,0.0,1692,"Sampled-label overlap, no point adjustment; delays among detected events only; no original-FPS seconds.",0.7611111111111111,0.711904761904762,,3.3796653747558594,3572,1265,True
S04,1,dino_frame_plain_ae,0.010154738878143133,0.02009456264775414,0.043046850711107254,0.03930028900504112,0.09324118494987488,0.5737382874941535,0.3637255041085303,0.3634563414609493,0.47368421052631576,0.0,0.0,0.8448201127004769,1943,364,1265,0,0.0,0.0,0.0,0.8422193324664066,0.1577806675335934,0.543952967525196,0.4211096662332033,-0.24943361304379857,1961,346,1265,0,0.0,0.0,0.0,0.8500216731686172,0.14997832683138274,0.5489921612541994,0.4250108365843086,-0.2425087054903234,12,0,8,8,0.0,0.0,0.0,,,4.7281323877068555,1692,"Sampled-label overlap, no point adjustment; delays among detected events only; no original-FPS seconds.",0.39999999999999997,0.4685170823328718,,0.7524561285972595,3572,1265,True
S04,1,dino_frame_denoising_ae,0.010154738878143133,0.014184397163120567,0.026076748967170715,0.022758260369300842,0.05357074365019798,0.6019110080850342,0.3787460272442506,0.37847425058495,0.47368421052631576,0.0,0.0,0.8179453836150845,1970,337,1265,0,0.0,0.0,0.0,0.8539228435197226,0.14607715648027741,0.551511758118701,0.4269614217598613,-0.23900075530171788,1983,324,1265,0,0.0,0.0,0.0,0.8595578673602081,0.14044213263979194,0.5551511758118701,0.42977893368010406,-0.2338761630953541,12,0,9,9,0.0,0.0,0.0,,,5.319148936170213,1692,"Sampled-label overlap, no point adjustment; delays among detected events only; no original-FPS seconds.",0.39999999999999997,0.4685170823328718,,0.7222456336021423,3572,1265,True
S04,1,dino_frame_forecast,0.010154738878143133,0.018912529550827423,0.06379804760217667,0.05869154632091522,0.170002743601799,0.5900666642680551,0.3647942719562416,0.36459423886455217,0.47368421052631576,0.0,0.0,0.7139141742522757,2044,263,1265,0,0.0,0.0,0.0,0.8859991330732553,0.11400086692674469,0.5722284434490481,0.44299956653662764,-0.20876176315869396,2067,240,1265,0,0.0,0.0,0.0,0.8959687906371911,0.10403120936280884,0.5786674132138858,0.4479843953185956,-0.19873510563076163,12,0,7,7,0.0,0.0,0.0,,,4.137115839243498,1692,"Sampled-label overlap, no point adjustment; delays among detected events only; no original-FPS seconds.",0.1888888888888889,0.3957092855544868,,1.1408189535140991,3572,1265,True
S04,1,dino_spatiotemporal,0.010154738878143133,0.015957446808510637,0.0034608282148838043,-0.012170075438916683,0.270030677318573,0.6066582029944951,0.37765964795477436,0.3773868160350754,0.47368421052631576,0.0,0.0,0.729085392284352,1980,327,1265,0,0.0,0.0,0.0,0.8582574772431729,0.14174252275682706,0.5543113101903695,0.42912873862158646,-0.23506501168562516,1996,311,1265,0,0.0,0.0,0.0,0.8651928912006935,0.13480710879930646,0.5587905935050392,0.43259644560034677,-0.22867898747014748,12,0,10,10,0.0,0.0,0.0,,,5.91016548463357,1692,"Sampled-label overlap, no point adjustment; delays among detected events only; no original-FPS seconds.",0.39999999999999997,0.4685170823328718,,4.357248306274414,3572,1265,True
S04,1,dino_visual_state,0.010154738878143133,0.014184397163120567,0.014691554941236973,-0.01107398048043251,0.16692347824573517,0.6019233438015595,0.3786979981536306,0.37842624650337525,0.47368421052631576,0.0,0.0,0.8131772865192891,1969,338,1265,0,0.0,0.0,0.0,0.8534893801473775,0.14651061985262245,0.5512318029115342,0.42674469007368876,-0.23939209634549852,1983,324,1265,0,0.0,0.0,0.0,0.8595578673602081,0.14044213263979194,0.5551511758118701,0.42977893368010406,-0.2338761630953541,12,0,9,9,0.0,0.0,0.0,,,5.319148936170213,1692,"Sampled-label overlap, no point adjustment; delays among detected events only; no original-FPS seconds.",0.39999999999999997,0.4685170823328718,,4.025684833526611,3572,1265,True
S04,1,dino_full,0.010154738878143133,0.016548463356973995,0.02285415679216385,0.0013553299941122532,0.2557683289051056,0.6049431957386953,0.3766643396792418,0.3763915043422307,0.47368421052631576,0.0,0.0,0.7368877329865626,1981,326,1265,0,0.0,0.0,0.0,0.858690940615518,0.14130905938448202,0.5545912653975364,0.429345470307759,-0.2346691540602111,1995,312,1265,0,0.0,0.0,0.0,0.8647594278283485,0.1352405721716515,0.5585106382978723,0.43237971391417424,-0.22908147062381873,12,0,10,10,0.0,0.0,0.0,,,5.91016548463357,1692,"Sampled-label overlap, no point adjustment; delays among detected events only; no original-FPS seconds.",0.39999999999999997,0.4685170823328718,,3.915379285812378,3572,1265,True
S04,1,dino_full_ema,0.010154738878143133,0.015366430260047281,0.02068123546080373,0.007543934636343882,0.2530615867799445,0.6073863529282763,0.3799386037493808,0.379665261727841,0.47368421052631576,0.0,0.0,0.7494581707845687,1976,331,1265,0,0.0,0.0,0.0,0.8565236237537928,0.14347637624620718,0.5531914893617021,0.4282618118768964,-0.23664424479915067,1988,319,1265,0,0.0,0.0,0.0,0.8617251842219332,0.13827481577806675,0.5565509518477044,0.4308625921109666,-0.23188613148919143,12,0,8,8,0.0,0.0,0.0,,,4.7281323877068555,1692,"Sampled-label overlap, no point adjustment; delays among detected events only; no original-FPS seconds.",0.39999999999999997,0.4685170823328718,,3.8493159017714014,3572,1265,True
S04,1,dino_state_pca,0.010154738878143133,0.012411347517730497,0.0011967793107032776,0.0008303597569465637,0.0017705559730529785,0.6048674681455819,0.3771128346398235,0.37683641401431617,0.47368421052631576,0.0,0.0,0.870394451668834,2056,251,1265,0,0.0,0.0,0.0,0.8912006935413957,0.10879930645860425,0.5755879059350504,0.4456003467706979,-0.20357473983139648,2074,233,1265,0,0.0,0.0,0.0,0.8990030342436064,0.10099696575639358,0.5806270996640538,0.4495015171218032,-0.19561007359804658,12,0,9,9,0.0,0.0,0.0,,,5.319148936170213,1692,"Sampled-label overlap, no point adjustment; delays among detected events only; no original-FPS seconds.",0.39999999999999997,0.4685170823328718,,0.04005935415625572,3572,1265,True
S04,2,dino_global_pca,0.010154738878143133,0.014775413711583925,0.0018581487238407135,0.0018085986375808716,0.004080325365066528,0.5398135250851935,0.3434261646192813,0.34316163035770714,0.47368421052631576,0.0,0.0,0.8885999133073256,2071,236,1265,0,0.0,0.0,0.0,0.8977026441265713,0.1022973558734287,0.5797872340425532,0.44885132206328565,-0.19695383698431446,2085,222,1265,0,0.0,0.0,0.0,0.9037711313394018,0.09622886866059818,0.5837066069428891,0.4518855656697009,-0.19062310932218768,12,0,10,10,0.0,0.0,0.0,,,5.91016548463357,1692,"Sampled-label overlap, no point adjustment; delays among detected events only; no original-FPS seconds.",0.3333333333333333,0.4460262398420293,,0.033132292330265045,3572,1265,True
S04,2,visual_state_transition,0.004835589941972921,0.004137115839243499,0.0,0.0,0.0,0.5047531914383274,0.3560924932571335,0.39851502415035517,0.5041306262820059,0.0031620553359683794,0.0308300395256917,1.0,2296,11,1261,4,0.26666666666666666,0.0031620553359683794,0.00625,0.9952319029042046,0.004768097095795405,0.6438969764837627,0.4991969791200865,-0.011877863535845355,2307,0,1265,0,0.0,0.0,0.0,1.0,0.0,0.6458566629339306,0.5,0.0,12,0,0,0,0.0,0.0,0.0,,,0.0,1692,"Sampled-label overlap, no point adjustment; delays among detected events only; no original-FPS seconds.",0.7611111111111111,0.711904761904762,,3.3796653747558594,3572,1265,True
S04,2,dino_frame_plain_ae,0.010154738878143133,0.014184397163120567,0.04206971451640129,0.039011478424072266,0.08802415430545807,0.5766128521033252,0.3654532925072699,0.3651824071692038,0.47368421052631576,0.0,0.0,0.8526224534026875,1959,348,1265,0,0.0,0.0,0.0,0.8491547464239272,0.1508452535760728,0.5484322508398656,0.4245773732119636,-0.24328401298071617,1984,323,1265,0,0.0,0.0,0.0,0.8599913307325531,0.1400086692674469,0.555431131019037,0.42999566536627654,-0.23347902497023737,12,0,12,12,0.0,0.0,0.0,,,7.092198581560283,1692,"Sampled-label overlap, no point adjustment; delays among detected events only; no original-FPS seconds.",0.39999999999999997,0.4685170823328718,,0.7442018389701843,3572,1265,True
S04,2,dino_frame_denoising_ae,0.010154738878143133,0.013593380614657211,0.026524974033236504,0.02301987260580063,0.05198090523481369,0.6009481368784811,0.3783292081016835,0.37805760483783757,0.47368421052631576,0.0,0.0,0.8175119202427394,1967,340,1265,0,0.0,0.0,0.0,0.8526224534026875,0.14737754659731253,0.5506718924972005,0.42631122670134375,-0.24017358901561944,1979,328,1265,0,0.0,0.0,0.0,0.857824013870828,0.1421759861291721,0.5540313549832027,0.428912006935414,-0.23546044723325232,12,0,10,10,0.0,0.0,0.0,,,5.91016548463357,1692,"Sampled-label overlap, no point adjustment; delays among detected events only; no original-FPS seconds.",0.39999999999999997,0.4685170823328718,,0.7516602873802185,3572,1265,True
S04,2,dino_frame_forecast,0.010154738878143133,0.017139479905437353,0.06000484526157379,0.0579986646771431,0.17762556672096252,0.5820158959413779,0.35963886912554555,0.359437089542817,0.47368421052631576,0.0,0.0,0.7095795405288253,1984,323,1265,0,0.0,0.0,0.0,0.8599913307325531,0.1400086692674469,0.555431131019037,0.42999566536627654,-0.23347902497023737,2007,300,1265,0,0.0,0.0,0.0,0.8699609882964889,0.13003901170351106,0.5618701007838746,0.43498049414824447,-0.22422056642918192,12,0,11,11,0.0,0.0,0.0,,,6.501182033096927,1692,"Sampled-label overlap, no point adjustment; delays among detected events only; no original-FPS seconds.",0.1666666666666667,0.3892074540526553,,1.012505054473877,3572,1265,True
S04,2,dino_spatiotemporal,0.010154738878143133,0.015366430260047281,0.004485128913074732,-0.009974392130970955,0.28601759672164917,0.6055675200583891,0.3762909997156827,0.37601761728306604,0.47368421052631576,0.0,0.0,0.7264846120502817,1951,356,1265,0,0.0,0.0,0.0,0.8456870394451669,0.15431296055483312,0.5461926091825308,0.42284351972258344,-0.2463703522483935,1965,342,1265,0,0.0,0.0,0.0,0.8517555266579974,0.1482444733420026,0.5501119820828667,0.4258777633289987,-0.24095351014003277,12,0,9,9,0.0,0.0,0.0,,,5.319148936170213,1692,"Sampled-label overlap, no point adjustment; delays among detected events only; no original-FPS seconds.",0.39999999999999997,0.4685170823328718,,4.2298264503479,3572,1265,True
S04,2,dino_visual_state,0.010154738878143133,0.013593380614657211,0.016771994531154633,-0.013127744197845459,0.14926037192344666,0.6009066751646047,0.3782369055552517,0.3779653498548708,0.47368421052631576,0.0,0.0,0.8144776766363242,1966,341,1265,0,0.0,0.0,0.0,0.8521889900303424,0.14781100996965757,0.5503919372900336,0.4260944950151712,-0.2405637449530374,1978,329,1265,0,0.0,0.0,0.0,0.8573905504984829,0.14260944950151713,0.5537513997760358,0.42869527524924145,-0.2358554630508829,12,0,10,10,0.0,0.0,0.0,,,5.91016548463357,1692,"Sampled-label overlap, no point adjustment; delays among detected events only; no original-FPS seconds.",0.39999999999999997,0.4685170823328718,,4.009024143218994,3572,1265,True
S04,2,dino_full,0.010154738878143133,0.015957446808510637,0.022508714348077774,0.0063206227496266365,0.2710403800010681,0.6038631352251524,0.37528417597020725,0.37501073928151285,0.47368421052631576,0.0,0.0,0.7334200260078023,1949,358,1265,0,0.0,0.0,0.0,0.8448201127004769,0.1551798872995232,0.5456326987681971,0.4224100563502384,-0.24713829297325146,1964,343,1265,0,0.0,0.0,0.0,0.8513220632856524,0.14867793671434765,0.5498320268756999,0.4256610316428262,-0.2413428866933176,12,0,9,9,0.0,0.0,0.0,,,5.319148936170213,1692,"Sampled-label overlap, no point adjustment; delays among detected events only; no original-FPS seconds.",0.39999999999999997,0.4685170823328718,,3.780249834060669,3572,1265,True
S04,2,dino_full_ema,0.010154738878143133,0.014775413711583925,0.02146082378640165,0.011570251629850273,0.2764158816302449,0.6062072640237395,0.3783001500196084,0.37802600340328174,0.47368421052631576,0.0,0.0,0.7403554399653229,1943,364,1265,0,0.0,0.0,0.0,0.8422193324664066,0.1577806675335934,0.543952967525196,0.4211096662332033,-0.24943361304379857,1956,351,1265,0,0.0,0.0,0.0,0.8478543563068921,0.15214564369310793,0.5475923852183651,0.42392717815344605,-0.24444415735273253,12,0,8,8,0.0,0.0,0.0,,,4.7281323877068555,1692,"Sampled-label overlap, no point adjustment; delays among detected events only; no original-FPS seconds.",0.39999999999999997,0.4685170823328718,,3.690416708582225,3572,1265,True
S04,2,dino_state_pca,0.010154738878143133,0.012411347517730497,0.0011967793107032776,0.0008303597569465637,0.0017705559730529785,0.6048674681455819,0.3771128346398235,0.37683641401431617,0.47368421052631576,0.0,0.0,0.870394451668834,2056,251,1265,0,0.0,0.0,0.0,0.8912006935413957,0.10879930645860425,0.5755879059350504,0.4456003467706979,-0.20357473983139648,2074,233,1265,0,0.0,0.0,0.0,0.8990030342436064,0.10099696575639358,0.5806270996640538,0.4495015171218032,-0.19561007359804658,12,0,9,9,0.0,0.0,0.0,,,5.319148936170213,1692,"Sampled-label overlap, no point adjustment; delays among detected events only; no original-FPS seconds.",0.39999999999999997,0.4685170823328718,,0.04005935415625572,3572,1265,True
S05,0,dino_global_pca,0.010350318471337579,0.004549590536851683,0.000547993928194046,0.0005803070962429047,0.0005381815135478973,0.47141719745222926,0.04237390209036513,0.03936872938847841,0.5033188065705665,0.0,0.0,0.9267515923566879,1237,19,50,0,0.0,0.0,0.0,0.9848726114649682,0.015127388535031847,0.947166921898928,0.4924363057324841,-0.024242517036925426,1253,3,50,0,0.0,0.0,0.0,0.9976114649681529,0.0023885350318471337,0.9594180704441041,0.49880573248407645,-0.009573673273518712,4,0,1,1,0.0,0.0,0.0,,,1.2738853503184713,785,"Sampled-label overlap, no point adjustment; delays among detected events only; no original-FPS seconds.",0.6,0.4777777777777778,,0.0015945655759423971,1306,50,True
S05,0,visual_state_transition,0.006369426751592357,0.006369426751592357,0.0,0.0,0.0,0.47770700636942676,0.03828483920367534,0.01914241960183767,0.48214213878645656,0.0,0.0,1.0,1248,8,50,0,0.0,0.0,0.0,0.9936305732484076,0.006369426751592357,0.9555895865237366,0.4968152866242038,-0.01566382526281854,1256,0,50,0,0.0,0.0,0.0,1.0,0.0,0.9617151607963247,0.5,0.0,4,0,0,0,0.0,0.0,0.0,,,0.0,785,"Sampled-label overlap, no point adjustment; delays among detected events only; no original-FPS seconds.",0.0,0.375,,3.3916280269622803,1306,50,True
S05,0,dino_frame_plain_ae,0.010350318471337579,0.007279344858962694,0.02330103889107704,0.02622918412089348,0.023253295570611954,0.5192515923566878,0.04334934468263091,0.04062972865233247,0.4741032517599732,0.0,0.0,0.8192675159235668,1232,24,50,0,0.0,0.0,0.0,0.9808917197452229,0.01910828025477707,0.9433384379785605,0.49044585987261147,-0.027299317574728997,1249,7,50,0,0.0,0.0,0.0,0.9944267515923567,0.005573248407643312,0.9563552833078101,0.49721337579617836,-0.014646526002017136,4,0,3,3,0.0,0.0,0.0,,,2.5477707006369426,785,"Sampled-label overlap, no point adjustment; delays among detected events only; no original-FPS seconds.",0.7333333333333333,0.7,,0.06531579792499542,1306,50,True
S05,0,dino_frame_denoising_ae,0.010350318471337579,0.01364877161055505,0.015331682749092579,0.01665607839822769,0.01466655358672142,0.5679299363057325,0.0468393649840389,0.043716237210370504,0.5066711364398256,0.0,0.12,0.6648089171974523,1217,39,50,0,0.0,0.0,0.0,0.9689490445859873,0.03105095541401274,0.9318529862174579,0.48447452229299365,-0.03500533019172366,1239,17,50,0,0.0,0.0,0.0,0.9864649681528662,0.013535031847133758,0.9486983154670751,0.4932324840764331,-0.022913328658717643,4,0,3,3,0.0,0.0,0.0,,,2.5477707006369426,785,"Sampled-label overlap, no point adjustment; delays among detected events only; no original-FPS seconds.",0.9333333333333333,0.9166666666666666,,0.044335585087537766,1306,50,True
S05,0,dino_frame_forecast,0.010350318471337579,0.011828935395814377,0.033812135457992554,0.0367182157933712,0.03225118666887283,0.9571815286624203,0.44206163952078753,0.43117532519669316,0.8100234663090848,0.42,0.6,0.12340764331210191,1173,83,15,35,0.2966101694915254,0.7,0.41666666666666663,0.9339171974522293,0.0660828025477707,0.9249617151607963,0.8169585987261146,0.42429032791422705,1202,54,22,28,0.34146341463414637,0.56,0.42424242424242425,0.9570063694267515,0.042993630573248405,0.9418070444104135,0.7585031847133759,0.40895740872219233,4,3,9,6,0.3333333333333333,0.75,0.46153846153846156,0.0,0.0,1.2738853503184713,785,"Sampled-label overlap, no point adjustment; delays among detected events only; no original-FPS seconds.",1.0,1.0,,0.10799339413642883,1306,50,True
S05,0,dino_fewshot3_denoising_ae,0.010350318471337579,0.0,0.04322260245680809,0.05160452425479889,0.044586945325136185,0.5977070063694268,0.04463053757845959,0.04246906275460407,0.47368421052631576,0.0,0.0,0.5429936305732485,1243,13,50,0,0.0,0.0,0.0,0.9896496815286624,0.010350318471337579,0.9517611026033691,0.4948248407643312,-0.020006107411781902,1248,8,50,0,0.0,0.0,0.0,0.9936305732484076,0.006369426751592357,0.9555895865237366,0.4968152866242038,-0.01566382526281854,4,0,1,1,0.0,0.0,0.0,,,1.2738853503184713,785,"Sampled-label overlap, no point adjustment; delays among detected events only; no original-FPS seconds.",0.4,0.38333333333333336,,0.3211422860622406,1306,50,True
S05,0,dino_spatiotemporal,0.010350318471337579,0.010009099181073703,0.006827454082667828,0.1268082857131958,-0.08580289781093597,0.8471178343949044,0.15386741619184863,0.14850222243919206,0.640244720080456,0.02,0.46,0.3375796178343949,1204,52,28,22,0.2972972972972973,0.44,0.3548387096774193,0.9585987261146497,0.041401273885350316,0.9387442572741195,0.6992993630573249,0.33082210026369135,1235,21,31,19,0.475,0.38,0.4222222222222222,0.98328025477707,0.016719745222929936,0.9601837672281777,0.6816401273885351,0.40455238591305803,4,2,5,3,0.4,0.5,0.4444444444444445,3.0,12.0,1.2738853503184713,785,"Sampled-label overlap, no point adjustment; delays among detected events only; no original-FPS seconds.",0.9333333333333333,0.9166666666666666,,3.1097161769866943,1306,50,True
S05,0,dino_visual_state,0.010350318471337579,0.01364877161055505,0.02817346528172493,0.13340544700622559,-0.04363756626844406,0.5637898089171974,0.04650680412560813,0.043396733734389945,0.5066711364398256,0.0,0.12,0.6719745222929936,1217,39,50,0,0.0,0.0,0.0,0.9689490445859873,0.03105095541401274,0.9318529862174579,0.48447452229299365,-0.03500533019172366,1239,17,50,0,0.0,0.0,0.0,0.9864649681528662,0.013535031847133758,0.9486983154670751,0.4932324840764331,-0.022913328658717643,4,0,3,3,0.0,0.0,0.0,,,2.5477707006369426,785,"Sampled-label overlap, no point adjustment; delays among detected events only; no original-FPS seconds.",0.9333333333333333,0.9166666666666666,,2.7736001014709473,1306,50,True
S05,0,dino_full,0.010350318471337579,0.01091901728844404,0.02007598802447319,0.11560428142547607,-0.05080898478627205,0.8585191082802548,0.17105082639124414,0.16506580085474967,0.653285283271874,0.02,0.48,0.3248407643312102,1203,53,27,23,0.3026315789473684,0.46,0.36507936507936506,0.9578025477707006,0.04219745222929936,0.9387442572741195,0.7089012738853503,0.34244557126821107,1235,21,29,21,0.5,0.42,0.4565217391304348,0.98328025477707,0.016719745222929936,0.9617151607963247,0.701640127388535,0.438620169610045,4,2,5,3,0.4,0.5,0.4444444444444445,2.0,8.0,1.2738853503184713,785,"Sampled-label overlap, no point adjustment; delays among detected events only; no original-FPS seconds.",0.9333333333333333,0.9166666666666666,,2.7698721885681152,1306,50,True
S05,0,dino_full_ema,0.010350318471337579,0.012738853503184714,0.03516993577550788,0.1322303526524815,-0.035150816406651644,0.8485987261146497,0.18216230050466847,0.17518357833397627,0.6620851491786792,0.06,0.44,0.3734076433121019,1186,70,27,23,0.24731182795698925,0.46,0.3216783216783217,0.9442675159235668,0.05573248407643312,0.9257274119448698,0.7021337579617835,0.3016315689170335,1203,53,30,20,0.273972602739726,0.4,0.3252032520325203,0.9578025477707006,0.04219745222929936,0.9364471669218989,0.6789012738853504,0.2988685951769327,4,2,8,6,0.25,0.5,0.3333333333333333,2.5,10.0,1.2738853503184713,785,"Sampled-label overlap, no point adjustment; delays among detected events only; no original-FPS seconds.",0.9333333333333333,0.9166666666666666,,2.438680775017209,1306,50,True
S05,0,dino_state_pca,0.010350318471337579,0.004549590536851683,0.0004006680101156235,0.0004363143816590309,0.0003789439797401428,0.6006528662420382,0.047967365437620195,0.045064944742752994,0.49041233657391886,0.0,0.0,0.6138535031847133,1231,25,50,0,0.0,0.0,0.0,0.9800955414012739,0.019904458598726114,0.942572741194487,0.49004777070063693,-0.02787312240010491,1245,11,50,0,0.0,0.0,0.0,0.9912420382165605,0.00875796178343949,0.9532924961715161,0.49562101910828027,-0.018388725964673065,4,0,2,2,0.0,0.0,0.0,,,1.2738853503184713,785,"Sampled-label overlap, no point adjustment; delays among detected events only; no original-FPS seconds.",0.7333333333333333,0.7,,0.001498984289355576,1306,50,True
S05,1,dino_global_pca,0.010350318471337579,0.004549590536851683,0.000547993928194046,0.0005803070962429047,0.0005381815135478973,0.47141719745222926,0.04237390209036513,0.03936872938847841,0.5033188065705665,0.0,0.0,0.9267515923566879,1237,19,50,0,0.0,0.0,0.0,0.9848726114649682,0.015127388535031847,0.947166921898928,0.4924363057324841,-0.024242517036925426,1253,3,50,0,0.0,0.0,0.0,0.9976114649681529,0.0023885350318471337,0.9594180704441041,0.49880573248407645,-0.009573673273518712,4,0,1,1,0.0,0.0,0.0,,,1.2738853503184713,785,"Sampled-label overlap, no point adjustment; delays among detected events only; no original-FPS seconds.",0.6,0.4777777777777778,,0.0015945655759423971,1306,50,True
S05,1,visual_state_transition,0.006369426751592357,0.006369426751592357,0.0,0.0,0.0,0.47770700636942676,0.03828483920367534,0.01914241960183767,0.48214213878645656,0.0,0.0,1.0,1248,8,50,0,0.0,0.0,0.0,0.9936305732484076,0.006369426751592357,0.9555895865237366,0.4968152866242038,-0.01566382526281854,1256,0,50,0,0.0,0.0,0.0,1.0,0.0,0.9617151607963247,0.5,0.0,4,0,0,0,0.0,0.0,0.0,,,0.0,785,"Sampled-label overlap, no point adjustment; delays among detected events only; no original-FPS seconds.",0.0,0.375,,3.3916280269622803,1306,50,True
S05,1,dino_frame_plain_ae,0.010350318471337579,0.015468607825295723,0.023139528930187225,0.026342641562223434,0.02335302345454693,0.46159235668789805,0.04153879169554951,0.03874312758679692,0.484126718069058,0.0,0.0,0.9259554140127388,1231,25,50,0,0.0,0.0,0.0,0.9800955414012739,0.019904458598726114,0.942572741194487,0.49004777070063693,-0.02787312240010491,1248,8,50,0,0.0,0.0,0.0,0.9936305732484076,0.006369426751592357,0.9555895865237366,0.4968152866242038,-0.01566382526281854,4,0,3,3,0.0,0.0,0.0,,,2.5477707006369426,785,"Sampled-label overlap, no point adjustment; delays among detected events only; no original-FPS seconds.",0.7333333333333333,0.7,,0.06495223939418793,1306,50,True
S05,1,dino_frame_denoising_ae,0.010350318471337579,0.015468607825295723,0.0158215519040823,0.01721162535250187,0.015143818221986294,0.5737261146496815,0.0468714565312892,0.04402929724564543,0.478176332551123,0.0,0.0,0.7101910828025477,1214,42,50,0,0.0,0.0,0.0,0.9665605095541401,0.03343949044585987,0.9295558958652373,0.48328025477707004,-0.036369831642623966,1240,16,50,0,0.0,0.0,0.0,0.9872611464968153,0.012738853503184714,0.9494640122511485,0.49363057324840764,-0.022220576314563614,4,0,3,3,0.0,0.0,0.0,,,2.5477707006369426,785,"Sampled-label overlap, no point adjustment; delays among detected events only; no original-FPS seconds.",0.9333333333333333,0.9166666666666666,,0.04519050568342209,1306,50,True
S05,1,dino_frame_forecast,0.010350318471337579,0.015468607825295723,0.03448869660496712,0.03704894706606865,0.031961798667907715,0.9605573248407644,0.47624335411484847,0.46381261148844016,0.8523466309084814,0.48,0.86,0.13694267515923567,1171,85,5,45,0.34615384615384615,0.9,0.5,0.9323248407643312,0.06767515923566879,0.9310872894333844,0.9161624203821657,0.5334544486535618,1207,49,9,41,0.45555555555555555,0.82,0.5857142857142856,0.9609872611464968,0.03901273885350318,0.9555895865237366,0.8904936305732484,0.5916103044116986,4,4,11,7,0.36363636363636365,1.0,0.5333333333333333,1.5,6.0,2.5477707006369426,785,"Sampled-label overlap, no point adjustment; delays among detected events only; no original-FPS seconds.",1.0,1.0,,0.10338852554559708,1306,50,True
S05,1,dino_spatiotemporal,0.010350318471337579,0.011828935395814377,-0.005653999280184507,0.13415712118148804,-0.09238754212856293,0.8453980891719745,0.14410704760724224,0.1390377252466806,0.6250083808246731,0.02,0.42,0.37977707006369427,1205,51,45,5,0.08928571428571429,0.1,0.09433962264150945,0.9593949044585988,0.04060509554140127,0.9264931087289433,0.5296974522292994,0.05625744314318052,1237,19,48,2,0.09523809523809523,0.04,0.056338028169014086,0.9848726114649682,0.015127388535031847,0.9486983154670751,0.5124363057324841,0.037943727830636126,4,1,3,2,0.3333333333333333,0.25,0.28571428571428575,4.0,16.0,1.2738853503184713,785,"Sampled-label overlap, no point adjustment; delays among detected events only; no original-FPS seconds.",0.9333333333333333,0.9166666666666666,,3.237522602081299,1306,50,True
S05,1,dino_visual_state,0.010350318471337579,0.015468607825295723,0.018180854618549347,0.16305221617221832,-0.05601124092936516,0.5679299363057325,0.04623696609711164,0.043432026814895774,0.47767348307073415,0.0,0.0,0.7189490445859873,1214,42,50,0,0.0,0.0,0.0,0.9665605095541401,0.03343949044585987,0.9295558958652373,0.48328025477707004,-0.036369831642623966,1240,16,50,0,0.0,0.0,0.0,0.9872611464968153,0.012738853503184714,0.9494640122511485,0.49363057324840764,-0.022220576314563614,4,0,3,3,0.0,0.0,0.0,,,2.5477707006369426,785,"Sampled-label overlap, no point adjustment; delays among detected events only; no original-FPS seconds.",0.9333333333333333,0.9166666666666666,,2.954184055328369,1306,50,True
S05,1,dino_full,0.010350318471337579,0.011828935395814377,0.015030174516141415,0.13286767899990082,-0.07227425277233124,0.8560509554140128,0.15817051694142054,0.15256604116632036,0.6407643312101912,0.02,0.44,0.3718152866242038,1204,52,29,21,0.2876712328767123,0.42,0.34146341463414637,0.9585987261146497,0.041401273885350316,0.9379785604900459,0.6892993630573249,0.3162394178427571,1232,24,33,17,0.4146341463414634,0.34,0.3736263736263737,0.9808917197452229,0.01910828025477707,0.9563552833078101,0.6604458598726115,0.3531027838228197,4,2,5,3,0.4,0.5,0.4444444444444445,4.0,16.0,1.2738853503184713,785,"Sampled-label overlap, no point adjustment; delays among detected events only; no original-FPS seconds.",0.9333333333333333,0.9166666666666666,,2.867177724838257,1306,50,True
S05,1,dino_full_ema,0.010350318471337579,0.015468607825295723,0.037006579257854465,0.13755448922686409,-0.05939825275053258,0.8446974522292994,0.15636662287073844,0.15052210497136145,0.6425578276902447,0.04,0.46,0.42356687898089174,1187,69,27,23,0.25,0.46,0.323943661971831,0.9450636942675159,0.05493630573248408,0.9264931087289433,0.7025318471337579,0.3037385281187257,1203,53,30,20,0.273972602739726,0.4,0.3252032520325203,0.9578025477707006,0.04219745222929936,0.9364471669218989,0.6789012738853504,0.2988685951769327,4,2,7,5,0.2857142857142857,0.5,0.36363636363636365,2.5,10.0,1.2738853503184713,785,"Sampled-label overlap, no point adjustment; delays among detected events only; no original-FPS seconds.",0.9333333333333333,0.9166666666666666,,2.4578492098895333,1306,50,True
S05,1,dino_state_pca,0.010350318471337579,0.004549590536851683,0.0004006680101156235,0.0004363143816590309,0.0003789439797401428,0.6006528662420382,0.047967365437620195,0.045064944742752994,0.49041233657391886,0.0,0.0,0.6138535031847133,1231,25,50,0,0.0,0.0,0.0,0.9800955414012739,0.019904458598726114,0.942572741194487,0.49004777070063693,-0.02787312240010491,1245,11,50,0,0.0,0.0,0.0,0.9912420382165605,0.00875796178343949,0.9532924961715161,0.49562101910828027,-0.018388725964673065,4,0,2,2,0.0,0.0,0.0,,,1.2738853503184713,785,"Sampled-label overlap, no point adjustment; delays among detected events only; no original-FPS seconds.",0.7333333333333333,0.7,,0.001498984289355576,1306,50,True
S05,2,dino_global_pca,0.010350318471337579,0.004549590536851683,0.000547993928194046,0.0005803070962429047,0.0005381815135478973,0.47141719745222926,0.04237390209036513,0.03936872938847841,0.5033188065705665,0.0,0.0,0.9267515923566879,1237,19,50,0,0.0,0.0,0.0,0.9848726114649682,0.015127388535031847,0.947166921898928,0.4924363057324841,-0.024242517036925426,1253,3,50,0,0.0,0.0,0.0,0.9976114649681529,0.0023885350318471337,0.9594180704441041,0.49880573248407645,-0.009573673273518712,4,0,1,1,0.0,0.0,0.0,,,1.2738853503184713,785,"Sampled-label overlap, no point adjustment; delays among detected events only; no original-FPS seconds.",0.6,0.4777777777777778,,0.0015945655759423971,1306,50,True
S05,2,visual_state_transition,0.006369426751592357,0.006369426751592357,0.0,0.0,0.0,0.47770700636942676,0.03828483920367534,0.01914241960183767,0.48214213878645656,0.0,0.0,1.0,1248,8,50,0,0.0,0.0,0.0,0.9936305732484076,0.006369426751592357,0.9555895865237366,0.4968152866242038,-0.01566382526281854,1256,0,50,0,0.0,0.0,0.0,1.0,0.0,0.9617151607963247,0.5,0.0,4,0,0,0,0.0,0.0,0.0,,,0.0,785,"Sampled-label overlap, no point adjustment; delays among detected events only; no original-FPS seconds.",0.0,0.375,,3.3916280269622803,1306,50,True
S05,2,dino_frame_plain_ae,0.010350318471337579,0.00818926296633303,0.022775014862418175,0.026076940819621086,0.023212241008877754,0.4993471337579617,0.04287656549532763,0.04000024966824241,0.49208850150854844,0.0,0.0,0.8200636942675159,1233,23,50,0,0.0,0.0,0.0,0.981687898089172,0.018312101910828025,0.944104134762634,0.490843949044586,-0.026714113836182815,1252,4,50,0,0.0,0.0,0.0,0.9968152866242038,0.0031847133757961785,0.9586523736600306,0.4984076433121019,-0.01105897015472552,4,0,2,2,0.0,0.0,0.0,,,1.2738853503184713,785,"Sampled-label overlap, no point adjustment; delays among detected events only; no original-FPS seconds.",0.7333333333333333,0.7,,0.06668562442064285,1306,50,True
S05,2,dino_frame_denoising_ae,0.010350318471337579,0.01091901728844404,0.01591644063591957,0.01753394864499569,0.015224393457174301,0.6079140127388535,0.049705716676583606,0.046687513753979844,0.49200469326181695,0.0,0.0,0.6226114649681529,1220,36,50,0,0.0,0.0,0.0,0.9713375796178344,0.028662420382165606,0.9341500765696784,0.4856687898089172,-0.033592287021418386,1245,11,50,0,0.0,0.0,0.0,0.9912420382165605,0.00875796178343949,0.9532924961715161,0.49562101910828027,-0.018388725964673065,4,0,3,3,0.0,0.0,0.0,,,1.2738853503184713,785,"Sampled-label overlap, no point adjustment; delays among detected events only; no original-FPS seconds.",1.0,1.0,,0.0466424860060215,1306,50,True
S05,2,dino_frame_forecast,0.009554140127388535,0.00818926296633303,0.03496607393026352,0.03691229224205017,0.03335407003760338,0.9548885350318471,0.46204653962365155,0.4497161442317585,0.796094535702313,0.42,0.58,0.12022292993630573,1180,76,21,29,0.2761904761904762,0.58,0.3741935483870968,0.9394904458598726,0.06050955414012739,0.9257274119448698,0.7597452229299363,0.3665989640059467,1210,46,24,26,0.3611111111111111,0.52,0.42622950819672134,0.9633757961783439,0.03662420382165605,0.9464012251148545,0.7416878980891719,0.40638801758352777,4,3,7,4,0.42857142857142855,0.75,0.5454545454545454,2.0,8.0,1.2738853503184713,785,"Sampled-label overlap, no point adjustment; delays among detected events only; no original-FPS seconds.",1.0,1.0,,0.10907354205846786,1306,50,True
S05,2,dino_spatiotemporal,0.010350318471337579,0.010009099181073703,-0.0012049218639731407,0.14482873678207397,-0.08270403742790222,0.8454617834394905,0.15924110720246637,0.15300324437046023,0.6471672812604761,0.02,0.46,0.3288216560509554,1201,55,28,22,0.2857142857142857,0.44,0.34645669291338577,0.9562101910828026,0.04378980891719745,0.9364471669218989,0.6981050955414013,0.32276330944897663,1224,32,33,17,0.3469387755102041,0.34,0.3434343434343435,0.9745222929936306,0.025477707006369428,0.9502297090352221,0.6572611464968153,0.31758909096261334,4,2,7,5,0.2857142857142857,0.5,0.36363636363636365,4.0,16.0,1.2738853503184713,785,"Sampled-label overlap, no point adjustment; delays among detected events only; no original-FPS seconds.",1.0,1.0,,3.1388442516326904,1306,50,True
S05,2,dino_visual_state,0.010350318471337579,0.01091901728844404,0.019062504172325134,0.16981077194213867,-0.040204692631959915,0.6027388535031847,0.049177310049161704,0.046181445216943166,0.49200469326181695,0.0,0.0,0.6313694267515924,1220,36,50,0,0.0,0.0,0.0,0.9713375796178344,0.028662420382165606,0.9341500765696784,0.4856687898089172,-0.033592287021418386,1245,11,50,0,0.0,0.0,0.0,0.9912420382165605,0.00875796178343949,0.9532924961715161,0.49562101910828027,-0.018388725964673065,4,0,3,3,0.0,0.0,0.0,,,1.2738853503184713,785,"Sampled-label overlap, no point adjustment; delays among detected events only; no original-FPS seconds.",1.0,1.0,,3.0206336975097656,1306,50,True
S05,2,dino_full,0.010350318471337579,0.010009099181073703,0.02284211851656437,0.13335420191287994,-0.05634305626153946,0.8563057324840764,0.17721706822163172,0.170336813934765,0.6603251759973182,0.04,0.46,0.31369426751592355,1199,57,27,23,0.2875,0.46,0.35384615384615387,0.9546178343949044,0.04538216560509554,0.9356814701378254,0.7073089171974523,0.3317703509700264,1226,30,32,18,0.375,0.36,0.3673469387755102,0.9761146496815286,0.02388535031847134,0.9525267993874426,0.6680573248407643,0.34277277812343565,4,2,7,5,0.2857142857142857,0.5,0.36363636363636365,3.5,14.0,1.2738853503184713,785,"Sampled-label overlap, no point adjustment; delays among detected events only; no original-FPS seconds.",1.0,1.0,,2.856633424758911,1306,50,True
S05,2,dino_full_ema,0.010350318471337579,0.012738853503184714,0.03271922532172817,0.11045166324792285,-0.05405800834131669,0.8498089171974522,0.18517830472405725,0.17825587867552906,0.664800536372779,0.02,0.46,0.37977707006369427,1184,72,27,23,0.24210526315789474,0.46,0.31724137931034485,0.9426751592356688,0.05732484076433121,0.9241960183767228,0.7013375796178344,0.2975094648414229,1199,57,30,20,0.2597402597402597,0.4,0.31496062992125984,0.9546178343949044,0.04538216560509554,0.9333843797856048,0.6773089171974522,0.28888107472987334,4,2,8,6,0.25,0.5,0.3333333333333333,2.5,10.0,1.2738853503184713,785,"Sampled-label overlap, no point adjustment; delays among detected events only; no original-FPS seconds.",0.9333333333333333,0.9166666666666666,,2.51571432453159,1306,50,True
S05,2,dino_state_pca,0.010350318471337579,0.004549590536851683,0.0004006680101156235,0.0004363143816590309,0.0003789439797401428,0.6006528662420382,0.047967365437620195,0.045064944742752994,0.49041233657391886,0.0,0.0,0.6138535031847133,1231,25,50,0,0.0,0.0,0.0,0.9800955414012739,0.019904458598726114,0.942572741194487,0.49004777070063693,-0.02787312240010491,1245,11,50,0,0.0,0.0,0.0,0.9912420382165605,0.00875796178343949,0.9532924961715161,0.49562101910828027,-0.018388725964673065,4,0,2,2,0.0,0.0,0.0,,,1.2738853503184713,785,"Sampled-label overlap, no point adjustment; delays among detected events only; no original-FPS seconds.",0.7333333333333333,0.7,,0.001498984289355576,1306,50,True
S06,0,dino_global_pca,0.01019108280254777,0.05334394904458599,0.0008865837007761002,0.0007519647479057312,0.0006752219051122665,0.5237441336713777,0.18510489530815927,0.1846656992880597,0.47376583518349225,0.0,0.0,0.9141129032258064,2324,156,598,0,0.0,0.0,0.0,0.9370967741935484,0.06290322580645161,0.7550357374918778,0.4685483870967742,-0.11346108830774894,2335,145,598,0,0.0,0.0,0.0,0.9415322580645161,0.05846774193548387,0.7586094866796621,0.47076612903225806,-0.10918242128396417,9,0,4,4,0.0,0.0,0.0,,,2.5173064820641913,1589,"Sampled-label overlap, no point adjustment; delays among detected events only; no original-FPS seconds.",0.29999999999999993,0.38835603967182913,,0.0064484174363315105,3078,598,True
S06,0,visual_state_transition,0.003821656050955414,0.003980891719745223,0.0,0.0,0.0,0.49879032258064515,0.19428200129954515,0.09714100064977257,0.49880282956328154,0.0,0.0,1.0,2474,6,598,0,0.0,0.0,0.0,0.9975806451612903,0.0024193548387096775,0.8037686809616634,0.49879032258064515,-0.0217015008957683,2480,0,598,0,0.0,0.0,0.0,1.0,0.0,0.8057179987004548,0.5,0.0,9,0,0,0,0.0,0.0,0.0,,,0.0,1589,"Sampled-label overlap, no point adjustment; delays among detected events only; no original-FPS seconds.",0.3,0.47368421052631576,,0.0,3078,598,True
S06,0,dino_frame_plain_ae,0.01019108280254777,0.05493630573248408,0.044221553951501846,0.03374927490949631,0.031549111008644104,0.5489602438234977,0.19688372717527558,0.19642682218640084,0.47371260171142066,0.0,0.0,0.9693548387096774,2319,161,598,0,0.0,0.0,0.0,0.9350806451612903,0.06491935483870968,0.753411306042885,0.46754032258064515,-0.1153637793016114,2331,149,598,0,0.0,0.0,0.0,0.9399193548387097,0.06008064516129032,0.7573099415204678,0.46995967741935485,-0.11075368881296124,9,0,4,4,0.0,0.0,0.0,,,2.5173064820641913,1589,"Sampled-label overlap, no point adjustment; delays among detected events only; no original-FPS seconds.",0.29999999999999993,0.3910404467680009,,0.31812798976898193,3078,598,True
S06,0,dino_frame_denoising_ae,0.01019108280254777,0.0517515923566879,0.03027900494635105,0.01825479418039322,0.02010410465300083,0.5982191984032796,0.22008629637817728,0.21960851755163854,0.47396457347922616,0.0,0.0,0.9641129032258065,2316,164,598,0,0.0,0.0,0.0,0.9338709677419355,0.06612903225806452,0.7524366471734892,0.4669354838709677,-0.11649355585336561,2330,150,598,0,0.0,0.0,0.0,0.9395161290322581,0.06048387096774194,0.7569850552306693,0.46975806451612906,-0.11114369858220481,9,0,5,5,0.0,0.0,0.0,,,3.1466331025802394,1589,"Sampled-label overlap, no point adjustment; delays among detected events only; no original-FPS seconds.",0.2666666666666666,0.381572599800154,,0.26383355259895325,3078,598,True
S06,0,dino_frame_forecast,0.01019108280254777,0.05015923566878981,0.05089999735355377,0.044377535581588745,0.04278620332479477,0.5706022764052217,0.20120301845781352,0.20082523948717224,0.4744401258297324,0.0,0.0,0.8975806451612903,2320,160,598,0,0.0,0.0,0.0,0.9354838709677419,0.06451612903225806,0.7537361923326835,0.46774193548387094,-0.11498524082255968,2342,138,598,0,0.0,0.0,0.0,0.9443548387096774,0.055645161290322584,0.7608836907082521,0.4721774193548387,-0.10638750638187762,9,0,4,4,0.0,0.0,0.0,,,2.5173064820641913,1589,"Sampled-label overlap, no point adjustment; delays among detected events only; no original-FPS seconds.",0.2222222222222222,0.3609838237289218,,0.42656680941581726,3078,598,True
S06,0,dino_fewshot3_denoising_ae,0.01019108280254777,0.02786624203821656,0.21964745223522186,0.21119795739650726,0.2801756262779236,0.6532635667278024,0.23843418737394995,0.23778398703773346,0.4764488021759004,0.0,0.0,0.6612903225806451,2335,145,598,0,0.0,0.0,0.0,0.9415322580645161,0.05846774193548387,0.7586094866796621,0.47076612903225806,-0.10918242128396417,2349,131,598,0,0.0,0.0,0.0,0.9471774193548387,0.05282258064516129,0.7631578947368421,0.47358870967741934,-0.10353098155515325,9,0,4,4,0.0,0.0,0.0,,,2.5173064820641913,1589,"Sampled-label overlap, no point adjustment; delays among detected events only; no original-FPS seconds.",0.2444444444444444,0.36757588816412345,,0.6744421124458313,3078,598,True
S06,0,dino_spatiotemporal,0.01019108280254777,0.052547770700636945,-0.0003728484734892845,-0.16658315062522888,-0.13957345485687256,0.5985354407163664,0.21407848122025522,0.21365139923950516,0.4740639426270931,0.0,0.0,0.8774193548387097,2319,161,598,0,0.0,0.0,0.0,0.9350806451612903,0.06491935483870968,0.753411306042885,0.46754032258064515,-0.1153637793016114,2332,148,598,0,0.0,0.0,0.0,0.9403225806451613,0.05967741935483871,0.7576348278102664,0.47016129032258064,-0.11036256842772221,9,0,5,5,0.0,0.0,0.0,,,3.1466331025802394,1589,"Sampled-label overlap, no point adjustment; delays among detected events only; no original-FPS seconds.",0.28888888888888886,0.3847713016830664,,3.717811107635498,3078,598,True
S06,0,dino_visual_state,0.01019108280254777,0.0517515923566879,0.0005519108381122351,-0.1721091866493225,-0.14563898742198944,0.5981291806020067,0.2200457839114519,0.2195685335106897,0.47396457347922616,0.0,0.0,0.9641129032258065,2316,164,598,0,0.0,0.0,0.0,0.9338709677419355,0.06612903225806452,0.7524366471734892,0.4669354838709677,-0.11649355585336561,2330,150,598,0,0.0,0.0,0.0,0.9395161290322581,0.06048387096774194,0.7569850552306693,0.46975806451612906,-0.11114369858220481,9,0,5,5,0.0,0.0,0.0,,,3.1466331025802394,1589,"Sampled-label overlap, no point adjustment; delays among detected events only; no original-FPS seconds.",0.2666666666666666,0.381572599800154,,3.3429956436157227,3078,598,True
S06,0,dino_full,0.01019108280254777,0.05334394904458599,0.0013810208765789866,-0.14676599204540253,-0.1232665628194809,0.5984943089869457,0.2136240675523373,0.213198480349534,0.4740639426270931,0.0,0.0,0.8649193548387096,2319,161,598,0,0.0,0.0,0.0,0.9350806451612903,0.06491935483870968,0.753411306042885,0.46754032258064515,-0.1153637793016114,2332,148,598,0,0.0,0.0,0.0,0.9403225806451613,0.05967741935483871,0.7576348278102664,0.47016129032258064,-0.11036256842772221,9,0,5,5,0.0,0.0,0.0,,,3.1466331025802394,1589,"Sampled-label overlap, no point adjustment; delays among detected events only; no original-FPS seconds.",0.2666666666666666,0.37485066676243145,,3.348457098007202,3078,598,True
S06,0,dino_full_ema,0.01019108280254777,0.054140127388535034,0.0044618771844652984,-0.10846462464224843,-0.1258457457044014,0.5987154763189124,0.21422328133163596,0.21380092543628026,0.4739290844978451,0.0,0.0,0.8875,2319,161,598,0,0.0,0.0,0.0,0.9350806451612903,0.06491935483870968,0.753411306042885,0.46754032258064515,-0.1153637793016114,2330,150,598,0,0.0,0.0,0.0,0.9395161290322581,0.06048387096774194,0.7569850552306693,0.46975806451612906,-0.11114369858220481,9,0,5,5,0.0,0.0,0.0,,,3.1466331025802394,1589,"Sampled-label overlap, no point adjustment; delays among detected events only; no original-FPS seconds.",0.29999999999999993,0.3907236826354473,,3.1486125655045947,3078,598,True
S06,0,dino_state_pca,0.01019108280254777,0.04538216560509554,0.0007519470527768135,0.00031096208840608597,0.0003957431763410568,0.6297604919624555,0.2322469167467855,0.2317771794968025,0.47368421052631576,0.0,0.0,0.9399193548387097,2307,173,598,0,0.0,0.0,0.0,0.930241935483871,0.06975806451612904,0.7495126705653021,0.4651209677419355,-0.11983253170983249,2323,157,598,0,0.0,0.0,0.0,0.9366935483870967,0.06330645161290323,0.7547108512020793,0.46834677419354837,-0.11384364681769396,9,0,6,6,0.0,0.0,0.0,,,3.775959723096287,1589,"Sampled-label overlap, no point adjustment; delays among detected events only; no original-FPS seconds.",0.3111111111111111,0.3954861009685571,,0.009049133397638798,3078,598,True
S06,1,dino_global_pca,0.01019108280254777,0.05334394904458599,0.0008865837007761002,0.0007519647479057312,0.0006752219051122665,0.5237441336713777,0.18510489530815927,0.1846656992880597,0.47376583518349225,0.0,0.0,0.9141129032258064,2324,156,598,0,0.0,0.0,0.0,0.9370967741935484,0.06290322580645161,0.7550357374918778,0.4685483870967742,-0.11346108830774894,2335,145,598,0,0.0,0.0,0.0,0.9415322580645161,0.05846774193548387,0.7586094866796621,0.47076612903225806,-0.10918242128396417,9,0,4,4,0.0,0.0,0.0,,,2.5173064820641913,1589,"Sampled-label overlap, no point adjustment; delays among detected events only; no original-FPS seconds.",0.29999999999999993,0.38835603967182913,,0.0064484174363315105,3078,598,True
S06,1,visual_state_transition,0.003821656050955414,0.003980891719745223,0.0,0.0,0.0,0.49879032258064515,0.19428200129954515,0.09714100064977257,0.49880282956328154,0.0,0.0,1.0,2474,6,598,0,0.0,0.0,0.0,0.9975806451612903,0.0024193548387096775,0.8037686809616634,0.49879032258064515,-0.0217015008957683,2480,0,598,0,0.0,0.0,0.0,1.0,0.0,0.8057179987004548,0.5,0.0,9,0,0,0,0.0,0.0,0.0,,,0.0,1589,"Sampled-label overlap, no point adjustment; delays among detected events only; no original-FPS seconds.",0.3,0.47368421052631576,,0.0,3078,598,True
S06,1,dino_frame_plain_ae,0.01019108280254777,0.05573248407643312,0.04456781595945358,0.03468368574976921,0.03253679722547531,0.5281523087711727,0.1889939973640648,0.18855235693309175,0.4739361822941213,0.0,0.0,0.980241935483871,2295,185,598,0,0.0,0.0,0.0,0.9254032258064516,0.07459677419354839,0.7456140350877193,0.4627016129032258,-0.12417563769435548,2309,171,598,0,0.0,0.0,0.0,0.9310483870967742,0.06895161290322581,0.7501624431448993,0.4655241935483871,-0.11909685437098083,9,0,6,6,0.0,0.0,0.0,,,3.775959723096287,1589,"Sampled-label overlap, no point adjustment; delays among detected events only; no original-FPS seconds.",0.28888888888888886,0.38813558111803725,,0.3030856251716614,3078,598,True
S06,1,dino_frame_denoising_ae,0.01019108280254777,0.050955414012738856,0.031169673427939415,0.01873115263879299,0.020369524136185646,0.6032163663825656,0.2225963853553948,0.22211576994712942,0.4739077911090165,0.0,0.0,0.9616935483870968,2319,161,598,0,0.0,0.0,0.0,0.9350806451612903,0.06491935483870968,0.753411306042885,0.46754032258064515,-0.1153637793016114,2335,145,598,0,0.0,0.0,0.0,0.9415322580645161,0.05846774193548387,0.7586094866796621,0.47076612903225806,-0.10918242128396417,9,0,4,4,0.0,0.0,0.0,,,2.5173064820641913,1589,"Sampled-label overlap, no point adjustment; delays among detected events only; no original-FPS seconds.",0.28888888888888886,0.38813558111803725,,0.2644040882587433,3078,598,True
S06,1,dino_frame_forecast,0.01019108280254777,0.050955414012738856,0.0524354949593544,0.046043284237384796,0.043547213077545166,0.5620785683460999,0.19806864585686101,0.19769506690624444,0.4743372077837273,0.0,0.0,0.9056451612903226,2316,164,598,0,0.0,0.0,0.0,0.9338709677419355,0.06612903225806452,0.7524366471734892,0.4669354838709677,-0.11649355585336561,2336,144,598,0,0.0,0.0,0.0,0.9419354838709677,0.05806451612903226,0.7589343729694606,0.47096774193548385,-0.10878673508501464,9,0,4,4,0.0,0.0,0.0,,,2.5173064820641913,1589,"Sampled-label overlap, no point adjustment; delays among detected events only; no original-FPS seconds.",0.2,0.35456847981357786,,0.4192572236061096,3078,598,True
S06,1,dino_spatiotemporal,0.01019108280254777,0.05334394904458599,-0.0039676642045378685,-0.15794339776039124,-0.15141156315803528,0.5945874689826304,0.21318110769048743,0.21275471652846473,0.47395392678481185,0.0,0.0,0.9092741935483871,2319,161,598,0,0.0,0.0,0.0,0.9350806451612903,0.06491935483870968,0.753411306042885,0.46754032258064515,-0.1153637793016114,2331,149,598,0,0.0,0.0,0.0,0.9399193548387097,0.06008064516129032,0.7573099415204678,0.46995967741935485,-0.11075368881296124,9,0,4,4,0.0,0.0,0.0,,,2.5173064820641913,1589,"Sampled-label overlap, no point adjustment; delays among detected events only; no original-FPS seconds.",0.31111111111111106,0.3899183605065958,,3.66447114944458,3078,598,True
S06,1,dino_visual_state,0.01019108280254777,0.050955414012738856,0.0012310968013480306,-0.17454969882965088,-0.15155844390392303,0.6031118513323982,0.2225482296021842,0.22206810646994096,0.4739077911090165,0.0,0.0,0.9616935483870968,2318,162,598,0,0.0,0.0,0.0,0.9346774193548387,0.06532258064516129,0.7530864197530864,0.46733870967741936,-0.11574133811076426,2335,145,598,0,0.0,0.0,0.0,0.9415322580645161,0.05846774193548387,0.7586094866796621,0.47076612903225806,-0.10918242128396417,9,0,4,4,0.0,0.0,0.0,,,2.5173064820641913,1589,"Sampled-label overlap, no point adjustment; delays among detected events only; no original-FPS seconds.",0.28888888888888886,0.38813558111803725,,3.272977590560913,3078,598,True
S06,1,dino_full,0.01019108280254777,0.054140127388535034,-0.004433050751686096,-0.13719552755355835,-0.13310803472995758,0.5939266641493149,0.2124201028548302,0.21199568735806804,0.47395392678481185,0.0,0.0,0.9008064516129032,2319,161,598,0,0.0,0.0,0.0,0.9350806451612903,0.06491935483870968,0.753411306042885,0.46754032258064515,-0.1153637793016114,2331,149,598,0,0.0,0.0,0.0,0.9399193548387097,0.06008064516129032,0.7573099415204678,0.46995967741935485,-0.11075368881296124,9,0,4,4,0.0,0.0,0.0,,,2.5173064820641913,1589,"Sampled-label overlap, no point adjustment; delays among detected events only; no original-FPS seconds.",0.28888888888888886,0.38135938135938136,,3.278834104537964,3078,598,True
S06,1,dino_full_ema,0.01019108280254777,0.052547770700636945,-0.003908153702987423,-0.10495359476885653,-0.13148980322253867,0.5943811360448807,0.21282919711507836,0.2124078444716072,0.4738793999239116,0.0,0.0,0.8995967741935483,2321,159,598,0,0.0,0.0,0.0,0.9358870967741936,0.06411290322580646,0.7540610786224822,0.4679435483870968,-0.11460571269801052,2331,149,598,0,0.0,0.0,0.0,0.9399193548387097,0.06008064516129032,0.7573099415204678,0.46995967741935485,-0.11075368881296124,9,0,5,5,0.0,0.0,0.0,,,3.1466331025802394,1589,"Sampled-label overlap, no point adjustment; delays among detected events only; no original-FPS seconds.",0.29999999999999993,0.3907236826354473,,3.123206054050494,3078,598,True
S06,1,dino_state_pca,0.01019108280254777,0.04538216560509554,0.0007519470527768135,0.00031096208840608597,0.0003957431763410568,0.6297604919624555,0.2322469167467855,0.2317771794968025,0.47368421052631576,0.0,0.0,0.9399193548387097,2307,173,598,0,0.0,0.0,0.0,0.930241935483871,0.06975806451612904,0.7495126705653021,0.4651209677419355,-0.11983253170983249,2323,157,598,0,0.0,0.0,0.0,0.9366935483870967,0.06330645161290323,0.7547108512020793,0.46834677419354837,-0.11384364681769396,9,0,6,6,0.0,0.0,0.0,,,3.775959723096287,1589,"Sampled-label overlap, no point adjustment; delays among detected events only; no original-FPS seconds.",0.3111111111111111,0.3954861009685571,,0.009049133397638798,3078,598,True
S06,2,dino_global_pca,0.01019108280254777,0.05334394904458599,0.0008865837007761002,0.0007519647479057312,0.0006752219051122665,0.5237441336713777,0.18510489530815927,0.1846656992880597,0.47376583518349225,0.0,0.0,0.9141129032258064,2324,156,598,0,0.0,0.0,0.0,0.9370967741935484,0.06290322580645161,0.7550357374918778,0.4685483870967742,-0.11346108830774894,2335,145,598,0,0.0,0.0,0.0,0.9415322580645161,0.05846774193548387,0.7586094866796621,0.47076612903225806,-0.10918242128396417,9,0,4,4,0.0,0.0,0.0,,,2.5173064820641913,1589,"Sampled-label overlap, no point adjustment; delays among detected events only; no original-FPS seconds.",0.29999999999999993,0.38835603967182913,,0.0064484174363315105,3078,598,True
S06,2,visual_state_transition,0.003821656050955414,0.003980891719745223,0.0,0.0,0.0,0.49879032258064515,0.19428200129954515,0.09714100064977257,0.49880282956328154,0.0,0.0,1.0,2474,6,598,0,0.0,0.0,0.0,0.9975806451612903,0.0024193548387096775,0.8037686809616634,0.49879032258064515,-0.0217015008957683,2480,0,598,0,0.0,0.0,0.0,1.0,0.0,0.8057179987004548,0.5,0.0,9,0,0,0,0.0,0.0,0.0,,,0.0,1589,"Sampled-label overlap, no point adjustment; delays among detected events only; no original-FPS seconds.",0.3,0.47368421052631576,,0.0,3078,598,True
S06,2,dino_frame_plain_ae,0.01019108280254777,0.054140127388535034,0.04487428069114685,0.0343172624707222,0.032333631068468094,0.5599916387959867,0.2013428525581511,0.20087607401982302,0.4742129963488936,0.0,0.0,0.9616935483870968,2332,148,598,0,0.0,0.0,0.0,0.9403225806451613,0.05967741935483871,0.7576348278102664,0.47016129032258064,-0.11036256842772221,2342,138,598,0,0.0,0.0,0.0,0.9443548387096774,0.055645161290322584,0.7608836907082521,0.4721774193548387,-0.10638750638187762,9,0,5,5,0.0,0.0,0.0,,,3.1466331025802394,1589,"Sampled-label overlap, no point adjustment; delays among detected events only; no original-FPS seconds.",0.2333333333333333,0.3730304792482295,,0.34218981862068176,3078,598,True
S06,2,dino_frame_denoising_ae,0.01019108280254777,0.050955414012738856,0.03132198005914688,0.01896832510828972,0.02028724178671837,0.5967539648289999,0.21942925616609033,0.21894751565926318,0.4740426492382645,0.0,0.0,0.9737903225806451,2307,173,598,0,0.0,0.0,0.0,0.930241935483871,0.06975806451612904,0.7495126705653021,0.4651209677419355,-0.11983253170983249,2322,158,598,0,0.0,0.0,0.0,0.9362903225806452,0.06370967741935483,0.7543859649122807,0.4681451612903226,-0.11422518479460221,9,0,5,5,0.0,0.0,0.0,,,3.1466331025802394,1589,"Sampled-label overlap, no point adjustment; delays among detected events only; no original-FPS seconds.",0.28888888888888886,0.38813558111803725,,0.2603199779987335,3078,598,True
S06,2,dino_frame_forecast,0.01019108280254777,0.05015923566878981,0.05100356042385101,0.04537392407655716,0.042874448001384735,0.5622100550221167,0.19832395732556962,0.19795089525951118,0.47444367472787047,0.0,0.0,0.8899193548387097,2311,169,598,0,0.0,0.0,0.0,0.9318548387096774,0.06814516129032258,0.7508122157244964,0.4659274193548387,-0.11835762537422681,2333,147,598,0,0.0,0.0,0.0,0.9407258064516129,0.059274193548387095,0.757959714100065,0.47036290322580643,-0.10997032530153043,9,0,6,6,0.0,0.0,0.0,,,3.775959723096287,1589,"Sampled-label overlap, no point adjustment; delays among detected events only; no original-FPS seconds.",0.19999999999999998,0.35548438489614964,,0.40511783957481384,3078,598,True
S06,2,dino_spatiotemporal,0.01019108280254777,0.0517515923566879,0.00017562927678227425,-0.16339969635009766,-0.1532064974308014,0.5916071043262487,0.2116851515620672,0.21125850653495776,0.47423783863586033,0.0,0.0,0.9383064516129033,2306,174,598,0,0.0,0.0,0.0,0.9298387096774193,0.07016129032258064,0.7491877842755036,0.46491935483870966,-0.1201990595482718,2321,159,598,0,0.0,0.0,0.0,0.9358870967741936,0.06411290322580646,0.7540610786224822,0.4679435483870968,-0.11460571269801052,9,0,5,5,0.0,0.0,0.0,,,3.1466331025802394,1589,"Sampled-label overlap, no point adjustment; delays among detected events only; no original-FPS seconds.",0.31111111111111106,0.3899183605065958,,3.603909969329834,3078,598,True
S06,2,dino_visual_state,0.01019108280254777,0.050955414012738856,0.0005202125757932663,-0.1777178943157196,-0.15874415636062622,0.5966717013701586,0.21939113107386607,0.21890982433952222,0.4740426492382645,0.0,0.0,0.9737903225806451,2307,173,598,0,0.0,0.0,0.0,0.930241935483871,0.06975806451612904,0.7495126705653021,0.4651209677419355,-0.11983253170983249,2322,158,598,0,0.0,0.0,0.0,0.9362903225806452,0.06370967741935483,0.7543859649122807,0.4681451612903226,-0.11422518479460221,9,0,5,5,0.0,0.0,0.0,,,3.1466331025802394,1589,"Sampled-label overlap, no point adjustment; delays among detected events only; no original-FPS seconds.",0.28888888888888886,0.38813558111803725,,3.2943320274353027,3078,598,True
S06,2,dino_full,0.01019108280254777,0.0517515923566879,0.00333538930863142,-0.14431019127368927,-0.13480603694915771,0.5912005070665659,0.21109653364394254,0.2106714852820399,0.4742697787191033,0.0,0.0,0.9306451612903226,2305,175,598,0,0.0,0.0,0.0,0.9294354838709677,0.07056451612903226,0.748862897985705,0.4647177419354839,-0.12056472447839052,2323,157,598,0,0.0,0.0,0.0,0.9366935483870967,0.06330645161290323,0.7547108512020793,0.46834677419354837,-0.11384364681769396,9,0,4,4,0.0,0.0,0.0,,,2.5173064820641913,1589,"Sampled-label overlap, no point adjustment; delays among detected events only; no original-FPS seconds.",0.29999999999999993,0.3846273552155905,,3.242786169052124,3078,598,True
S06,2,dino_full_ema,0.01019108280254777,0.052547770700636945,-0.0024068057359167266,-0.10193989617030036,-0.13531805246859518,0.5918249002049843,0.21160350149733598,0.21118153266702133,0.47412782279357907,0.0,0.0,0.9399193548387097,2300,180,598,0,0.0,0.0,0.0,0.9274193548387096,0.07258064516129033,0.7472384665367121,0.4637096774193548,-0.12238038456119356,2312,168,598,0,0.0,0.0,0.0,0.932258064516129,0.06774193548387097,0.751137102014295,0.4661290322580645,-0.11798665749506311,9,0,7,7,0.0,0.0,0.0,,,4.405286343612335,1589,"Sampled-label overlap, no point adjustment; delays among detected events only; no original-FPS seconds.",0.3111111111111111,0.3939644233761881,,3.0082688084475238,3078,598,True
S06,2,dino_state_pca,0.01019108280254777,0.04538216560509554,0.0007519470527768135,0.00031096208840608597,0.0003957431763410568,0.6297604919624555,0.2322469167467855,0.2317771794968025,0.47368421052631576,0.0,0.0,0.9399193548387097,2307,173,598,0,0.0,0.0,0.0,0.930241935483871,0.06975806451612904,0.7495126705653021,0.4651209677419355,-0.11983253170983249,2323,157,598,0,0.0,0.0,0.0,0.9366935483870967,0.06330645161290323,0.7547108512020793,0.46834677419354837,-0.11384364681769396,9,0,6,6,0.0,0.0,0.0,,,3.775959723096287,1589,"Sampled-label overlap, no point adjustment; delays among detected events only; no original-FPS seconds.",0.3111111111111111,0.3954861009685571,,0.009049133397638798,3078,598,True
S07,0,dino_global_pca,0.010101010101010102,0.011574074074074073,0.0012260191142559052,0.0007844259962439537,0.0005273111164569855,0.5177385141579242,0.15976032338395918,0.15922720303859403,0.47404770023522974,0.0,0.0,0.9217614365113296,2247,92,468,0,0.0,0.0,0.0,0.9606669516887559,0.03933304831124412,0.800498753117207,0.48033347584437797,-0.08234112803671141,2251,88,468,0,0.0,0.0,0.0,0.9623770842240273,0.03762291577597264,0.8019237620235127,0.4811885421120137,-0.08047195419049831,11,0,2,2,0.0,0.0,0.0,,,1.5432098765432098,1296,"Sampled-label overlap, no point adjustment; delays among detected events only; no original-FPS seconds.",0.16666666666666669,0.39369847773485545,,0.026170337572693825,2807,468,True
S07,0,visual_state_transition,0.007575757575757576,0.006944444444444444,0.0,0.0,0.0,0.4869926698165261,0.16411720984565056,0.12877429749309116,0.4883450484581334,0.0,0.023504273504273504,1.0,2309,30,468,0,0.0,0.0,0.0,0.9871740059854639,0.012825994014536126,0.8225863911649448,0.49358700299273195,-0.046492243434845516,2339,0,468,0,0.0,0.0,0.0,1.0,0.0,0.8332739579622372,0.5,0.0,11,0,0,0,0.0,0.0,0.0,,,0.0,1296,"Sampled-label overlap, no point adjustment; delays among detected events only; no original-FPS seconds.",0.4,0.5338235294117647,,4.569815635681152,2807,468,True
S07,0,dino_frame_plain_ae,0.010101010101010102,0.011574074074074073,0.08295585215091705,0.05373389646410942,0.034490592777729034,0.5243100090256995,0.1617633313185478,0.1612354700188024,0.4737173861743516,0.0,0.0,0.9016673792218897,2247,92,468,0,0.0,0.0,0.0,0.9606669516887559,0.03933304831124412,0.800498753117207,0.48033347584437797,-0.08234112803671141,2249,90,468,0,0.0,0.0,0.0,0.9615220179563916,0.03847798204360838,0.8012112575703598,0.4807610089781958,-0.0814112177818096,11,0,2,2,0.0,0.0,0.0,,,1.5432098765432098,1296,"Sampled-label overlap, no point adjustment; delays among detected events only; no original-FPS seconds.",0.15555555555555559,0.38869847773485544,,1.3349087238311768,2807,468,True
S07,0,dino_frame_denoising_ae,0.010101010101010102,0.010030864197530864,0.056558504700660706,0.03499917685985565,0.020996320992708206,0.546429367506751,0.17326931607185947,0.17271776745712947,0.4739856761975976,0.0,0.0,0.9093629756306114,2252,87,468,0,0.0,0.0,0.0,0.9628046173578453,0.037195382642154766,0.8022800142500891,0.48140230867892264,-0.07999871110296373,2255,84,468,0,0.0,0.0,0.0,0.9640872167592989,0.03591278324070116,0.8033487709298183,0.48204360837964944,-0.07856400923022511,11,0,2,2,0.0,0.0,0.0,,,1.5432098765432098,1296,"Sampled-label overlap, no point adjustment; delays among detected events only; no original-FPS seconds.",0.30000000000000004,0.4430435770799548,,1.2154346704483032,2807,468,True
S07,0,dino_frame_forecast,0.010101010101010102,0.011574074074074073,0.14656245708465576,0.10668417066335678,0.0662798136472702,0.6558294325502534,0.2113032286466599,0.2107881450176976,0.47725371793237054,0.0,0.0,0.6819153484395041,2244,95,468,0,0.0,0.0,0.0,0.9593843522873022,0.04061564771269773,0.7994299964374777,0.4796921761436511,-0.08371914332618824,2250,89,468,0,0.0,0.0,0.0,0.9619495510902095,0.03805044890979051,0.8015675097969363,0.48097477554510476,-0.08094277561873321,11,0,3,3,0.0,0.0,0.0,,,2.314814814814815,1296,"Sampled-label overlap, no point adjustment; delays among detected events only; no original-FPS seconds.",0.2444444444444445,0.41451238304179483,,1.7195593118667603,2807,468,True
S07,0,dino_fewshot3_denoising_ae,0.010101010101010102,0.013117283950617283,0.1982959806919098,0.15503646433353424,0.1339217722415924,0.4523126984649003,0.1382252001279325,0.13774447007488444,0.47368421052631576,0.0,0.0,0.8349722103463019,2265,74,468,0,0.0,0.0,0.0,0.9683625480974776,0.03163745190252244,0.8069112931955825,0.4841812740487388,-0.07360441403859096,2270,69,468,0,0.0,0.0,0.0,0.9705002137665669,0.029499786233433092,0.8086925543284645,0.48525010688328346,-0.07100936665251316,11,0,4,4,0.0,0.0,0.0,,,3.0864197530864197,1296,"Sampled-label overlap, no point adjustment; delays among detected events only; no original-FPS seconds.",0.07777777777777778,0.3671461411825189,,2.035867929458618,2807,468,True
S07,0,dino_spatiotemporal,0.010101010101010102,0.010030864197530864,0.005470348987728357,-0.0907709151506424,-0.16868510842323303,0.6423415843574031,0.20244379742583754,0.20192366254998537,0.47395250054956184,0.0,0.0,0.7097050021376656,2246,93,468,0,0.0,0.0,0.0,0.960239418554938,0.03976058144506199,0.8001425008906305,0.480119709277469,-0.08280267519834925,2249,90,468,0,0.0,0.0,0.0,0.9615220179563916,0.03847798204360838,0.8012112575703598,0.4807610089781958,-0.0814112177818096,11,0,2,2,0.0,0.0,0.0,,,1.5432098765432098,1296,"Sampled-label overlap, no point adjustment; delays among detected events only; no original-FPS seconds.",0.2666666666666667,0.42138444372964495,,4.611214637756348,2807,468,True
S07,0,dino_visual_state,0.010101010101010102,0.010030864197530864,0.011256333440542221,-0.0677836686372757,-0.12976181507110596,0.5289489262340908,0.16449943274931433,0.16397451038068506,0.473961635872934,0.0,0.0,0.910645575032065,2252,87,468,0,0.0,0.0,0.0,0.9628046173578453,0.037195382642154766,0.8022800142500891,0.48140230867892264,-0.07999871110296373,2255,84,468,0,0.0,0.0,0.0,0.9640872167592989,0.03591278324070116,0.8033487709298183,0.48204360837964944,-0.07856400923022511,11,0,2,2,0.0,0.0,0.0,,,1.5432098765432098,1296,"Sampled-label overlap, no point adjustment; delays among detected events only; no original-FPS seconds.",0.23333333333333334,0.4134187574551351,,4.339687347412109,2807,468,True
S07,0,dino_full,0.010101010101010102,0.010030864197530864,0.021932026371359825,-0.07269993424415588,-0.14922171831130981,0.6232208957732686,0.19146843868986607,0.19097052543815443,0.47394288441969634,0.0,0.0,0.711842667806755,2246,93,468,0,0.0,0.0,0.0,0.960239418554938,0.03976058144506199,0.8001425008906305,0.480119709277469,-0.08280267519834925,2249,90,468,0,0.0,0.0,0.0,0.9615220179563916,0.03847798204360838,0.8012112575703598,0.4807610089781958,-0.0814112177818096,11,0,2,2,0.0,0.0,0.0,,,1.5432098765432098,1296,"Sampled-label overlap, no point adjustment; delays among detected events only; no original-FPS seconds.",0.21111111111111114,0.4020904534062429,,4.128317832946777,2807,468,True
S07,0,dino_full_ema,0.010101010101010102,0.013117283950617283,0.02183334207236969,-0.06733872978797334,-0.14024903605289457,0.6168983384673851,0.18906586732207495,0.18857066581238,0.4737173861743516,0.0,0.0,0.7174005985463874,2246,93,468,0,0.0,0.0,0.0,0.960239418554938,0.03976058144506199,0.8001425008906305,0.480119709277469,-0.08280267519834925,2250,89,468,0,0.0,0.0,0.0,0.9619495510902095,0.03805044890979051,0.8015675097969363,0.48097477554510476,-0.08094277561873321,11,0,2,2,0.0,0.0,0.0,,,1.5432098765432098,1296,"Sampled-label overlap, no point adjustment; delays among detected events only; no original-FPS seconds.",0.22222222222222227,0.41014073645652593,,3.891227460994257,2807,468,True
S07,0,dino_state_pca,0.010101010101010102,0.010802469135802469,0.0012951549142599106,0.000826696865260601,0.0004170164465904236,0.5528131314792281,0.17376973229100612,0.17320066506780815,0.4742251178312473,0.0,0.0,0.9298845660538692,2244,95,468,0,0.0,0.0,0.0,0.9593843522873022,0.04061564771269773,0.7994299964374777,0.4796921761436511,-0.08371914332618824,2249,90,468,0,0.0,0.0,0.0,0.9615220179563916,0.03847798204360838,0.8012112575703598,0.4807610089781958,-0.0814112177818096,11,0,2,2,0.0,0.0,0.0,,,1.5432098765432098,1296,"Sampled-label overlap, no point adjustment; delays among detected events only; no original-FPS seconds.",0.2888888888888889,0.43540468819106587,,0.028207965195178986,2807,468,True
S07,1,dino_global_pca,0.010101010101010102,0.011574074074074073,0.0012260191142559052,0.0007844259962439537,0.0005273111164569855,0.5177385141579242,0.15976032338395918,0.15922720303859403,0.47404770023522974,0.0,0.0,0.9217614365113296,2247,92,468,0,0.0,0.0,0.0,0.9606669516887559,0.03933304831124412,0.800498753117207,0.48033347584437797,-0.08234112803671141,2251,88,468,0,0.0,0.0,0.0,0.9623770842240273,0.03762291577597264,0.8019237620235127,0.4811885421120137,-0.08047195419049831,11,0,2,2,0.0,0.0,0.0,,,1.5432098765432098,1296,"Sampled-label overlap, no point adjustment; delays among detected events only; no original-FPS seconds.",0.16666666666666669,0.39369847773485545,,0.026170337572693825,2807,468,True
S07,1,visual_state_transition,0.007575757575757576,0.006944444444444444,0.0,0.0,0.0,0.4869926698165261,0.16411720984565056,0.12877429749309116,0.4883450484581334,0.0,0.023504273504273504,1.0,2309,30,468,0,0.0,0.0,0.0,0.9871740059854639,0.012825994014536126,0.8225863911649448,0.49358700299273195,-0.046492243434845516,2339,0,468,0,0.0,0.0,0.0,1.0,0.0,0.8332739579622372,0.5,0.0,11,0,0,0,0.0,0.0,0.0,,,0.0,1296,"Sampled-label overlap, no point adjustment; delays among detected events only; no original-FPS seconds.",0.4,0.5338235294117647,,4.569815635681152,2807,468,True
S07,1,dino_frame_plain_ae,0.010101010101010102,0.011574074074074073,0.08705970644950867,0.056961335241794586,0.038177214562892914,0.512334513617113,0.15743720876821657,0.15690881463651313,0.4737943152132752,0.0,0.0,0.917058572039333,2253,86,468,0,0.0,0.0,0.0,0.9632321504916631,0.0367678495083369,0.8026362664766655,0.48161607524583155,-0.07952300273472884,2257,82,468,0,0.0,0.0,0.0,0.9649422830269346,0.035057716973065416,0.8040612753829711,0.4824711415134673,-0.07759459818377035,11,0,2,2,0.0,0.0,0.0,,,1.5432098765432098,1296,"Sampled-label overlap, no point adjustment; delays among detected events only; no original-FPS seconds.",0.16666666666666669,0.39369847773485545,,1.3379215002059937,2807,468,True
S07,1,dino_frame_denoising_ae,0.010101010101010102,0.013117283950617283,0.05980434641242027,0.03821106255054474,0.0220901221036911,0.5478508238234617,0.1715903295611836,0.1710384544966908,0.47414818879232373,0.0,0.0,0.9226165027789653,2253,86,468,0,0.0,0.0,0.0,0.9632321504916631,0.0367678495083369,0.8026362664766655,0.48161607524583155,-0.07952300273472884,2256,83,468,0,0.0,0.0,0.0,0.9645147498931167,0.03548525010688328,0.8037050231563947,0.48225737494655835,-0.07808063024928348,11,0,2,2,0.0,0.0,0.0,,,1.5432098765432098,1296,"Sampled-label overlap, no point adjustment; delays among detected events only; no original-FPS seconds.",0.2777777777777778,0.4319324659688436,,1.3263773918151855,2807,468,True
S07,1,dino_frame_forecast,0.010101010101010102,0.013117283950617283,0.1523371934890747,0.1067565307021141,0.06992390006780624,0.652575430365084,0.2111773244505421,0.21064725560411587,0.47845381093957856,0.0,0.0,0.6836254809747755,2248,91,468,0,0.0,0.0,0.0,0.9610944848225738,0.03890551517742625,0.8008550053437834,0.4805472424112869,-0.08187732189432821,2251,88,468,0,0.0,0.0,0.0,0.9623770842240273,0.03762291577597264,0.8019237620235127,0.4811885421120137,-0.08047195419049831,11,0,2,2,0.0,0.0,0.0,,,1.5432098765432098,1296,"Sampled-label overlap, no point adjustment; delays among detected events only; no original-FPS seconds.",0.24444444444444446,0.41438417791358967,,1.928878903388977,2807,468,True
S07,1,dino_spatiotemporal,0.010101010101010102,0.013117283950617283,0.010626097209751606,-0.09450185298919678,-0.1652851551771164,0.636971384513069,0.20076454399825516,0.20024005578756904,0.4738419150561092,0.0,0.0,0.7742625053441642,2250,89,468,0,0.0,0.0,0.0,0.9619495510902095,0.03805044890979051,0.8015675097969363,0.48097477554510476,-0.08094277561873321,2254,85,468,0,0.0,0.0,0.0,0.9636596836254809,0.036340316374519024,0.8029925187032418,0.48182984181274047,-0.07904478418690654,11,0,2,2,0.0,0.0,0.0,,,1.5432098765432098,1296,"Sampled-label overlap, no point adjustment; delays among detected events only; no original-FPS seconds.",0.22222222222222224,0.4077247700699713,,4.751464366912842,2807,468,True
S07,1,dino_visual_state,0.010101010101010102,0.013117283950617283,0.0112554170191288,-0.06830034404993057,-0.1259317547082901,0.5306371339932691,0.16345660889643107,0.1629308767299806,0.4742626207377226,0.0,0.0,0.9247541684480547,2253,86,468,0,0.0,0.0,0.0,0.9632321504916631,0.0367678495083369,0.8026362664766655,0.48161607524583155,-0.07952300273472884,2256,83,468,0,0.0,0.0,0.0,0.9645147498931167,0.03548525010688328,0.8037050231563947,0.48225737494655835,-0.07808063024928348,11,0,2,2,0.0,0.0,0.0,,,1.5432098765432098,1296,"Sampled-label overlap, no point adjustment; delays among detected events only; no original-FPS seconds.",0.15555555555555556,0.38809241712879483,,4.372351169586182,2807,468,True
S07,1,dino_full,0.010101010101010102,0.013117283950617283,0.026593022048473358,-0.0708005428314209,-0.1460888385772705,0.6188706547834381,0.19025036766491005,0.18974746380248808,0.47392220974048566,0.0,0.0,0.7614365113296281,2250,89,468,0,0.0,0.0,0.0,0.9619495510902095,0.03805044890979051,0.8015675097969363,0.48097477554510476,-0.08094277561873321,2254,85,468,0,0.0,0.0,0.0,0.9636596836254809,0.036340316374519024,0.8029925187032418,0.48182984181274047,-0.07904478418690654,11,0,2,2,0.0,0.0,0.0,,,1.5432098765432098,1296,"Sampled-label overlap, no point adjustment; delays among detected events only; no original-FPS seconds.",0.20000000000000004,0.39879619864139987,,4.270063400268555,2807,468,True
S07,1,dino_full_ema,0.010101010101010102,0.012345679012345678,0.023860381776367286,-0.06703066618038397,-0.13468187841415408,0.6122110040451212,0.18773274939816118,0.18723319871487684,0.47368421052631576,0.0,0.0,0.718683197947841,2251,88,468,0,0.0,0.0,0.0,0.9623770842240273,0.03762291577597264,0.8019237620235127,0.4811885421120137,-0.08047195419049831,2255,84,468,0,0.0,0.0,0.0,0.9640872167592989,0.03591278324070116,0.8033487709298183,0.48204360837964944,-0.07856400923022511,11,0,2,2,0.0,0.0,0.0,,,1.5432098765432098,1296,"Sampled-label overlap, no point adjustment; delays among detected events only; no original-FPS seconds.",0.2,0.40184241712879487,,4.150642916447711,2807,468,True
S07,1,dino_state_pca,0.010101010101010102,0.010802469135802469,0.0012951549142599106,0.000826696865260601,0.0004170164465904236,0.5528131314792281,0.17376973229100612,0.17320066506780815,0.4742251178312473,0.0,0.0,0.9298845660538692,2244,95,468,0,0.0,0.0,0.0,0.9593843522873022,0.04061564771269773,0.7994299964374777,0.4796921761436511,-0.08371914332618824,2249,90,468,0,0.0,0.0,0.0,0.9615220179563916,0.03847798204360838,0.8012112575703598,0.4807610089781958,-0.0814112177818096,11,0,2,2,0.0,0.0,0.0,,,1.5432098765432098,1296,"Sampled-label overlap, no point adjustment; delays among detected events only; no original-FPS seconds.",0.2888888888888889,0.43540468819106587,,0.028207965195178986,2807,468,True
S07,2,dino_global_pca,0.010101010101010102,0.011574074074074073,0.0012260191142559052,0.0007844259962439537,0.0005273111164569855,0.5177385141579242,0.15976032338395918,0.15922720303859403,0.47404770023522974,0.0,0.0,0.9217614365113296,2247,92,468,0,0.0,0.0,0.0,0.9606669516887559,0.03933304831124412,0.800498753117207,0.48033347584437797,-0.08234112803671141,2251,88,468,0,0.0,0.0,0.0,0.9623770842240273,0.03762291577597264,0.8019237620235127,0.4811885421120137,-0.08047195419049831,11,0,2,2,0.0,0.0,0.0,,,1.5432098765432098,1296,"Sampled-label overlap, no point adjustment; delays among detected events only; no original-FPS seconds.",0.16666666666666669,0.39369847773485545,,0.026170337572693825,2807,468,True
S07,2,visual_state_transition,0.007575757575757576,0.006944444444444444,0.0,0.0,0.0,0.4869926698165261,0.16411720984565056,0.12877429749309116,0.4883450484581334,0.0,0.023504273504273504,1.0,2309,30,468,0,0.0,0.0,0.0,0.9871740059854639,0.012825994014536126,0.8225863911649448,0.49358700299273195,-0.046492243434845516,2339,0,468,0,0.0,0.0,0.0,1.0,0.0,0.8332739579622372,0.5,0.0,11,0,0,0,0.0,0.0,0.0,,,0.0,1296,"Sampled-label overlap, no point adjustment; delays among detected events only; no original-FPS seconds.",0.4,0.5338235294117647,,4.569815635681152,2807,468,True
S07,2,dino_frame_plain_ae,0.010101010101010102,0.011574074074074073,0.08679047971963882,0.05583210662007332,0.0370168462395668,0.5095034769040754,0.15711037140768006,0.15659001348512203,0.47371257810941886,0.0,0.0,0.9149209063702437,2249,90,468,0,0.0,0.0,0.0,0.9615220179563916,0.03847798204360838,0.8012112575703598,0.4807610089781958,-0.0814112177818096,2252,87,468,0,0.0,0.0,0.0,0.9628046173578453,0.037195382642154766,0.8022800142500891,0.48140230867892264,-0.07999871110296373,11,0,2,2,0.0,0.0,0.0,,,1.5432098765432098,1296,"Sampled-label overlap, no point adjustment; delays among detected events only; no original-FPS seconds.",0.15555555555555559,0.38869847773485544,,1.254307746887207,2807,468,True
S07,2,dino_frame_denoising_ae,0.010101010101010102,0.011574074074074073,0.05685363709926605,0.03551889583468437,0.02095833420753479,0.5475493581521799,0.17252956325866453,0.1719761513977482,0.47387509070414496,0.0,0.0,0.9191962377084224,2249,90,468,0,0.0,0.0,0.0,0.9615220179563916,0.03847798204360838,0.8012112575703598,0.4807610089781958,-0.0814112177818096,2252,87,468,0,0.0,0.0,0.0,0.9628046173578453,0.037195382642154766,0.8022800142500891,0.48140230867892264,-0.07999871110296373,11,0,2,2,0.0,0.0,0.0,,,1.5432098765432098,1296,"Sampled-label overlap, no point adjustment; delays among detected events only; no original-FPS seconds.",0.32222222222222224,0.4501864342228119,,1.2490569353103638,2807,468,True
S07,2,dino_frame_forecast,0.010101010101010102,0.013888888888888888,0.1469540297985077,0.10478176176548004,0.06628744304180145,0.6578086003588355,0.2117117780017243,0.21119909842831286,0.4769171533870798,0.0,0.0,0.6994442069260368,2244,95,468,0,0.0,0.0,0.0,0.9593843522873022,0.04061564771269773,0.7994299964374777,0.4796921761436511,-0.08371914332618824,2247,92,468,0,0.0,0.0,0.0,0.9606669516887559,0.03933304831124412,0.800498753117207,0.48033347584437797,-0.08234112803671141,11,0,2,2,0.0,0.0,0.0,,,1.5432098765432098,1296,"Sampled-label overlap, no point adjustment; delays among detected events only; no original-FPS seconds.",0.22222222222222227,0.40617904970846147,,1.7295005321502686,2807,468,True
S07,2,dino_spatiotemporal,0.010101010101010102,0.013117283950617283,0.013187902048230171,-0.09380335360765457,-0.1644197255373001,0.6434136145551281,0.2020238512071066,0.20150359296808887,0.4737794102119837,0.0,0.0,0.7246686618212912,2244,95,468,0,0.0,0.0,0.0,0.9593843522873022,0.04061564771269773,0.7994299964374777,0.4796921761436511,-0.08371914332618824,2248,91,468,0,0.0,0.0,0.0,0.9610944848225738,0.03890551517742625,0.8008550053437834,0.4805472424112869,-0.08187732189432821,11,0,2,2,0.0,0.0,0.0,,,1.5432098765432098,1296,"Sampled-label overlap, no point adjustment; delays among detected events only; no original-FPS seconds.",0.2,0.4020805123668901,,4.4489426612854,2807,468,True
S07,2,dino_visual_state,0.010101010101010102,0.011574074074074073,0.014088249765336514,-0.06897139549255371,-0.12510278820991516,0.529977563645798,0.16406647972133098,0.16354005734070143,0.47383662618468314,0.0,0.0,0.9213339033775118,2249,90,468,0,0.0,0.0,0.0,0.9615220179563916,0.03847798204360838,0.8012112575703598,0.4807610089781958,-0.0814112177818096,2252,87,468,0,0.0,0.0,0.0,0.9628046173578453,0.037195382642154766,0.8022800142500891,0.48140230867892264,-0.07999871110296373,11,0,2,2,0.0,0.0,0.0,,,1.5432098765432098,1296,"Sampled-label overlap, no point adjustment; delays among detected events only; no original-FPS seconds.",0.16666666666666669,0.3916638457002234,,4.276486873626709,2807,468,True
S07,2,dino_full,0.010101010101010102,0.013117283950617283,0.021862735971808434,-0.07152590155601501,-0.14491190016269684,0.6253887080094861,0.19183083128627737,0.19133368172354925,0.47376017795225284,0.0,0.0,0.7195382642154767,2245,94,468,0,0.0,0.0,0.0,0.9598118854211202,0.040188114578879865,0.7997862486640541,0.4799059427105601,-0.08326200131866014,2248,91,468,0,0.0,0.0,0.0,0.9610944848225738,0.03890551517742625,0.8008550053437834,0.4805472424112869,-0.08187732189432821,11,0,2,2,0.0,0.0,0.0,,,1.5432098765432098,1296,"Sampled-label overlap, no point adjustment; delays among detected events only; no original-FPS seconds.",0.16666666666666669,0.3914257504621282,,3.99484920501709,2807,468,True
S07,2,dino_full_ema,0.010101010101010102,0.013117283950617283,0.02379962571816932,-0.06485794151400336,-0.13434802815568922,0.6196919203545966,0.18959160976132328,0.18909712648389854,0.47368421052631576,0.0,0.0,0.6913210773834972,2246,93,468,0,0.0,0.0,0.0,0.960239418554938,0.03976058144506199,0.8001425008906305,0.480119709277469,-0.08280267519834925,2250,89,468,0,0.0,0.0,0.0,0.9619495510902095,0.03805044890979051,0.8015675097969363,0.48097477554510476,-0.08094277561873321,11,0,2,2,0.0,0.0,0.0,,,1.5432098765432098,1296,"Sampled-label overlap, no point adjustment; delays among detected events only; no original-FPS seconds.",0.2,0.4020805123668901,,3.9406590351564685,2807,468,True
S07,2,dino_state_pca,0.010101010101010102,0.010802469135802469,0.0012951549142599106,0.000826696865260601,0.0004170164465904236,0.5528131314792281,0.17376973229100612,0.17320066506780815,0.4742251178312473,0.0,0.0,0.9298845660538692,2244,95,468,0,0.0,0.0,0.0,0.9593843522873022,0.04061564771269773,0.7994299964374777,0.4796921761436511,-0.08371914332618824,2249,90,468,0,0.0,0.0,0.0,0.9615220179563916,0.03847798204360838,0.8012112575703598,0.4807610089781958,-0.0814112177818096,11,0,2,2,0.0,0.0,0.0,,,1.5432098765432098,1296,"Sampled-label overlap, no point adjustment; delays among detected events only; no original-FPS seconds.",0.2888888888888889,0.43540468819106587,,0.028207965195178986,2807,468,True
S08,0,dino_global_pca,0.01015228426395939,0.005686433793663688,0.0008805394172668457,0.000718437135219574,0.0005967170000076294,0.6791327046324573,0.27293501034009643,0.2723519171146631,0.4738370184569342,0.0,0.0,0.8587896253602305,2052,30,536,0,0.0,0.0,0.0,0.9855907780979827,0.01440922190201729,0.7838044308632544,0.49279538904899134,-0.054628656967630494,2061,21,536,0,0.0,0.0,0.0,0.9899135446685879,0.010086455331412104,0.7872421695951107,0.49495677233429397,-0.045626347602536754,10,0,4,4,0.0,0.0,0.0,,,3.249390739236393,1231,"Sampled-label overlap, no point adjustment; delays among detected events only; no original-FPS seconds.",0.3888888888888889,0.4642313680471575,,0.029297824949026108,2618,536,True
S08,0,visual_state_transition,0.006345177664974619,0.007311129163281885,0.0,0.0,0.0,0.5038267774958063,0.20969244835690473,0.2484561819085986,0.5038272375926777,0.018656716417910446,0.020522388059701493,1.0,2071,11,526,10,0.47619047619047616,0.018656716417910446,0.03590664272890485,0.994716618635927,0.005283381364073006,0.7948815889992361,0.5066866675269187,0.06049463500535346,2082,0,536,0,0.0,0.0,0.0,1.0,0.0,0.7952635599694423,0.5,0.0,10,0,0,0,0.0,0.0,0.0,,,0.0,1231,"Sampled-label overlap, no point adjustment; delays among detected events only; no original-FPS seconds.",0.5111111111111111,0.7105263157894737,,3.768054962158203,2618,536,True
S08,0,dino_frame_plain_ae,0.01015228426395939,0.006498781478472786,0.05254896730184555,0.04168814420700073,0.03654522821307182,0.684920139934334,0.28007513441840814,0.2794645385184535,0.474399200720197,0.0,0.0,0.8871277617675313,2049,33,536,0,0.0,0.0,0.0,0.984149855907781,0.01585014409221902,0.7826585179526356,0.4920749279538905,-0.05732825577686418,2055,27,536,0,0.0,0.0,0.0,0.9870317002881844,0.012968299711815562,0.7849503437738732,0.4935158501440922,-0.051795282705191105,10,0,6,6,0.0,0.0,0.0,,,4.87408610885459,1231,"Sampled-label overlap, no point adjustment; delays among detected events only; no original-FPS seconds.",0.39999999999999997,0.4685170823328718,,1.2340162992477417,2618,536,True
S08,0,dino_frame_denoising_ae,0.01015228426395939,0.007311129163281885,0.030407030135393143,0.021413814276456833,0.01678619161248207,0.7203777581831478,0.304056763385238,0.3034261297686145,0.474101130929608,0.0,0.0,0.8232468780019212,2040,42,536,0,0.0,0.0,0.0,0.9798270893371758,0.020172910662824207,0.7792207792207793,0.4899135446685879,-0.06478787686634371,2050,32,536,0,0.0,0.0,0.0,0.9846301633045149,0.01536983669548511,0.7830404889228418,0.49231508165225746,-0.05644204766225104,10,0,5,5,0.0,0.0,0.0,,,4.061738424045491,1231,"Sampled-label overlap, no point adjustment; delays among detected events only; no original-FPS seconds.",0.39999999999999997,0.4685170823328718,,1.0632386207580566,2618,536,True
S08,0,dino_frame_forecast,0.01015228426395939,0.006498781478472786,0.08474591374397278,0.07478209584951401,0.06370170414447784,0.7246180839319253,0.2886759929665677,0.28808616938738363,0.47463973172209634,0.0,0.0,0.4471661863592699,2052,30,536,0,0.0,0.0,0.0,0.9855907780979827,0.01440922190201729,0.7838044308632544,0.49279538904899134,-0.054628656967630494,2060,22,536,0,0.0,0.0,0.0,0.989433237271854,0.010566762728146013,0.7868601986249045,0.494716618635927,-0.046709049376312255,10,0,6,6,0.0,0.0,0.0,,,4.87408610885459,1231,"Sampled-label overlap, no point adjustment; delays among detected events only; no original-FPS seconds.",0.0888888888888889,0.3690464630828408,,1.7270616292953491,2618,536,True
S08,0,dino_fewshot3_denoising_ae,0.01015228426395939,0.025995125913891144,0.14320899546146393,0.12583836913108826,0.08331148326396942,0.6404316673118557,0.24563594589914473,0.24513678691266044,0.47368421052631576,0.0,0.0,0.8155619596541787,2024,58,536,0,0.0,0.0,0.0,0.9721421709894332,0.027857829010566763,0.773109243697479,0.4860710854947166,-0.07637233104395476,2031,51,536,0,0.0,0.0,0.0,0.9755043227665706,0.024495677233429394,0.7757830404889229,0.4877521613832853,-0.07151780651462328,10,0,4,4,0.0,0.0,0.0,,,3.249390739236393,1231,"Sampled-label overlap, no point adjustment; delays among detected events only; no original-FPS seconds.",0.0,0.35310573714211485,,1.6886389255523682,2618,536,True
S08,0,dino_spatiotemporal,0.01015228426395939,0.006498781478472786,0.006647264584898949,-0.03358185663819313,-0.07314390689134598,0.7393194330938966,0.30401057653242103,0.30340283653590344,0.47422847087179,0.0,0.0,0.4783861671469741,2043,39,536,0,0.0,0.0,0.0,0.9812680115273775,0.018731988472622477,0.780366692131398,0.49063400576368876,-0.062394838465445066,2052,30,536,0,0.0,0.0,0.0,0.9855907780979827,0.01440922190201729,0.7838044308632544,0.49279538904899134,-0.054628656967630494,10,0,5,5,0.0,0.0,0.0,,,4.061738424045491,1231,"Sampled-label overlap, no point adjustment; delays among detected events only; no original-FPS seconds.",0.3555555555555555,0.4515985841643736,,5.774027347564697,2618,536,True
S08,0,dino_visual_state,0.01015228426395939,0.007311129163281885,0.002145417034626007,-0.04156557470560074,-0.06653939187526703,0.7174466285288257,0.3010092483786393,0.3003778727555269,0.4741775348949172,0.0,0.0,0.8242074927953891,2040,42,536,0,0.0,0.0,0.0,0.9798270893371758,0.020172910662824207,0.7792207792207793,0.4899135446685879,-0.06478787686634371,2050,32,536,0,0.0,0.0,0.0,0.9846301633045149,0.01536983669548511,0.7830404889228418,0.49231508165225746,-0.05644204766225104,10,0,5,5,0.0,0.0,0.0,,,4.061738424045491,1231,"Sampled-label overlap, no point adjustment; delays among detected events only; no original-FPS seconds.",0.39999999999999997,0.4685170823328718,,5.192625045776367,2618,536,True
S08,0,dino_full,0.01015228426395939,0.006498781478472786,0.010415660217404366,-0.028043776750564575,-0.06326039135456085,0.7352395085093266,0.30040152865648984,0.2997933302032258,0.4743520377786481,0.0,0.0,0.48222862632084534,2046,36,536,0,0.0,0.0,0.0,0.9827089337175793,0.01729106628242075,0.7815126050420168,0.49135446685878964,-0.05991218569799766,2053,29,536,0,0.0,0.0,0.0,0.9860710854947167,0.013928914505283382,0.7841864018334607,0.49303554274735834,-0.05370008906328147,10,0,5,5,0.0,0.0,0.0,,,4.061738424045491,1231,"Sampled-label overlap, no point adjustment; delays among detected events only; no original-FPS seconds.",0.3222222222222222,0.4411469034921047,,5.202658653259277,2618,536,True
S08,0,dino_full_ema,0.01015228426395939,0.006498781478472786,0.008201343650586331,-0.009709599929018748,-0.04642674717203256,0.7325548052245973,0.3015425850319651,0.30093823713998574,0.474015294375989,0.0,0.0,0.521133525456292,2042,40,536,0,0.0,0.0,0.0,0.9807877041306436,0.01921229586935639,0.7799847211611918,0.4903938520653218,-0.06320196359665461,2049,33,536,0,0.0,0.0,0.0,0.984149855907781,0.01585014409221902,0.7826585179526356,0.4920749279538905,-0.05732825577686418,10,0,5,5,0.0,0.0,0.0,,,4.061738424045491,1231,"Sampled-label overlap, no point adjustment; delays among detected events only; no original-FPS seconds.",0.3888888888888889,0.4642313680471575,,5.075039632455294,2618,536,True
S08,0,dino_state_pca,0.01015228426395939,0.008123476848090982,0.000644974410533905,0.0004537925124168396,0.0003729676827788353,0.7394404060389693,0.32246367980245794,0.3217320703090961,0.48521083344086485,0.0,0.0018656716417910447,0.8165225744476465,2060,22,536,0,0.0,0.0,0.0,0.989433237271854,0.010566762728146013,0.7868601986249045,0.494716618635927,-0.046709049376312255,2066,16,536,0,0.0,0.0,0.0,0.9923150816522575,0.007684918347742555,0.7891520244461421,0.49615754082612873,-0.03978765811208064,10,0,4,4,0.0,0.0,0.0,,,3.249390739236393,1231,"Sampled-label overlap, no point adjustment; delays among detected events only; no original-FPS seconds.",0.39999999999999997,0.4685170823328718,,0.03201400116086006,2618,536,True
S08,1,dino_global_pca,0.01015228426395939,0.005686433793663688,0.0008805394172668457,0.000718437135219574,0.0005967170000076294,0.6791327046324573,0.27293501034009643,0.2723519171146631,0.4738370184569342,0.0,0.0,0.8587896253602305,2052,30,536,0,0.0,0.0,0.0,0.9855907780979827,0.01440922190201729,0.7838044308632544,0.49279538904899134,-0.054628656967630494,2061,21,536,0,0.0,0.0,0.0,0.9899135446685879,0.010086455331412104,0.7872421695951107,0.49495677233429397,-0.045626347602536754,10,0,4,4,0.0,0.0,0.0,,,3.249390739236393,1231,"Sampled-label overlap, no point adjustment; delays among detected events only; no original-FPS seconds.",0.3888888888888889,0.4642313680471575,,0.029297824949026108,2618,536,True
S08,1,visual_state_transition,0.006345177664974619,0.007311129163281885,0.0,0.0,0.0,0.5038267774958063,0.20969244835690473,0.2484561819085986,0.5038272375926777,0.018656716417910446,0.020522388059701493,1.0,2071,11,526,10,0.47619047619047616,0.018656716417910446,0.03590664272890485,0.994716618635927,0.005283381364073006,0.7948815889992361,0.5066866675269187,0.06049463500535346,2082,0,536,0,0.0,0.0,0.0,1.0,0.0,0.7952635599694423,0.5,0.0,10,0,0,0,0.0,0.0,0.0,,,0.0,1231,"Sampled-label overlap, no point adjustment; delays among detected events only; no original-FPS seconds.",0.5111111111111111,0.7105263157894737,,3.768054962158203,2618,536,True
S08,1,dino_frame_plain_ae,0.01015228426395939,0.005686433793663688,0.05484344810247421,0.045015618205070496,0.03797085955739021,0.6831897787718467,0.27801066428543375,0.2774068162558992,0.47404736517624224,0.0,0.0,0.8496637848222862,2050,32,536,0,0.0,0.0,0.0,0.9846301633045149,0.01536983669548511,0.7830404889228418,0.49231508165225746,-0.05644204766225104,2060,22,536,0,0.0,0.0,0.0,0.989433237271854,0.010566762728146013,0.7868601986249045,0.494716618635927,-0.046709049376312255,10,0,6,6,0.0,0.0,0.0,,,4.87408610885459,1231,"Sampled-label overlap, no point adjustment; delays among detected events only; no original-FPS seconds.",0.39999999999999997,0.4685170823328718,,1.3055659532546997,2618,536,True
S08,1,dino_frame_denoising_ae,0.01015228426395939,0.006498781478472786,0.03276614099740982,0.023587681353092194,0.018256472423672676,0.7163542876396117,0.30120857939144785,0.300586903208516,0.4743529810374791,0.0,0.0,0.8429394812680115,2041,41,536,0,0.0,0.0,0.0,0.9803073967339097,0.0196926032660903,0.7796027501909855,0.4901536983669548,-0.06399952509593035,2050,32,536,0,0.0,0.0,0.0,0.9846301633045149,0.01536983669548511,0.7830404889228418,0.49231508165225746,-0.05644204766225104,10,0,5,5,0.0,0.0,0.0,,,4.061738424045491,1231,"Sampled-label overlap, no point adjustment; delays among detected events only; no original-FPS seconds.",0.39999999999999997,0.4685170823328718,,1.120354175567627,2618,536,True
S08,1,dino_frame_forecast,0.01015228426395939,0.008123476848090982,0.08421432971954346,0.07038798183202744,0.05998838320374489,0.7304803432405695,0.2929521829851394,0.29235227408608366,0.47486422732386907,0.0,0.0,0.43756003842459174,2031,51,536,0,0.0,0.0,0.0,0.9755043227665706,0.024495677233429394,0.7757830404889229,0.4877521613832853,-0.07151780651462328,2044,38,536,0,0.0,0.0,0.0,0.9817483189241114,0.01825168107588857,0.7807486631016043,0.4908741594620557,-0.061577772897294714,10,0,6,6,0.0,0.0,0.0,,,4.87408610885459,1231,"Sampled-label overlap, no point adjustment; delays among detected events only; no original-FPS seconds.",0.12222222222222223,0.3773781314145091,,1.4528653621673584,2618,536,True
S08,1,dino_spatiotemporal,0.01015228426395939,0.007311129163281885,0.007999380119144917,-0.039782214909791946,-0.07784572243690491,0.739823935079645,0.3034486785970569,0.3028438466600093,0.4744916400856328,0.0,0.0,0.46157540826128723,2037,45,536,0,0.0,0.0,0.0,0.978386167146974,0.021613832853025938,0.7780748663101604,0.489193083573487,-0.0671009078487922,2047,35,536,0,0.0,0.0,0.0,0.9831892411143132,0.01681075888568684,0.7818945760122231,0.4915946205571566,-0.059062775460635875,10,0,5,5,0.0,0.0,0.0,,,4.061738424045491,1231,"Sampled-label overlap, no point adjustment; delays among detected events only; no original-FPS seconds.",0.33333333333333337,0.4425076750734645,,5.623749256134033,2618,536,True
S08,1,dino_visual_state,0.01015228426395939,0.006498781478472786,0.0035569367464631796,-0.04170627519488335,-0.06714984774589539,0.7134437681907465,0.29809429024600487,0.2974712529457504,0.47445202321473173,0.0,0.0,0.8439000960614793,2041,41,536,0,0.0,0.0,0.0,0.9803073967339097,0.0196926032660903,0.7796027501909855,0.4901536983669548,-0.06399952509593035,2050,32,536,0,0.0,0.0,0.0,0.9846301633045149,0.01536983669548511,0.7830404889228418,0.49231508165225746,-0.05644204766225104,10,0,5,5,0.0,0.0,0.0,,,4.061738424045491,1231,"Sampled-label overlap, no point adjustment; delays among detected events only; no original-FPS seconds.",0.39999999999999997,0.4685170823328718,,5.132396221160889,2618,536,True
S08,1,dino_full,0.01015228426395939,0.007311129163281885,0.01257200539112091,-0.028180114924907684,-0.06690152734518051,0.736456406727171,0.30044153163433257,0.2998356445798853,0.47461237721599797,0.0,0.0,0.46829971181556196,2037,45,536,0,0.0,0.0,0.0,0.978386167146974,0.021613832853025938,0.7780748663101604,0.489193083573487,-0.0671009078487922,2047,35,536,0,0.0,0.0,0.0,0.9831892411143132,0.01681075888568684,0.7818945760122231,0.4915946205571566,-0.059062775460635875,10,0,5,5,0.0,0.0,0.0,,,4.061738424045491,1231,"Sampled-label overlap, no point adjustment; delays among detected events only; no original-FPS seconds.",0.30000000000000004,0.43205599440119563,,5.0458550453186035,2618,536,True
S08,1,dino_full_ema,0.01015228426395939,0.008123476848090982,0.01188716030410792,-0.014098640595317489,-0.04935979552710053,0.7343640228253545,0.30193727341139037,0.30133671766608694,0.4741822511890721,0.0,0.0,0.5110470701248799,2041,41,536,0,0.0,0.0,0.0,0.9803073967339097,0.0196926032660903,0.7796027501909855,0.4901536983669548,-0.06399952509593035,2048,34,536,0,0.0,0.0,0.0,0.983669548511047,0.01633045148895293,0.7822765469824293,0.4918347742555235,-0.05820164184804045,10,0,5,5,0.0,0.0,0.0,,,4.061738424045491,1231,"Sampled-label overlap, no point adjustment; delays among detected events only; no original-FPS seconds.",0.37777777777777777,0.4598357636515531,,4.957692450642925,2618,536,True
S08,1,dino_state_pca,0.01015228426395939,0.008123476848090982,0.000644974410533905,0.0004537925124168396,0.0003729676827788353,0.7394404060389693,0.32246367980245794,0.3217320703090961,0.48521083344086485,0.0,0.0018656716417910447,0.8165225744476465,2060,22,536,0,0.0,0.0,0.0,0.989433237271854,0.010566762728146013,0.7868601986249045,0.494716618635927,-0.046709049376312255,2066,16,536,0,0.0,0.0,0.0,0.9923150816522575,0.007684918347742555,0.7891520244461421,0.49615754082612873,-0.03978765811208064,10,0,4,4,0.0,0.0,0.0,,,3.249390739236393,1231,"Sampled-label overlap, no point adjustment; delays among detected events only; no original-FPS seconds.",0.39999999999999997,0.4685170823328718,,0.03201400116086006,2618,536,True
S08,2,dino_global_pca,0.01015228426395939,0.005686433793663688,0.0008805394172668457,0.000718437135219574,0.0005967170000076294,0.6791327046324573,0.27293501034009643,0.2723519171146631,0.4738370184569342,0.0,0.0,0.8587896253602305,2052,30,536,0,0.0,0.0,0.0,0.9855907780979827,0.01440922190201729,0.7838044308632544,0.49279538904899134,-0.054628656967630494,2061,21,536,0,0.0,0.0,0.0,0.9899135446685879,0.010086455331412104,0.7872421695951107,0.49495677233429397,-0.045626347602536754,10,0,4,4,0.0,0.0,0.0,,,3.249390739236393,1231,"Sampled-label overlap, no point adjustment; delays among detected events only; no original-FPS seconds.",0.3888888888888889,0.4642313680471575,,0.029297824949026108,2618,536,True
S08,2,visual_state_transition,0.006345177664974619,0.007311129163281885,0.0,0.0,0.0,0.5038267774958063,0.20969244835690473,0.2484561819085986,0.5038272375926777,0.018656716417910446,0.020522388059701493,1.0,2071,11,526,10,0.47619047619047616,0.018656716417910446,0.03590664272890485,0.994716618635927,0.005283381364073006,0.7948815889992361,0.5066866675269187,0.06049463500535346,2082,0,536,0,0.0,0.0,0.0,1.0,0.0,0.7952635599694423,0.5,0.0,10,0,0,0,0.0,0.0,0.0,,,0.0,1231,"Sampled-label overlap, no point adjustment; delays among detected events only; no original-FPS seconds.",0.5111111111111111,0.7105263157894737,,3.768054962158203,2618,536,True
S08,2,dino_frame_plain_ae,0.01015228426395939,0.006498781478472786,0.05415118485689163,0.042688243091106415,0.037527088075876236,0.6852893314407787,0.2772137948776133,0.27661173799253613,0.47436618666111274,0.0,0.0,0.8424591738712777,2055,27,536,0,0.0,0.0,0.0,0.9870317002881844,0.012968299711815562,0.7849503437738732,0.4935158501440922,-0.051795282705191105,2063,19,536,0,0.0,0.0,0.0,0.9908741594620557,0.009125840537944284,0.7880061115355232,0.49543707973102785,-0.04338261163242794,10,0,5,5,0.0,0.0,0.0,,,4.061738424045491,1231,"Sampled-label overlap, no point adjustment; delays among detected events only; no original-FPS seconds.",0.39999999999999997,0.4685170823328718,,1.3505910634994507,2618,536,True
S08,2,dino_frame_denoising_ae,0.01015228426395939,0.006498781478472786,0.03058316931128502,0.020836755633354187,0.016215559095144272,0.7193257416089581,0.3058101687054015,0.30518926916214384,0.4738190965391456,0.0,0.0,0.8981748318924111,2051,31,536,0,0.0,0.0,0.0,0.9851104707012488,0.014889529298751201,0.7834224598930482,0.4925552353506244,-0.05554240294570315,2059,23,536,0,0.0,0.0,0.0,0.9889529298751201,0.011047070124879923,0.7864782276546982,0.49447646493756003,-0.047768023208087006,10,0,6,6,0.0,0.0,0.0,,,4.87408610885459,1231,"Sampled-label overlap, no point adjustment; delays among detected events only; no original-FPS seconds.",0.39999999999999997,0.4685170823328718,,1.1657823324203491,2618,536,True
S08,2,dino_frame_forecast,0.01015228426395939,0.008123476848090982,0.08078550547361374,0.07405054569244385,0.06316119432449341,0.7211887249630808,0.28635922615373116,0.28577324876039506,0.47451144852108335,0.0,0.0,0.47646493756003844,2040,42,536,0,0.0,0.0,0.0,0.9798270893371758,0.020172910662824207,0.7792207792207793,0.4899135446685879,-0.06478787686634371,2048,34,536,0,0.0,0.0,0.0,0.983669548511047,0.01633045148895293,0.7822765469824293,0.4918347742555235,-0.05820164184804045,10,0,5,5,0.0,0.0,0.0,,,4.061738424045491,1231,"Sampled-label overlap, no point adjustment; delays among detected events only; no original-FPS seconds.",0.0888888888888889,0.36901593805231575,,1.4890538454055786,2618,536,True
S08,2,dino_spatiotemporal,0.01015228426395939,0.006498781478472786,0.009529279544949532,-0.029220230877399445,-0.06954071670770645,0.7411555335713363,0.30515752739993135,0.30455709341546167,0.47398039379924284,0.0,0.0,0.4803073967339097,2050,32,536,0,0.0,0.0,0.0,0.9846301633045149,0.01536983669548511,0.7830404889228418,0.49231508165225746,-0.05644204766225104,2058,24,536,0,0.0,0.0,0.0,0.9884726224783862,0.011527377521613832,0.786096256684492,0.4942363112391931,-0.04880481459205719,10,0,6,6,0.0,0.0,0.0,,,4.87408610885459,1231,"Sampled-label overlap, no point adjustment; delays among detected events only; no original-FPS seconds.",0.3555555555555555,0.4515985841643736,,5.720242500305176,2618,536,True
S08,2,dino_visual_state,0.01015228426395939,0.006498781478472786,0.003213228192180395,-0.04376984387636185,-0.06567570567131042,0.716521857570935,0.3026951480851861,0.30207336609209745,0.47388135162199013,0.0,0.0,0.8986551392891451,2051,31,536,0,0.0,0.0,0.0,0.9851104707012488,0.014889529298751201,0.7834224598930482,0.4925552353506244,-0.05554240294570315,2059,23,536,0,0.0,0.0,0.0,0.9889529298751201,0.011047070124879923,0.7864782276546982,0.49447646493756003,-0.047768023208087006,10,0,6,6,0.0,0.0,0.0,,,4.87408610885459,1231,"Sampled-label overlap, no point adjustment; delays among detected events only; no original-FPS seconds.",0.39999999999999997,0.4685170823328718,,5.280211448669434,2618,536,True
S08,2,dino_full,0.01015228426395939,0.006498781478472786,0.010248182341456413,-0.021126490086317062,-0.05653329938650131,0.7369671813841455,0.30151004505505913,0.30090953454866554,0.4740615140587069,0.0,0.0,0.4803073967339097,2049,33,536,0,0.0,0.0,0.0,0.984149855907781,0.01585014409221902,0.7826585179526356,0.4920749279538905,-0.05732825577686418,2057,25,536,0,0.0,0.0,0.0,0.9879923150816523,0.012007684918347743,0.7857142857142857,0.49399615754082615,-0.04982080932055738,10,0,6,6,0.0,0.0,0.0,,,4.87408610885459,1231,"Sampled-label overlap, no point adjustment; delays among detected events only; no original-FPS seconds.",0.3222222222222222,0.4411469034921047,,5.13342809677124,2618,536,True
S08,2,dino_full_ema,0.01015228426395939,0.00487408610885459,0.01453751382212981,-0.005743937677328037,-0.039167005421709464,0.7350065235780752,0.3032823938524403,0.3026860965916857,0.4737568414563011,0.0,0.0,0.521613832853026,2046,36,536,0,0.0,0.0,0.0,0.9827089337175793,0.01729106628242075,0.7815126050420168,0.49135446685878964,-0.05991218569799766,2053,29,536,0,0.0,0.0,0.0,0.9860710854947167,0.013928914505283382,0.7841864018334607,0.49303554274735834,-0.05370008906328147,10,0,5,5,0.0,0.0,0.0,,,4.061738424045491,1231,"Sampled-label overlap, no point adjustment; delays among detected events only; no original-FPS seconds.",0.3888888888888889,0.4642313680471575,,5.047116732655514,2618,536,True
S08,2,dino_state_pca,0.01015228426395939,0.008123476848090982,0.000644974410533905,0.0004537925124168396,0.0003729676827788353,0.7394404060389693,0.32246367980245794,0.3217320703090961,0.48521083344086485,0.0,0.0018656716417910447,0.8165225744476465,2060,22,536,0,0.0,0.0,0.0,0.989433237271854,0.010566762728146013,0.7868601986249045,0.494716618635927,-0.046709049376312255,2066,16,536,0,0.0,0.0,0.0,0.9923150816522575,0.007684918347742555,0.7891520244461421,0.49615754082612873,-0.03978765811208064,10,0,4,4,0.0,0.0,0.0,,,3.249390739236393,1231,"Sampled-label overlap, no point adjustment; delays among detected events only; no original-FPS seconds.",0.39999999999999997,0.4685170823328718,,0.03201400116086006,2618,536,True
S09,0,dino_global_pca,0.010101010101010102,0.01763668430335097,0.0014999359846115112,0.001722976565361023,0.0024223104119300842,0.7520084477296727,0.5503645133936935,0.5486975764343627,0.6299138553882065,0.248,0.252,0.877507919746568,874,73,161,89,0.5493827160493827,0.356,0.4320388349514563,0.9229144667370645,0.07708553326293559,0.8045112781954887,0.6394572333685322,0.33142735622713476,893,54,177,73,0.5748031496062992,0.292,0.38726790450928383,0.9429778247096093,0.057022175290390706,0.8070175438596491,0.6174889123548046,0.3101545263316184,8,3,9,5,0.4444444444444444,0.375,0.4067796610169491,4.0,16.0,7.215007215007215,693,"Sampled-label overlap, no point adjustment; delays among detected events only; no original-FPS seconds.",0.375,0.455977538543328,,0.010547297075390816,1197,250,True
S09,0,visual_state_transition,0.0,0.0,0.0,0.0,0.0,0.5114424498416051,0.2205591247767114,0.27371113420407384,0.5109489227675108,0.024,0.052,1.0,941,6,244,6,0.5,0.024,0.04580152671755725,0.9936642027455121,0.006335797254487857,0.7911445279866333,0.508832101372756,0.07207576098941558,947,0,250,0,0.0,0.0,0.0,1.0,0.0,0.7911445279866333,0.5,0.0,8,0,0,0,0.0,0.0,0.0,,,0.0,693,"Sampled-label overlap, no point adjustment; delays among detected events only; no original-FPS seconds.",0.8068181818181818,0.7416666666666667,,3.460238456726074,1197,250,True
S09,0,dino_frame_plain_ae,0.010101010101010102,0.02292768959435626,0.0968976765871048,0.10361498594284058,0.1516847461462021,0.7640168954593454,0.5885480944254353,0.5878697857273767,0.6505752236981048,0.252,0.288,0.8848996832101372,878,69,146,104,0.6011560693641619,0.416,0.491725768321513,0.9271383315733897,0.07286166842661035,0.8203842940685045,0.6715691657866948,0.39668081718867276,897,50,152,98,0.6621621621621622,0.392,0.492462311557789,0.9472016895459345,0.05279831045406547,0.8312447786131997,0.6696008447729673,0.41887495947992326,8,5,12,5,0.5833333333333334,0.625,0.603448275862069,9.0,36.0,7.215007215007215,693,"Sampled-label overlap, no point adjustment; delays among detected events only; no original-FPS seconds.",0.4431818181818182,0.48953634085213027,,0.5237742066383362,1197,250,True
S09,0,dino_frame_denoising_ae,0.010101010101010102,0.012345679012345678,0.058771245181560516,0.06158202886581421,0.09725311398506165,0.7672861668426609,0.5878371264851014,0.5871141024386418,0.6498971822375368,0.252,0.284,0.8637803590285111,880,67,157,93,0.58125,0.372,0.45365853658536587,0.9292502639915523,0.07074973600844774,0.8128654970760234,0.6506251319957761,0.35985128717267445,896,51,177,73,0.5887096774193549,0.292,0.3903743315508022,0.9461457233368532,0.05385427666314678,0.8095238095238095,0.6190728616684266,0.3176706393199484,8,5,11,5,0.5454545454545454,0.625,0.5825242718446602,11.0,44.0,7.215007215007215,693,"Sampled-label overlap, no point adjustment; delays among detected events only; no original-FPS seconds.",0.4318181818181819,0.48385452267031215,,0.4480809271335602,1197,250,True
S09,0,dino_frame_forecast,0.010101010101010102,0.005291005291005291,0.15921255946159363,0.18952643871307373,0.24015924334526062,0.7795818373812038,0.5727353876100723,0.5725123080197168,0.6340888123159006,0.22,0.268,1.0,888,59,170,80,0.5755395683453237,0.32,0.41131105398457585,0.9376979936642027,0.06230200633579725,0.808688387635756,0.6288489968321014,0.32696841134166604,900,47,183,67,0.5877192982456141,0.268,0.3681318681318682,0.9503695881731784,0.04963041182682154,0.8078529657477026,0.6091847940865892,0.30239213752214805,8,3,10,5,0.5,0.375,0.42857142857142855,7.0,28.0,7.215007215007215,693,"Sampled-label overlap, no point adjustment; delays among detected events only; no original-FPS seconds.",0.5227272727272727,0.5193700396825397,,0.9878894686698914,1197,250,True
S09,0,dino_fewshot3_denoising_ae,0.010101010101010102,0.014109347442680775,0.3634958267211914,0.3464479446411133,0.41264578700065613,0.8188891235480465,0.5687238089685501,0.5677808351862901,0.622424276107375,0.252,0.26,0.5258711721224921,893,54,182,68,0.5573770491803278,0.272,0.3655913978494624,0.9429778247096093,0.057022175290390706,0.8028404344193818,0.6074889123548046,0.28883812058674213,909,38,189,61,0.6161616161616161,0.244,0.34957020057306587,0.9598732840549102,0.04012671594508976,0.810359231411863,0.6019366420274551,0.30087530616208624,8,1,4,3,0.25,0.125,0.16666666666666666,2.0,8.0,4.329004329004329,693,"Sampled-label overlap, no point adjustment; delays among detected events only; no original-FPS seconds.",0.5681818181818182,0.526881105006105,,1.040500521659851,1197,250,True
S09,0,dino_spatiotemporal,0.010101010101010102,0.012345679012345678,-0.007184069603681564,0.05080636590719223,0.25723597407341003,0.7948764519535375,0.5943700480857655,0.5936327703438847,0.6469960540210082,0.248,0.288,0.7750791974656811,881,66,158,92,0.5822784810126582,0.368,0.45098039215686275,0.9303062302006336,0.06969376979936642,0.8128654970760234,0.6491531151003168,0.35823746281032964,896,51,170,80,0.6106870229007634,0.32,0.4199475065616798,0.9461457233368532,0.05385427666314678,0.8153717627401837,0.6330728616684266,0.34653749811079426,8,5,13,5,0.6153846153846154,0.625,0.6201550387596899,11.0,44.0,7.215007215007215,693,"Sampled-label overlap, no point adjustment; delays among detected events only; no original-FPS seconds.",0.44318181818181823,0.48437535600364545,,2.936267852783203,1197,250,True
S09,0,dino_visual_state,0.010101010101010102,0.014109347442680775,0.009365081787109375,0.03408217802643776,0.290621280670166,0.7668088701161563,0.5887173030627649,0.5879954661042732,0.6511132106930473,0.252,0.284,0.8680042238648363,880,67,153,97,0.5914634146341463,0.388,0.4685990338164251,0.9292502639915523,0.07074973600844774,0.8162071846282373,0.6586251319957761,0.37503767806796834,896,51,159,91,0.6408450704225352,0.364,0.46428571428571425,0.9461457233368532,0.05385427666314678,0.8245614035087719,0.6550728616684266,0.38988846696307544,8,5,11,5,0.5454545454545454,0.625,0.5825242718446602,7.0,28.0,7.215007215007215,693,"Sampled-label overlap, no point adjustment; delays among detected events only; no original-FPS seconds.",0.4318181818181819,0.48385452267031215,,2.8468925952911377,1197,250,True
S09,0,dino_full,0.010101010101010102,0.014109347442680775,0.004479199647903442,0.053401827812194824,0.23232126235961914,0.7961647307286167,0.5954673250737291,0.5947341766352237,0.6482343133440782,0.248,0.292,0.7676874340021119,882,65,154,96,0.5962732919254659,0.384,0.4671532846715329,0.9313621964097148,0.06863780359028511,0.8170426065162907,0.6576810982048574,0.3757178338472798,896,51,162,88,0.6330935251798561,0.352,0.4524421593830334,0.9461457233368532,0.05385427666314678,0.8220551378446115,0.6490728616684266,0.3782886786258456,8,5,12,5,0.5833333333333334,0.625,0.603448275862069,7.0,28.0,7.215007215007215,693,"Sampled-label overlap, no point adjustment; delays among detected events only; no original-FPS seconds.",0.44318181818181823,0.48437535600364545,,2.6288790702819824,1197,250,True
S09,0,dino_full_ema,0.010101010101010102,0.010582010582010581,-0.008987915301692843,0.05300528324238138,0.23031928911530378,0.8010517423442449,0.6066795418102314,0.6060253354984246,0.6525826710387372,0.252,0.272,0.7740232312565998,872,75,135,115,0.6052631578947368,0.46,0.5227272727272727,0.9208025343189018,0.0791974656810982,0.8245614035087719,0.6904012671594509,0.4235974022816717,884,63,145,105,0.625,0.42,0.5023923444976077,0.9334741288278775,0.0665258711721225,0.8262322472848789,0.6767370644139388,0.4136569242077086,8,5,12,5,0.5833333333333334,0.625,0.603448275862069,8.0,32.0,7.215007215007215,693,"Sampled-label overlap, no point adjustment; delays among detected events only; no original-FPS seconds.",0.4659090909090909,0.4956127297410192,,2.3433503905127226,1197,250,True
S09,0,dino_state_pca,0.010101010101010102,0.021164021164021163,0.0016132965683937073,0.001670241355895996,0.002683296799659729,0.7524772967265048,0.5572798840068686,0.5564759880706269,0.6423386872672706,0.216,0.364,0.8648363252375924,891,56,154,96,0.631578947368421,0.384,0.4776119402985074,0.9408658922914467,0.059134107708553325,0.8245614035087719,0.6624329461457233,0.39661503336168435,909,38,178,72,0.6545454545454545,0.288,0.39999999999999997,0.9598732840549102,0.04012671594508976,0.8195488721804511,0.6239366420274551,0.3487896586608889,8,3,7,4,0.42857142857142855,0.375,0.39999999999999997,2.0,8.0,5.772005772005772,693,"Sampled-label overlap, no point adjustment; delays among detected events only; no original-FPS seconds.",0.47727272727272724,0.5068246081403976,,0.021051080897450447,1197,250,True
S09,1,dino_global_pca,0.010101010101010102,0.01763668430335097,0.0014999359846115112,0.001722976565361023,0.0024223104119300842,0.7520084477296727,0.5503645133936935,0.5486975764343627,0.6299138553882065,0.248,0.252,0.877507919746568,874,73,161,89,0.5493827160493827,0.356,0.4320388349514563,0.9229144667370645,0.07708553326293559,0.8045112781954887,0.6394572333685322,0.33142735622713476,893,54,177,73,0.5748031496062992,0.292,0.38726790450928383,0.9429778247096093,0.057022175290390706,0.8070175438596491,0.6174889123548046,0.3101545263316184,8,3,9,5,0.4444444444444444,0.375,0.4067796610169491,4.0,16.0,7.215007215007215,693,"Sampled-label overlap, no point adjustment; delays among detected events only; no original-FPS seconds.",0.375,0.455977538543328,,0.010547297075390816,1197,250,True
S09,1,visual_state_transition,0.0,0.0,0.0,0.0,0.0,0.5114424498416051,0.2205591247767114,0.27371113420407384,0.5109489227675108,0.024,0.052,1.0,941,6,244,6,0.5,0.024,0.04580152671755725,0.9936642027455121,0.006335797254487857,0.7911445279866333,0.508832101372756,0.07207576098941558,947,0,250,0,0.0,0.0,0.0,1.0,0.0,0.7911445279866333,0.5,0.0,8,0,0,0,0.0,0.0,0.0,,,0.0,693,"Sampled-label overlap, no point adjustment; delays among detected events only; no original-FPS seconds.",0.8068181818181818,0.7416666666666667,,3.460238456726074,1197,250,True
S09,1,dino_frame_plain_ae,0.010101010101010102,0.015873015873015872,0.09715829789638519,0.10469526052474976,0.14824096858501434,0.7629313621964097,0.5865470661970872,0.5858764203961317,0.642881120435725,0.252,0.268,0.8891235480464625,867,80,139,111,0.581151832460733,0.444,0.5034013605442177,0.9155227032734953,0.08447729672650475,0.8170426065162907,0.6797613516367477,0.39907602743896464,888,59,147,103,0.6358024691358025,0.412,0.5,0.9376979936642027,0.06230200633579725,0.8279030910609858,0.6748489968321013,0.41553771976739984,8,5,14,6,0.5714285714285714,0.625,0.5970149253731343,7.0,28.0,8.658008658008658,693,"Sampled-label overlap, no point adjustment; delays among detected events only; no original-FPS seconds.",0.4318181818181819,0.48385452267031215,,0.5170937180519104,1197,250,True
S09,1,dino_frame_denoising_ae,0.010101010101010102,0.02292768959435626,0.0587492436170578,0.06458769738674164,0.0939079225063324,0.7722576557550159,0.5975964675320736,0.5968979698646507,0.6636025120880342,0.252,0.272,0.8447729672650475,879,68,134,116,0.6304347826086957,0.464,0.5345622119815668,0.928194297782471,0.07180570221752904,0.8312447786131997,0.6960971488912355,0.44201054939239187,897,50,145,105,0.6774193548387096,0.42,0.5185185185185185,0.9472016895459345,0.05279831045406547,0.8370927318295739,0.6836008447729672,0.44458003536225993,8,5,14,5,0.6428571428571429,0.625,0.6338028169014085,9.0,36.0,7.215007215007215,693,"Sampled-label overlap, no point adjustment; delays among detected events only; no original-FPS seconds.",0.40909090909090917,0.4712057131465026,,0.42073479294776917,1197,250,True
S09,1,dino_frame_forecast,0.010101010101010102,0.014109347442680775,0.15823933482170105,0.18376454710960388,0.23821072280406952,0.7793664202745512,0.567677556076152,0.567405923713112,0.6317234480075585,0.22,0.28,1.0,879,68,166,84,0.5526315789473685,0.336,0.41791044776119407,0.928194297782471,0.07180570221752904,0.8045112781954887,0.6320971488912355,0.32254364867259505,902,45,176,74,0.6218487394957983,0.296,0.40108401084010836,0.9524815205913411,0.04751847940865892,0.8153717627401837,0.6242407602956705,0.3375640810906987,8,3,9,4,0.5555555555555556,0.375,0.44776119402985076,8.0,32.0,5.772005772005772,693,"Sampled-label overlap, no point adjustment; delays among detected events only; no original-FPS seconds.",0.5340909090909091,0.5282986111111111,,0.9616149663925171,1197,250,True
S09,1,dino_spatiotemporal,0.010101010101010102,0.007054673721340388,-0.006456030532717705,0.06586729735136032,0.24320322275161743,0.7995184794086589,0.6011832830947524,0.6004450333214596,0.6566020118935142,0.248,0.28,0.764519535374868,887,60,155,95,0.6129032258064516,0.38,0.46913580246913583,0.9366420274551215,0.06335797254487856,0.8203842940685045,0.6583210137275608,0.38336622017520927,899,48,165,85,0.6390977443609023,0.34,0.44386422976501305,0.9493136219640972,0.050686378035902854,0.8220551378446115,0.6446568109820486,0.3742115964288054,8,5,13,5,0.6153846153846154,0.625,0.6201550387596899,9.0,36.0,7.215007215007215,693,"Sampled-label overlap, no point adjustment; delays among detected events only; no original-FPS seconds.",0.44318181818181823,0.48437535600364545,,2.8850717544555664,1197,250,True
S09,1,dino_visual_state,0.010101010101010102,0.02292768959435626,0.019373254850506783,0.051452819257974625,0.2647355794906616,0.7715818373812038,0.5982583602573563,0.5975610336043148,0.6649007947535153,0.252,0.276,0.8500527983104541,878,69,129,121,0.6368421052631579,0.484,0.55,0.9271383315733897,0.07286166842661035,0.8345864661654135,0.7055691657866948,0.45734235866996925,897,50,136,114,0.6951219512195121,0.456,0.5507246376811594,0.9472016895459345,0.05279831045406547,0.8446115288220551,0.7016008447729672,0.47664523123742986,8,5,12,5,0.5833333333333334,0.625,0.603448275862069,7.0,28.0,7.215007215007215,693,"Sampled-label overlap, no point adjustment; delays among detected events only; no original-FPS seconds.",0.40909090909090917,0.4712057131465026,,2.576521873474121,1197,250,True
S09,1,dino_full,0.010101010101010102,0.005291005291005291,0.0022673308849334717,0.057772595435380936,0.2299499809741974,0.8006209081309397,0.6014840224291642,0.60074415453089,0.6573889846051242,0.248,0.288,0.7581837381203802,886,61,155,95,0.6089743589743589,0.38,0.46798029556650245,0.9355860612460402,0.06441393875395987,0.8195488721804511,0.6577930306230201,0.38104401359494683,899,48,163,87,0.6444444444444445,0.348,0.45194805194805193,0.9493136219640972,0.050686378035902854,0.8237259816207184,0.6486568109820485,0.38205919726991433,8,5,11,5,0.5454545454545454,0.625,0.5825242718446602,8.0,32.0,7.215007215007215,693,"Sampled-label overlap, no point adjustment; delays among detected events only; no original-FPS seconds.",0.44318181818181823,0.48437535600364545,,2.604320764541626,1197,250,True
S09,1,dino_full_ema,0.010101010101010102,0.012345679012345678,-0.011576551124982364,0.045953214168548584,0.2219016859042927,0.8053558606124606,0.6125286655689954,0.6118802905848062,0.6596565330962041,0.252,0.28,0.7666314677930306,872,75,130,120,0.6153846153846154,0.48,0.5393258426966293,0.9208025343189018,0.0791974656810982,0.8287385129490392,0.7004012671594508,0.4411886043668478,884,63,139,111,0.6379310344827587,0.444,0.5235849056603774,0.9334741288278775,0.0665258711721225,0.8312447786131997,0.6887370644139388,0.4353311502323092,8,5,12,5,0.5833333333333334,0.625,0.603448275862069,9.0,36.0,7.215007215007215,693,"Sampled-label overlap, no point adjustment; delays among detected events only; no original-FPS seconds.",0.4659090909090909,0.4956127297410192,,2.303214375375139,1197,250,True
S09,1,dino_state_pca,0.010101010101010102,0.021164021164021163,0.0016132965683937073,0.001670241355895996,0.002683296799659729,0.7524772967265048,0.5572798840068686,0.5564759880706269,0.6423386872672706,0.216,0.364,0.8648363252375924,891,56,154,96,0.631578947368421,0.384,0.4776119402985074,0.9408658922914467,0.059134107708553325,0.8245614035087719,0.6624329461457233,0.39661503336168435,909,38,178,72,0.6545454545454545,0.288,0.39999999999999997,0.9598732840549102,0.04012671594508976,0.8195488721804511,0.6239366420274551,0.3487896586608889,8,3,7,4,0.42857142857142855,0.375,0.39999999999999997,2.0,8.0,5.772005772005772,693,"Sampled-label overlap, no point adjustment; delays among detected events only; no original-FPS seconds.",0.47727272727272724,0.5068246081403976,,0.021051080897450447,1197,250,True
S09,2,dino_global_pca,0.010101010101010102,0.01763668430335097,0.0014999359846115112,0.001722976565361023,0.0024223104119300842,0.7520084477296727,0.5503645133936935,0.5486975764343627,0.6299138553882065,0.248,0.252,0.877507919746568,874,73,161,89,0.5493827160493827,0.356,0.4320388349514563,0.9229144667370645,0.07708553326293559,0.8045112781954887,0.6394572333685322,0.33142735622713476,893,54,177,73,0.5748031496062992,0.292,0.38726790450928383,0.9429778247096093,0.057022175290390706,0.8070175438596491,0.6174889123548046,0.3101545263316184,8,3,9,5,0.4444444444444444,0.375,0.4067796610169491,4.0,16.0,7.215007215007215,693,"Sampled-label overlap, no point adjustment; delays among detected events only; no original-FPS seconds.",0.375,0.455977538543328,,0.010547297075390816,1197,250,True
S09,2,visual_state_transition,0.0,0.0,0.0,0.0,0.0,0.5114424498416051,0.2205591247767114,0.27371113420407384,0.5109489227675108,0.024,0.052,1.0,941,6,244,6,0.5,0.024,0.04580152671755725,0.9936642027455121,0.006335797254487857,0.7911445279866333,0.508832101372756,0.07207576098941558,947,0,250,0,0.0,0.0,0.0,1.0,0.0,0.7911445279866333,0.5,0.0,8,0,0,0,0.0,0.0,0.0,,,0.0,693,"Sampled-label overlap, no point adjustment; delays among detected events only; no original-FPS seconds.",0.8068181818181818,0.7416666666666667,,3.460238456726074,1197,250,True
S09,2,dino_frame_plain_ae,0.010101010101010102,0.019400352733686066,0.09451916068792343,0.10066117346286774,0.15038102865219116,0.7598775079197466,0.5784344408561328,0.5777780942221429,0.6377435669427,0.252,0.264,0.8817317845828934,863,84,140,110,0.5670103092783505,0.44,0.49549549549549554,0.91129883843717,0.08870116156282999,0.8128654970760234,0.675649419218585,0.38749881270750525,885,62,153,97,0.610062893081761,0.388,0.4743276283618582,0.9345300950369588,0.06546990496304118,0.8203842940685045,0.6612650475184794,0.3862940327560039,8,5,14,6,0.5714285714285714,0.625,0.5970149253731343,7.0,28.0,8.658008658008658,693,"Sampled-label overlap, no point adjustment; delays among detected events only; no original-FPS seconds.",0.40909090909090917,0.4712057131465026,,0.5044693350791931,1197,250,True
S09,2,dino_frame_denoising_ae,0.010101010101010102,0.01763668430335097,0.05985270068049431,0.06556804478168488,0.09538541734218597,0.7748806758183737,0.5990292164545185,0.5983766879823769,0.6593119546490301,0.252,0.272,0.8553326293558606,877,70,138,112,0.6153846153846154,0.448,0.5185185185185186,0.9260823653643083,0.07391763463569166,0.8262322472848789,0.6870411826821542,0.4234903458220954,895,52,151,99,0.6556291390728477,0.396,0.4937655860349128,0.9450897571277719,0.054910242872228086,0.8304093567251462,0.6705448785638859,0.41759890934182003,8,5,14,5,0.6428571428571429,0.625,0.6338028169014085,9.0,36.0,7.215007215007215,693,"Sampled-label overlap, no point adjustment; delays among detected events only; no original-FPS seconds.",0.4204545454545455,0.4782989671147566,,0.4290299117565155,1197,250,True
S09,2,dino_frame_forecast,0.010101010101010102,0.003527336860670194,0.16042882204055786,0.18899773061275482,0.2363852858543396,0.7683336853220697,0.5545935330855392,0.5543253430188619,0.6285844495081421,0.216,0.26,1.0,892,55,177,73,0.5703125,0.292,0.3862433862433862,0.941921858500528,0.05807814149947202,0.8061821219715957,0.616960929250264,0.3076960790900019,903,44,192,58,0.5686274509803921,0.232,0.32954545454545453,0.9535374868004224,0.046462513199577615,0.8028404344193818,0.5927687434002112,0.2701279470091031,8,3,7,4,0.42857142857142855,0.375,0.39999999999999997,9.0,36.0,5.772005772005772,693,"Sampled-label overlap, no point adjustment; delays among detected events only; no original-FPS seconds.",0.5227272727272727,0.525374634502924,,1.0645318031311035,1197,250,True
S09,2,dino_spatiotemporal,0.010101010101010102,0.012345679012345678,-0.004892850294709206,0.06106650456786156,0.22750483453273773,0.7958479408658924,0.6010249427721925,0.6003479769063917,0.6551725671094315,0.252,0.272,0.7856388595564942,882,65,150,100,0.6060606060606061,0.4,0.4819277108433735,0.9313621964097148,0.06863780359028511,0.8203842940685045,0.6656810982048574,0.39072044179742227,896,51,162,88,0.6330935251798561,0.352,0.4524421593830334,0.9461457233368532,0.05385427666314678,0.8220551378446115,0.6490728616684266,0.3782886786258456,8,5,13,5,0.6153846153846154,0.625,0.6201550387596899,9.0,36.0,7.215007215007215,693,"Sampled-label overlap, no point adjustment; delays among detected events only; no original-FPS seconds.",0.44318181818181823,0.48437535600364545,,2.8560404777526855,1197,250,True
S09,2,dino_visual_state,0.010101010101010102,0.01763668430335097,0.0012815353693440557,0.05497252196073532,0.2647903561592102,0.7741752903907075,0.5995529964774531,0.5989014462652597,0.6600166731506697,0.252,0.272,0.8606124604012672,876,71,135,115,0.6182795698924731,0.46,0.5275229357798165,0.925026399155227,0.07497360084477296,0.8279030910609858,0.6925131995776135,0.4320196011852143,895,52,143,107,0.6729559748427673,0.428,0.5232273838630807,0.9450897571277719,0.054910242872228086,0.8370927318295739,0.6865448785638859,0.44684929896024134,8,5,12,5,0.5833333333333334,0.625,0.603448275862069,7.0,28.0,7.215007215007215,693,"Sampled-label overlap, no point adjustment; delays among detected events only; no original-FPS seconds.",0.4204545454545455,0.4782989671147566,,2.699897527694702,1197,250,True
S09,2,dino_full,0.010101010101010102,0.014109347442680775,0.003995001316070557,0.06939563155174255,0.21431711316108704,0.7969883843717003,0.6018761560630287,0.6012000529596029,0.6556616461957427,0.248,0.276,0.7803590285110876,882,65,148,102,0.6107784431137725,0.408,0.48920863309352514,0.9313621964097148,0.06863780359028511,0.8220551378446115,0.6696810982048574,0.3981361458184705,896,51,157,93,0.6458333333333334,0.372,0.4720812182741117,0.9461457233368532,0.05385427666314678,0.8262322472848789,0.6590728616684266,0.3975352569823817,8,5,12,5,0.5833333333333334,0.625,0.603448275862069,7.0,28.0,7.215007215007215,693,"Sampled-label overlap, no point adjustment; delays among detected events only; no original-FPS seconds.",0.44318181818181823,0.48437535600364545,,2.556051731109619,1197,250,True
S09,2,dino_full_ema,0.010101010101010102,0.005291005291005291,-0.010714013675970106,0.054568346999620855,0.22374505130561595,0.802428722280887,0.6107081489609638,0.6100613950253737,0.6582782193075085,0.252,0.272,0.7930306230200633,879,68,143,107,0.6114285714285714,0.428,0.5035294117647059,0.928194297782471,0.07180570221752904,0.8237259816207184,0.6780971488912355,0.4098146545591143,888,59,150,100,0.6289308176100629,0.4,0.4889975550122249,0.9376979936642027,0.06230200633579725,0.8253968253968254,0.6688489968321014,0.4044606126172751,8,5,12,5,0.5833333333333334,0.625,0.603448275862069,9.0,36.0,7.215007215007215,693,"Sampled-label overlap, no point adjustment; delays among detected events only; no original-FPS seconds.",0.4659090909090909,0.4956127297410192,,2.4848755552687676,1197,250,True
S09,2,dino_state_pca,0.010101010101010102,0.021164021164021163,0.0016132965683937073,0.001670241355895996,0.002683296799659729,0.7524772967265048,0.5572798840068686,0.5564759880706269,0.6423386872672706,0.216,0.364,0.8648363252375924,891,56,154,96,0.631578947368421,0.384,0.4776119402985074,0.9408658922914467,0.059134107708553325,0.8245614035087719,0.6624329461457233,0.39661503336168435,909,38,178,72,0.6545454545454545,0.288,0.39999999999999997,0.9598732840549102,0.04012671594508976,0.8195488721804511,0.6239366420274551,0.3487896586608889,8,3,7,4,0.42857142857142855,0.375,0.39999999999999997,2.0,8.0,5.772005772005772,693,"Sampled-label overlap, no point adjustment; delays among detected events only; no original-FPS seconds.",0.47727272727272724,0.5068246081403976,,0.021051080897450447,1197,250,True
S10,0,dino_global_pca,0.010101010101010102,0.03327965646806227,0.00036416947841644287,0.0003600381314754486,0.00035970285534858704,0.8270615296147211,0.5283155983854135,0.5274738111378878,0.5927030053569807,0.001081081081081081,0.11567567567567567,0.6675531914893617,2823,185,758,167,0.4744318181818182,0.18054054054054053,0.2615505090054816,0.9384973404255319,0.061502659574468085,0.7602339181286549,0.5595189404830362,0.17685668377296998,2820,188,810,115,0.3795379537953795,0.12432432432432433,0.18729641693811078,0.9375,0.0625,0.7462496821764556,0.5309121621621622,0.09833192341460878,11,5,15,3,0.8,0.45454545454545453,0.5797101449275363,32.0,128.0,1.6103059581320451,1863,"Sampled-label overlap, no point adjustment; delays among detected events only; no original-FPS seconds.",0.5444444444444445,0.62390608875129,,0.0023807219695299864,3933,925,True
S10,0,visual_state_transition,0.00966183574879227,0.00966183574879227,0.0,0.0,0.0,0.49669817423806784,0.23740624027840523,0.2169041479729728,0.49734782478770806,0.00972972972972973,0.02054054054054054,1.0,2981,27,916,9,0.25,0.00972972972972973,0.018730489073881373,0.9910239361702128,0.008976063829787235,0.7602339181286549,0.5003768329499713,0.0033563882716908587,3008,0,925,0,0.0,0.0,0.0,1.0,0.0,0.7648105771675566,0.5,0.0,11,0,0,0,0.0,0.0,0.0,,,0.0,1863,"Sampled-label overlap, no point adjustment; delays among detected events only; no original-FPS seconds.",0.39999999999999997,0.5121904024767802,,3.938706159591675,3933,925,True
S10,0,dino_frame_plain_ae,0.010101010101010102,0.03327965646806227,0.033202312886714935,0.03429397568106651,0.03260860592126846,0.8513675244393331,0.5726824482846891,0.5717552259723995,0.6308548470082624,0.008648648648648649,0.19675675675675675,0.5232712765957447,2826,182,686,239,0.5676959619952494,0.2583783783783784,0.3551263001485884,0.9394946808510638,0.06050531914893617,0.779303330790745,0.5989365296147211,0.27144268908417385,2809,199,728,197,0.49747474747474746,0.21297297297297296,0.2982588947766843,0.933843085106383,0.06615691489361702,0.7643020594965675,0.573408029039678,0.20692750379714306,11,5,20,3,0.85,0.45454545454545453,0.5923344947735192,23.0,92.0,1.6103059581320451,1863,"Sampled-label overlap, no point adjustment; delays among detected events only; no original-FPS seconds.",0.5555555555555556,0.6322394220846235,,0.2253883332014084,3933,925,True
S10,0,dino_frame_denoising_ae,0.010101010101010102,0.030059044551798177,0.01836969703435898,0.0185372456908226,0.018388692289590836,0.8622969378953422,0.5847202775168572,0.5838466773489862,0.6476457280348658,0.001081081081081081,0.252972972972973,0.49700797872340424,2850,158,663,262,0.6238095238095238,0.28324324324324324,0.3895910780669145,0.9474734042553191,0.052526595744680854,0.7912534960589881,0.6153583237492812,0.316829049662834,2857,151,698,227,0.6005291005291006,0.2454054054054054,0.3484267075978511,0.9498005319148937,0.050199468085106384,0.7841342486651411,0.5976029686601495,0.28089053337129605,11,5,31,12,0.6129032258064516,0.45454545454545453,0.521978021978022,13.0,52.0,6.4412238325281805,1863,"Sampled-label overlap, no point adjustment; delays among detected events only; no original-FPS seconds.",0.5666666666666667,0.6351633986928106,,0.18096871674060822,3933,925,True
S10,0,dino_frame_forecast,0.010101010101010102,0.027375201288244767,0.06003987044095993,0.06239724159240723,0.07567409425973892,0.8407666043703277,0.5147342000334169,0.5142268446061793,0.5683170152235102,0.001081081081081081,0.08108108108108109,0.5950797872340425,2804,204,728,197,0.4912718204488778,0.21297297297297296,0.2971342383107089,0.9321808510638298,0.0678191489361702,0.7630307653190949,0.5725769120184013,0.20344907997381673,2814,194,782,143,0.42433234421364985,0.1545945945945946,0.22662440570522982,0.9355053191489362,0.06449468085106383,0.7518433765573354,0.5450499568717654,0.1365241136215858,11,5,9,1,0.8888888888888888,0.45454545454545453,0.6015037593984961,41.0,164.0,0.5367686527106817,1863,"Sampled-label overlap, no point adjustment; delays among detected events only; no original-FPS seconds.",0.7111111111111111,0.6955785799168153,,0.46943721175193787,3933,925,True
S10,0,dino_fewshot3_denoising_ae,0.010101010101010102,0.030595813204508857,0.07940441370010376,0.08098547160625458,0.07868032157421112,0.7881905908568142,0.42539987999802986,0.4245878088872747,0.5232760055688387,0.001081081081081081,0.05405405405405406,0.6552526595744681,2947,61,920,5,0.07575757575757576,0.005405405405405406,0.010090817356205853,0.979720744680851,0.020279255319148936,0.7505720823798627,0.49256307504312824,-0.04911047372434498,2999,9,922,3,0.25,0.003243243243243243,0.006403415154749199,0.9970079787234043,0.0029920212765957447,0.7632850241545893,0.5001256109833238,0.0019318720055583217,11,1,3,2,0.3333333333333333,0.09090909090909091,0.14285714285714288,42.0,168.0,1.0735373054213635,1863,"Sampled-label overlap, no point adjustment; delays among detected events only; no original-FPS seconds.",0.37777777777777777,0.48518643422281194,,0.44524481892585754,3933,925,True
S10,0,dino_spatiotemporal,0.010101010101010102,0.03166935050993022,0.0009461436420679092,0.03215347230434418,0.08391906321048737,0.8651624496837264,0.5712203832351306,0.5706241717946415,0.6307648073605521,0.001081081081081081,0.19675675675675675,0.4488031914893617,2824,184,633,292,0.6134453781512605,0.31567567567567567,0.41684511063526053,0.9388297872340425,0.061170212765957445,0.7922705314009661,0.627252731454859,0.3309434004839437,2816,192,666,259,0.5742793791574279,0.28,0.376453488372093,0.9361702127659575,0.06382978723404255,0.7818459191456903,0.6080851063829787,0.2877418145486015,11,5,23,3,0.8695652173913043,0.45454545454545453,0.5970149253731344,13.0,52.0,1.6103059581320451,1863,"Sampled-label overlap, no point adjustment; delays among detected events only; no original-FPS seconds.",0.5888888888888889,0.6418300653594772,,4.163543224334717,3933,925,True
S10,0,dino_visual_state,0.010101010101010102,0.030059044551798177,0.019203759729862213,0.0322546511888504,0.023851223289966583,0.8610875503162737,0.5837713893906468,0.5829024405671582,0.646985185073091,0.001081081081081081,0.24972972972972973,0.5096409574468085,2850,158,662,263,0.6247030878859857,0.2843243243243243,0.39078751857355126,0.9474734042553191,0.052526595744680854,0.7915077548944826,0.6158988642898218,0.31798062360931967,2857,151,698,227,0.6005291005291006,0.2454054054054054,0.3484267075978511,0.9498005319148937,0.050199468085106384,0.7841342486651411,0.5976029686601495,0.28089053337129605,11,5,31,12,0.6129032258064516,0.45454545454545453,0.521978021978022,13.0,52.0,6.4412238325281805,1863,"Sampled-label overlap, no point adjustment; delays among detected events only; no original-FPS seconds.",0.5666666666666667,0.6351633986928106,,4.091850757598877,3933,925,True
S10,0,dino_full,0.010101010101010102,0.0322061191626409,0.021454215049743652,0.0511615052819252,0.10113580524921417,0.8642384272570444,0.5680302318334783,0.5674365550800188,0.626461820162828,0.001081081081081081,0.19567567567567568,0.4498005319148936,2822,186,636,289,0.608421052631579,0.3124324324324324,0.41285714285714287,0.9381648936170213,0.061835106382978726,0.7909992372234935,0.6252986630247268,0.32615715911065135,2813,195,669,256,0.5676274944567627,0.27675675675675676,0.37209302325581395,0.9351728723404256,0.06482712765957446,0.7803203661327232,0.6059648145485912,0.28209721983786024,11,5,22,2,0.9090909090909091,0.45454545454545453,0.6060606060606061,13.0,52.0,1.0735373054213635,1863,"Sampled-label overlap, no point adjustment; delays among detected events only; no original-FPS seconds.",0.5888888888888889,0.6418300653594772,,3.725562810897827,3933,925,True
S10,0,dino_full_ema,0.010101010101010102,0.029522275899087493,0.02909498652426186,0.04793658732250982,0.11240643660651856,0.8584161155836688,0.5531249387748516,0.5525407579750964,0.6176288550588662,0.0,0.0681081081081081,0.47074468085106386,2809,199,667,258,0.5645514223194749,0.2789189189189189,0.37337192474674386,0.933843085106383,0.06615691489361702,0.779811848461734,0.606381002012651,0.28158263634151826,2811,197,684,241,0.5502283105022832,0.26054054054054054,0.35363169479090245,0.9345079787234043,0.06549202127659574,0.775997965929316,0.5975242596319724,0.2629612737195581,11,5,15,1,0.9333333333333333,0.45454545454545453,0.611353711790393,15.0,60.0,0.5367686527106817,1863,"Sampled-label overlap, no point adjustment; delays among detected events only; no original-FPS seconds.",0.6222222222222222,0.6602000287294405,,3.8284119448408154,3933,925,True
S10,0,dino_state_pca,0.010101010101010102,0.015029522275899088,0.0002808431163430214,0.0002726651728153229,0.00028144754469394684,0.8597872340425531,0.6557238304104348,0.655304429594222,0.6516517357222844,0.1589189189189189,0.25405405405405407,0.5528590425531915,2851,157,660,265,0.6279620853080569,0.2864864864864865,0.3934669636228656,0.9478058510638298,0.052194148936170214,0.7922705314009661,0.6171461687751582,0.32106741208723744,2874,134,692,233,0.6348773841961853,0.2518918918918919,0.3606811145510836,0.9554521276595744,0.04454787234042553,0.7899822018815154,0.6036720097757331,0.30232745923304677,11,5,23,9,0.6086956521739131,0.45454545454545453,0.5204460966542751,27.0,108.0,4.830917874396135,1863,"Sampled-label overlap, no point adjustment; delays among detected events only; no original-FPS seconds.",0.5888888888888888,0.7184967320261438,,0.0032908045686781406,3933,925,True
S10,1,dino_global_pca,0.010101010101010102,0.03327965646806227,0.00036416947841644287,0.0003600381314754486,0.00035970285534858704,0.8270615296147211,0.5283155983854135,0.5274738111378878,0.5927030053569807,0.001081081081081081,0.11567567567567567,0.6675531914893617,2823,185,758,167,0.4744318181818182,0.18054054054054053,0.2615505090054816,0.9384973404255319,0.061502659574468085,0.7602339181286549,0.5595189404830362,0.17685668377296998,2820,188,810,115,0.3795379537953795,0.12432432432432433,0.18729641693811078,0.9375,0.0625,0.7462496821764556,0.5309121621621622,0.09833192341460878,11,5,15,3,0.8,0.45454545454545453,0.5797101449275363,32.0,128.0,1.6103059581320451,1863,"Sampled-label overlap, no point adjustment; delays among detected events only; no original-FPS seconds.",0.5444444444444445,0.62390608875129,,0.0023807219695299864,3933,925,True
S10,1,visual_state_transition,0.00966183574879227,0.00966183574879227,0.0,0.0,0.0,0.49669817423806784,0.23740624027840523,0.2169041479729728,0.49734782478770806,0.00972972972972973,0.02054054054054054,1.0,2981,27,916,9,0.25,0.00972972972972973,0.018730489073881373,0.9910239361702128,0.008976063829787235,0.7602339181286549,0.5003768329499713,0.0033563882716908587,3008,0,925,0,0.0,0.0,0.0,1.0,0.0,0.7648105771675566,0.5,0.0,11,0,0,0,0.0,0.0,0.0,,,0.0,1863,"Sampled-label overlap, no point adjustment; delays among detected events only; no original-FPS seconds.",0.39999999999999997,0.5121904024767802,,3.938706159591675,3933,925,True
S10,1,dino_frame_plain_ae,0.010101010101010102,0.03757380568974772,0.033679574728012085,0.034710489213466644,0.032933853566646576,0.8506289534215067,0.555797220286228,0.5549693529797489,0.6206894464453255,0.002162162162162162,0.1545945945945946,0.5089760638297872,2823,185,663,262,0.5861297539149888,0.28324324324324324,0.3819241982507288,0.9384973404255319,0.061502659574468085,0.7843885075006356,0.6108702918343876,0.2963040009442647,2803,205,686,239,0.5382882882882883,0.2583783783783784,0.34915997078159244,0.9318484042553191,0.06815159574468085,0.7734553775743707,0.5951133913168487,0.2549408768244619,11,5,17,1,0.9411764705882353,0.45454545454545453,0.6130268199233716,23.0,92.0,0.5367686527106817,1863,"Sampled-label overlap, no point adjustment; delays among detected events only; no original-FPS seconds.",0.5666666666666667,0.6351633986928106,,0.21244168281555176,3933,925,True
S10,1,dino_frame_denoising_ae,0.010101010101010102,0.03757380568974772,0.018443576991558075,0.019825827330350876,0.019060764461755753,0.8604003737780335,0.5801741825639248,0.5793656188075375,0.6483369147422899,0.0,0.21945945945945947,0.5289228723404256,2821,187,582,343,0.6471698113207547,0.3708108108108108,0.47147766323024054,0.9378324468085106,0.06216755319148936,0.8044749555047038,0.6543216288096607,0.38335194152642144,2806,202,619,306,0.6023622047244095,0.3308108108108108,0.427076064200977,0.932845744680851,0.06715425531914894,0.7912534960589881,0.631828277745831,0.33341582749923115,11,5,18,1,0.9444444444444444,0.45454545454545453,0.6137184115523465,12.0,48.0,0.5367686527106817,1863,"Sampled-label overlap, no point adjustment; delays among detected events only; no original-FPS seconds.",0.5777777777777777,0.6458776844070961,,0.15468522906303406,3933,925,True
S10,1,dino_frame_forecast,0.010101010101010102,0.02254428341384863,0.05949646979570389,0.062199514359235764,0.0741991177201271,0.8503611989649222,0.5265278398185278,0.5259641184262689,0.5733176205320663,0.001081081081081081,0.0681081081081081,0.5492021276595744,2799,209,682,243,0.5376106194690266,0.2627027027027027,0.35294117647058826,0.9305186170212766,0.0694813829787234,0.7734553775743707,0.5966106598619896,0.2569470271723616,2811,197,732,193,0.4948717948717949,0.20864864864864865,0.2935361216730038,0.9345079787234043,0.06549202127659574,0.7637935418255785,0.5715783136860265,0.20314370123512263,11,5,14,1,0.9285714285714286,0.45454545454545453,0.6103286384976525,24.0,96.0,0.5367686527106817,1863,"Sampled-label overlap, no point adjustment; delays among detected events only; no original-FPS seconds.",0.7222222222222222,0.7028513071895426,,0.4743395149707794,3933,925,True
S10,1,dino_spatiotemporal,0.010101010101010102,0.033816425120772944,0.0035133827477693558,0.04939635843038559,0.099103182554245,0.8687859401955145,0.5714029230689484,0.5708174061087452,0.6312441360733634,0.0,0.1783783783783784,0.44913563829787234,2812,196,607,318,0.6186770428015564,0.34378378378378377,0.4419735927727588,0.9348404255319149,0.06515957446808511,0.7958301550978897,0.6393121046578494,0.35058838311424473,2810,198,655,270,0.5769230769230769,0.2918918918918919,0.38765254845656855,0.9341755319148937,0.06582446808510638,0.783117213323163,0.6130337119033928,0.29612373710320794,11,5,17,1,0.9411764705882353,0.45454545454545453,0.6130268199233716,13.0,52.0,0.5367686527106817,1863,"Sampled-label overlap, no point adjustment; delays among detected events only; no original-FPS seconds.",0.6000000000000001,0.6525443510737629,,4.200714111328125,3933,925,True
S10,1,dino_visual_state,0.010101010101010102,0.03757380568974772,0.020858678966760635,0.054285429418087006,0.037276819348335266,0.8591237780333525,0.5793209198182561,0.5785129938968102,0.6477724645137859,0.0,0.2227027027027027,0.5388962765957447,2821,187,579,346,0.649155722326454,0.37405405405405406,0.47462277091906724,0.9378324468085106,0.06216755319148936,0.8052377320111874,0.6559432504312823,0.3864588856280695,2806,202,616,309,0.6046966731898239,0.33405405405405403,0.4303621169916434,0.932845744680851,0.06715425531914894,0.7920162725654717,0.6334498993674526,0.336672447323991,11,5,18,1,0.9444444444444444,0.45454545454545453,0.6137184115523465,12.0,48.0,0.5367686527106817,1863,"Sampled-label overlap, no point adjustment; delays among detected events only; no original-FPS seconds.",0.5777777777777777,0.6458776844070961,,3.7805612087249756,3933,925,True
S10,1,dino_full,0.010101010101010102,0.03327965646806227,0.0218074731528759,0.05912698432803154,0.10554447025060654,0.8683298591144336,0.5690559962583328,0.5684717759281641,0.6274155594564329,0.0,0.1643243243243243,0.4421542553191489,2812,196,612,313,0.6149312377210217,0.33837837837837836,0.43654114365411434,0.9348404255319149,0.06515957446808511,0.7945588609204169,0.6366094019551467,0.34521892744562216,2810,198,654,271,0.5778251599147122,0.292972972972973,0.38880918220946914,0.9341755319148937,0.06582446808510638,0.7833714721586575,0.6135742524439334,0.2972653583506596,11,5,18,1,0.9444444444444444,0.45454545454545453,0.6137184115523465,13.0,52.0,0.5367686527106817,1863,"Sampled-label overlap, no point adjustment; delays among detected events only; no original-FPS seconds.",0.6111111111111112,0.6563905049199167,,3.7806520462036133,3933,925,True
S10,1,dino_full_ema,0.010101010101010102,0.0322061191626409,0.02188931718462122,0.0723902856043037,0.11407895753592619,0.8625711615871191,0.5563748945306061,0.5558373206547426,0.6199339457038225,0.0,0.07783783783783783,0.4621010638297872,2809,199,617,308,0.6074950690335306,0.33297297297297296,0.4301675977653632,0.933843085106383,0.06615691489361702,0.7925247902364607,0.633408029039678,0.3376945774581803,2811,197,646,279,0.5861344537815126,0.3016216216216216,0.39828693790149894,0.9345079787234043,0.06549202127659574,0.7856598016781083,0.618064800172513,0.30704854819096106,11,5,13,1,0.9230769230769231,0.45454545454545453,0.6091370558375634,15.0,60.0,0.5367686527106817,1863,"Sampled-label overlap, no point adjustment; delays among detected events only; no original-FPS seconds.",0.6222222222222222,0.6608776844070962,,3.7728951535703095,3933,925,True
S10,1,dino_state_pca,0.010101010101010102,0.015029522275899088,0.0002808431163430214,0.0002726651728153229,0.00028144754469394684,0.8597872340425531,0.6557238304104348,0.655304429594222,0.6516517357222844,0.1589189189189189,0.25405405405405407,0.5528590425531915,2851,157,660,265,0.6279620853080569,0.2864864864864865,0.3934669636228656,0.9478058510638298,0.052194148936170214,0.7922705314009661,0.6171461687751582,0.32106741208723744,2874,134,692,233,0.6348773841961853,0.2518918918918919,0.3606811145510836,0.9554521276595744,0.04454787234042553,0.7899822018815154,0.6036720097757331,0.30232745923304677,11,5,23,9,0.6086956521739131,0.45454545454545453,0.5204460966542751,27.0,108.0,4.830917874396135,1863,"Sampled-label overlap, no point adjustment; delays among detected events only; no original-FPS seconds.",0.5888888888888888,0.7184967320261438,,0.0032908045686781406,3933,925,True
S10,2,dino_global_pca,0.010101010101010102,0.03327965646806227,0.00036416947841644287,0.0003600381314754486,0.00035970285534858704,0.8270615296147211,0.5283155983854135,0.5274738111378878,0.5927030053569807,0.001081081081081081,0.11567567567567567,0.6675531914893617,2823,185,758,167,0.4744318181818182,0.18054054054054053,0.2615505090054816,0.9384973404255319,0.061502659574468085,0.7602339181286549,0.5595189404830362,0.17685668377296998,2820,188,810,115,0.3795379537953795,0.12432432432432433,0.18729641693811078,0.9375,0.0625,0.7462496821764556,0.5309121621621622,0.09833192341460878,11,5,15,3,0.8,0.45454545454545453,0.5797101449275363,32.0,128.0,1.6103059581320451,1863,"Sampled-label overlap, no point adjustment; delays among detected events only; no original-FPS seconds.",0.5444444444444445,0.62390608875129,,0.0023807219695299864,3933,925,True
S10,2,visual_state_transition,0.00966183574879227,0.00966183574879227,0.0,0.0,0.0,0.49669817423806784,0.23740624027840523,0.2169041479729728,0.49734782478770806,0.00972972972972973,0.02054054054054054,1.0,2981,27,916,9,0.25,0.00972972972972973,0.018730489073881373,0.9910239361702128,0.008976063829787235,0.7602339181286549,0.5003768329499713,0.0033563882716908587,3008,0,925,0,0.0,0.0,0.0,1.0,0.0,0.7648105771675566,0.5,0.0,11,0,0,0,0.0,0.0,0.0,,,0.0,1863,"Sampled-label overlap, no point adjustment; delays among detected events only; no original-FPS seconds.",0.39999999999999997,0.5121904024767802,,3.938706159591675,3933,925,True
S10,2,dino_frame_plain_ae,0.010101010101010102,0.03757380568974772,0.03344227373600006,0.034436821937561035,0.03236650675535202,0.848791690626797,0.5596624494697815,0.5587248404741006,0.6205358493992313,0.011891891891891892,0.1318918918918919,0.5043218085106383,2834,174,703,222,0.5606060606060606,0.24,0.33610900832702495,0.942154255319149,0.05784574468085106,0.7770150012712942,0.5910771276595745,0.2567343508081763,2810,198,742,183,0.48031496062992124,0.19783783783783784,0.28024502297090353,0.9341755319148937,0.06582446808510638,0.7609966946351385,0.5660066848763657,0.18929046272307493,11,5,17,1,0.9411764705882353,0.45454545454545453,0.6130268199233716,26.0,104.0,0.5367686527106817,1863,"Sampled-label overlap, no point adjustment; delays among detected events only; no original-FPS seconds.",0.5555555555555556,0.6268300653594772,,0.23184305429458618,3933,925,True
S10,2,dino_frame_denoising_ae,0.010101010101010102,0.03274288781535158,0.018151547759771347,0.01900855451822281,0.01815568096935749,0.8598548016101207,0.5862578460316323,0.5853300202660325,0.6514595502557429,0.00972972972972973,0.2118918918918919,0.5232712765957447,2822,186,601,324,0.6352941176470588,0.35027027027027025,0.45156794425087105,0.9381648936170213,0.061835106382978726,0.7998982964658022,0.6442175819436458,0.3641408905259833,2809,199,647,278,0.5828092243186582,0.3005405405405405,0.3965763195435092,0.933843085106383,0.06615691489361702,0.7848970251716247,0.6171918128234618,0.3045025920802724,11,5,18,1,0.9444444444444444,0.45454545454545453,0.6137184115523465,12.0,48.0,0.5367686527106817,1863,"Sampled-label overlap, no point adjustment; delays among detected events only; no original-FPS seconds.",0.5777777777777777,0.6458776844070961,,0.16276898980140686,3933,925,True
S10,2,dino_frame_forecast,0.010101010101010102,0.040257648953301126,0.05846947059035301,0.061664484441280365,0.07501152157783508,0.8453288527889591,0.5268482541767837,0.5262914776792237,0.5838329651039618,0.001081081081081081,0.10810810810810811,0.569813829787234,2791,217,599,326,0.6003683241252302,0.35243243243243244,0.44414168937329707,0.9278590425531915,0.07214095744680851,0.7925247902364607,0.640145737492812,0.34460367719717033,2811,197,645,280,0.5870020964360587,0.3027027027027027,0.3994293865905849,0.9345079787234043,0.06549202127659574,0.7859140605136028,0.6186053407130535,0.30817539904509705,11,5,20,1,0.95,0.45454545454545453,0.6148867313915857,10.0,40.0,0.5367686527106817,1863,"Sampled-label overlap, no point adjustment; delays among detected events only; no original-FPS seconds.",0.7222222222222222,0.7028513071895426,,0.4233827292919159,3933,925,True
S10,2,dino_spatiotemporal,0.010101010101010102,0.035963499731615674,-0.0012685973197221756,0.04434318467974663,0.09711306542158127,0.8652983036227716,0.5767694039717842,0.5760916475458605,0.6390075966223783,0.003243243243243243,0.17405405405405405,0.47606382978723405,2817,191,590,335,0.6368821292775665,0.3621621621621622,0.461750516884907,0.9365026595744681,0.06349734042553191,0.8014238494787694,0.6493324108683152,0.3721473370352947,2810,198,639,286,0.5909090909090909,0.3091891891891892,0.40596167494677077,0.9341755319148937,0.06582446808510638,0.7871853546910755,0.6216823605520414,0.31419417278685824,11,5,20,1,0.95,0.45454545454545453,0.6148867313915857,12.0,48.0,0.5367686527106817,1863,"Sampled-label overlap, no point adjustment; delays among detected events only; no original-FPS seconds.",0.6000000000000001,0.6525443510737629,,4.00437068939209,3933,925,True
S10,2,dino_visual_state,0.010101010101010102,0.03327965646806227,0.019005607813596725,0.043043989688158035,0.02687152847647667,0.8587658136860264,0.5857218325612854,0.5847911610459464,0.6512510971217579,0.010810810810810811,0.21297297297297296,0.5332446808510638,2822,186,599,326,0.63671875,0.35243243243243244,0.453723034098817,0.9381648936170213,0.061835106382978726,0.8004068141367913,0.6452986630247268,0.3662603267707217,2809,199,645,280,0.5845511482254697,0.3027027027027027,0.39886039886039887,0.933843085106383,0.06615691489361702,0.7854055428426138,0.6182728939045429,0.3067581273851549,11,5,18,1,0.9444444444444444,0.45454545454545453,0.6137184115523465,12.0,48.0,0.5367686527106817,1863,"Sampled-label overlap, no point adjustment; delays among detected events only; no original-FPS seconds.",0.5777777777777777,0.6458776844070961,,3.8280959129333496,3933,925,True
S10,2,dino_full,0.010101010101010102,0.03650026838432636,0.01392858475446701,0.060073018074035645,0.10725434124469757,0.864777170787809,0.5748004131149428,0.5741249978162819,0.636112708453134,0.003243243243243243,0.17189189189189188,0.4783909574468085,2815,193,587,338,0.6365348399246704,0.3654054054054054,0.46428571428571425,0.9358377659574468,0.0641622340425532,0.8016781083142639,0.6506215856814261,0.37386307885475334,2810,198,640,285,0.5900621118012422,0.3081081081081081,0.40482954545454547,0.9341755319148937,0.06582446808510638,0.786931095855581,0.6211418200115009,0.31307670846622665,11,5,22,1,0.9545454545454546,0.45454545454545453,0.6158357771260997,12.0,48.0,0.5367686527106817,1863,"Sampled-label overlap, no point adjustment; delays among detected events only; no original-FPS seconds.",0.6111111111111112,0.6563905049199167,,3.5873398780822754,3933,925,True
S10,2,dino_full_ema,0.010101010101010102,0.03274288781535158,0.01934767383546912,0.05695691395158543,0.12405222216262557,0.8602454715353651,0.5670351488405996,0.5663435733068838,0.6316103477497654,0.004324324324324324,0.10486486486486486,0.49268617021276595,2809,199,606,319,0.6158301158301158,0.34486486486486484,0.4421344421344421,0.933843085106383,0.06615691489361702,0.7953216374269005,0.639353974985624,0.3495416285437185,2811,197,631,294,0.5987780040733197,0.3178378378378378,0.41525423728813554,0.9345079787234043,0.06549202127659574,0.7894736842105263,0.6261729082806211,0.32378722714846325,11,5,16,1,0.9375,0.45454545454545453,0.6122448979591837,15.0,60.0,0.5367686527106817,1863,"Sampled-label overlap, no point adjustment; delays among detected events only; no original-FPS seconds.",0.6111111111111112,0.6563905049199167,,3.6236870110990616,3933,925,True
S10,2,dino_state_pca,0.010101010101010102,0.015029522275899088,0.0002808431163430214,0.0002726651728153229,0.00028144754469394684,0.8597872340425531,0.6557238304104348,0.655304429594222,0.6516517357222844,0.1589189189189189,0.25405405405405407,0.5528590425531915,2851,157,660,265,0.6279620853080569,0.2864864864864865,0.3934669636228656,0.9478058510638298,0.052194148936170214,0.7922705314009661,0.6171461687751582,0.32106741208723744,2874,134,692,233,0.6348773841961853,0.2518918918918919,0.3606811145510836,0.9554521276595744,0.04454787234042553,0.7899822018815154,0.6036720097757331,0.30232745923304677,11,5,23,9,0.6086956521739131,0.45454545454545453,0.5204460966542751,27.0,108.0,4.830917874396135,1863,"Sampled-label overlap, no point adjustment; delays among detected events only; no original-FPS seconds.",0.5888888888888888,0.7184967320261438,,0.0032908045686781406,3933,925,True
S11,0,dino_global_pca,0.01018808777429467,0.003352490421455939,0.001971215009689331,0.0018533766269683838,0.0021215081214904785,0.62978749872621,0.30534505232178855,0.30503603410550195,0.47368421052631576,0.0,0.0,0.8307123034227567,2879,364,1165,0,0.0,0.0,0.0,0.8877582485353068,0.11224175146469319,0.6531306715063521,0.4438791242676534,-0.17981859777269307,2898,345,1165,0,0.0,0.0,0.0,0.8936170212765957,0.10638297872340426,0.6574410163339383,0.44680851063829785,-0.1746528290206152,11,0,11,11,0.0,0.0,0.0,,,5.268199233716476,2088,"Sampled-label overlap, no point adjustment; delays among detected events only; no original-FPS seconds.",0.2777777777777778,0.42467037348616293,,0.014685568399727345,4408,1165,True
S11,0,visual_state_transition,0.007836990595611285,0.006704980842911878,0.0,0.0,0.0,0.502253913678719,0.26574774403893675,0.29800416646821243,0.5020943071822713,0.007725321888412017,0.017167381974248927,1.0,3220,23,1156,9,0.28125,0.007725321888412017,0.015037593984962403,0.9929078014184397,0.0070921985815602835,0.7325317604355717,0.5003165616534259,0.0032886003030456203,3243,0,1165,0,0.0,0.0,0.0,1.0,0.0,0.7357078039927405,0.5,0.0,11,0,0,0,0.0,0.0,0.0,,,0.0,2088,"Sampled-label overlap, no point adjustment; delays among detected events only; no original-FPS seconds.",0.7333333333333334,0.6679487179487179,,3.5756216049194336,4408,1165,True
S11,0,dino_frame_plain_ae,0.01018808777429467,0.005268199233716475,0.0723305493593216,0.06577657163143158,0.07665479183197021,0.6472113591638113,0.3212333385207355,0.32091675656670815,0.47368421052631576,0.0,0.0,0.8618563058896084,2809,434,1165,0,0.0,0.0,0.0,0.8661732963305582,0.13382670366944188,0.6372504537205081,0.4330866481652791,-0.19807078450800475,2829,414,1165,0,0.0,0.0,0.0,0.8723404255319149,0.1276595744680851,0.6417876588021778,0.43617021276595747,-0.1929681479493813,11,0,9,9,0.0,0.0,0.0,,,4.310344827586206,2088,"Sampled-label overlap, no point adjustment; delays among detected events only; no original-FPS seconds.",0.33333333333333337,0.4453485841643736,,0.47951993346214294,4408,1165,True
S11,0,dino_frame_denoising_ae,0.01018808777429467,0.005747126436781609,0.04141927510499954,0.0352679044008255,0.04343148320913315,0.6771931356940467,0.3387713371646562,0.33844107008494373,0.47368421052631576,0.0,0.0,0.759481961147086,2817,426,1162,3,0.006993006993006993,0.002575107296137339,0.0037641154328732747,0.8686401480111008,0.13135985198889916,0.6397459165154264,0.43560762765361905,-0.19159547269271585,2829,414,1165,0,0.0,0.0,0.0,0.8723404255319149,0.1276595744680851,0.6417876588021778,0.43617021276595747,-0.1929681479493813,11,0,9,9,0.0,0.0,0.0,,,4.310344827586206,2088,"Sampled-label overlap, no point adjustment; delays among detected events only; no original-FPS seconds.",0.33333333333333337,0.4453485841643736,,0.39159563183784485,4408,1165,True
S11,0,dino_frame_forecast,0.01018808777429467,0.004310344827586207,0.10452519357204437,0.09369850158691406,0.1228221207857132,0.7084935662020146,0.3471172448109609,0.3468297062626785,0.47368421052631576,0.0,0.0,0.475177304964539,2875,368,1163,2,0.005405405405405406,0.0017167381974248926,0.00260586319218241,0.8865248226950354,0.11347517730496454,0.6526769509981851,0.44412078044623016,-0.1777185434507972,2906,337,1165,0,0.0,0.0,0.0,0.8960838729571384,0.10391612704286154,0.6592558983666061,0.4480419364785692,-0.17244630277547815,11,0,10,10,0.0,0.0,0.0,,,4.7892720306513406,2088,"Sampled-label overlap, no point adjustment; delays among detected events only; no original-FPS seconds.",0.2555555555555556,0.41788465920044865,,0.6922213435173035,4408,1165,True
S11,0,dino_fewshot3_denoising_ae,0.01018808777429467,0.017720306513409962,0.23123401403427124,0.2570382356643677,0.23083671927452087,0.661199096369996,0.3135660380676899,0.31325059894255725,0.47368421052631576,0.0,0.0,0.5205057045945113,3084,159,1165,0,0.0,0.0,0.0,0.9509713228492137,0.04902867715078631,0.6996370235934665,0.47548566142460685,-0.11594304044689015,3097,146,1165,0,0.0,0.0,0.0,0.9549799568300956,0.04502004316990441,0.7025862068965517,0.4774899784150478,-0.11093260040746594,11,0,6,6,0.0,0.0,0.0,,,2.8735632183908044,2088,"Sampled-label overlap, no point adjustment; delays among detected events only; no original-FPS seconds.",0.2888888888888889,0.4264804558186911,,1.306618332862854,4408,1165,True
S11,0,dino_spatiotemporal,0.01018808777429467,0.005747126436781609,-0.0003198687045369297,-0.060178689658641815,0.05270764231681824,0.7050150935855239,0.3471690585220478,0.3468610826942482,0.47368421052631576,0.0,0.0,0.6006783842121493,2838,405,1165,0,0.0,0.0,0.0,0.8751156336725254,0.12488436632747456,0.6438294010889292,0.4375578168362627,-0.19064446676561506,2857,386,1165,0,0.0,0.0,0.0,0.8809744064138144,0.11902559358618563,0.6481397459165155,0.4404872032069072,-0.18567870886529828,11,0,11,11,0.0,0.0,0.0,,,5.268199233716476,2088,"Sampled-label overlap, no point adjustment; delays among detected events only; no original-FPS seconds.",0.33333333333333337,0.4453485841643736,,4.030630588531494,4408,1165,True
S11,0,dino_visual_state,0.01018808777429467,0.005747126436781609,0.01197999157011509,-0.06099405512213707,0.031124822795391083,0.6769509501481566,0.33867096270496916,0.3383409048931493,0.47368421052631576,0.0,0.0,0.7647240209682393,2816,427,1162,3,0.0069767441860465115,0.002575107296137339,0.0037617554858934174,0.868331791551033,0.131668208448967,0.639519056261343,0.43545344942358516,-0.19185488145972723,2829,414,1165,0,0.0,0.0,0.0,0.8723404255319149,0.1276595744680851,0.6417876588021778,0.43617021276595747,-0.1929681479493813,11,0,9,9,0.0,0.0,0.0,,,4.310344827586206,2088,"Sampled-label overlap, no point adjustment; delays among detected events only; no original-FPS seconds.",0.33333333333333337,0.4453485841643736,,3.755523204803467,4408,1165,True
S11,0,dino_full,0.01018808777429467,0.005268199233716475,0.01118791289627552,-0.05076561123132706,0.057149987667798996,0.705632335872973,0.34730782854164655,0.34699982969611964,0.47368421052631576,0.0,0.0,0.5966697502312673,2840,403,1165,0,0.0,0.0,0.0,0.8757323465926611,0.12426765340733889,0.6442831215970962,0.43786617329633054,-0.190125667239351,2858,385,1165,0,0.0,0.0,0.0,0.8812827628738822,0.11871723712611779,0.6483666061705989,0.4406413814369411,-0.1854149877606599,11,0,11,11,0.0,0.0,0.0,,,5.268199233716476,2088,"Sampled-label overlap, no point adjustment; delays among detected events only; no original-FPS seconds.",0.33333333333333337,0.4453485841643736,,3.608879566192627,4408,1165,True
S11,0,dino_full_ema,0.01018808777429467,0.004789272030651341,0.010169835396411347,-0.04173802235810353,0.07272527811101287,0.7076010529115863,0.3501801487164464,0.3498883312449644,0.47368421052631576,0.0,0.0,0.6123959296947271,2839,404,1165,0,0.0,0.0,0.0,0.8754239901325933,0.12457600986740672,0.6440562613430127,0.43771199506629666,-0.19038517893345763,2853,390,1165,0,0.0,0.0,0.0,0.879740980573543,0.12025901942645699,0.6472323049001815,0.4398704902867715,-0.18673117312964355,11,0,9,9,0.0,0.0,0.0,,,4.310344827586206,2088,"Sampled-label overlap, no point adjustment; delays among detected events only; no original-FPS seconds.",0.34444444444444444,0.44983576365155314,,3.523336353022197,4408,1165,True
S11,0,dino_state_pca,0.01018808777429467,0.009578544061302681,0.001553419977426529,0.0010882802307605743,0.001561034470796585,0.6710357997879884,0.33136385478994324,0.3310242592293116,0.4737764318846013,0.0,0.0,0.7724329324699353,2850,393,1144,21,0.050724637681159424,0.018025751072961373,0.026599113362887904,0.8788159111933395,0.1211840888066605,0.6513157894736842,0.4484208311331504,-0.15593247479440145,2871,372,1152,13,0.033766233766233764,0.011158798283261802,0.016774193548387096,0.8852913968547641,0.1147086031452359,0.6542649727767695,0.44822509756901296,-0.1617261845531757,11,2,16,14,0.125,0.18181818181818182,0.14814814814814814,31.0,124.0,6.704980842911878,2088,"Sampled-label overlap, no point adjustment; delays among detected events only; no original-FPS seconds.",0.34444444444444444,0.44983576365155314,,0.018393894657492638,4408,1165,True
S11,1,dino_global_pca,0.01018808777429467,0.003352490421455939,0.001971215009689331,0.0018533766269683838,0.0021215081214904785,0.62978749872621,0.30534505232178855,0.30503603410550195,0.47368421052631576,0.0,0.0,0.8307123034227567,2879,364,1165,0,0.0,0.0,0.0,0.8877582485353068,0.11224175146469319,0.6531306715063521,0.4438791242676534,-0.17981859777269307,2898,345,1165,0,0.0,0.0,0.0,0.8936170212765957,0.10638297872340426,0.6574410163339383,0.44680851063829785,-0.1746528290206152,11,0,11,11,0.0,0.0,0.0,,,5.268199233716476,2088,"Sampled-label overlap, no point adjustment; delays among detected events only; no original-FPS seconds.",0.2777777777777778,0.42467037348616293,,0.014685568399727345,4408,1165,True
S11,1,visual_state_transition,0.007836990595611285,0.006704980842911878,0.0,0.0,0.0,0.502253913678719,0.26574774403893675,0.29800416646821243,0.5020943071822713,0.007725321888412017,0.017167381974248927,1.0,3220,23,1156,9,0.28125,0.007725321888412017,0.015037593984962403,0.9929078014184397,0.0070921985815602835,0.7325317604355717,0.5003165616534259,0.0032886003030456203,3243,0,1165,0,0.0,0.0,0.0,1.0,0.0,0.7357078039927405,0.5,0.0,11,0,0,0,0.0,0.0,0.0,,,0.0,2088,"Sampled-label overlap, no point adjustment; delays among detected events only; no original-FPS seconds.",0.7333333333333334,0.6679487179487179,,3.5756216049194336,4408,1165,True
S11,1,dino_frame_plain_ae,0.01018808777429467,0.003352490421455939,0.0701560229063034,0.06607673317193985,0.07561130076646805,0.6541730687026134,0.32740609971025036,0.327087502987877,0.47368421052631576,0.0,0.0,0.9090348442799877,2861,382,1165,0,0.0,0.0,0.0,0.8822078322540857,0.11779216774591428,0.6490471869328494,0.44110391612704286,-0.18462235419136272,2880,363,1165,0,0.0,0.0,0.0,0.8880666049953746,0.11193339500462535,0.6533575317604355,0.4440333024976873,-0.17954922623855804,11,0,12,12,0.0,0.0,0.0,,,5.747126436781609,2088,"Sampled-label overlap, no point adjustment; delays among detected events only; no original-FPS seconds.",0.33333333333333337,0.4453485841643736,,0.5441297292709351,4408,1165,True
S11,1,dino_frame_denoising_ae,0.01018808777429467,0.006704980842911878,0.04152480512857437,0.03586052358150482,0.04451383277773857,0.6728965258946639,0.33660716077138564,0.33627774162800805,0.47368421052631576,0.0,0.0,0.8137526981190256,2842,401,1163,2,0.004962779156327543,0.0017167381974248926,0.002551020408163265,0.8763490595127968,0.12365094048720321,0.6451905626134301,0.4390328988551109,-0.1865555591820083,2856,387,1165,0,0.0,0.0,0.0,0.8806660499537465,0.11933395004625347,0.647912885662432,0.44033302497687327,-0.18594218682845468,11,0,8,8,0.0,0.0,0.0,,,3.8314176245210727,2088,"Sampled-label overlap, no point adjustment; delays among detected events only; no original-FPS seconds.",0.33333333333333337,0.4453485841643736,,0.39079588651657104,4408,1165,True
S11,1,dino_frame_forecast,0.01018808777429467,0.006704980842911878,0.10326877236366272,0.09765235334634781,0.1251610517501831,0.7124143252088685,0.3507926455851089,0.3504966716583919,0.473831736838135,0.0,0.0,0.48103607770582796,2850,393,1155,10,0.02481389578163772,0.008583690987124463,0.012755102040816327,0.8788159111933395,0.1211840888066605,0.6488203266787659,0.44369980109023194,-0.17227512695263744,2876,367,1163,2,0.005420054200542005,0.0017167381974248926,0.002607561929595828,0.8868331791551033,0.1131668208448967,0.6529038112522686,0.4442749586762641,-0.17744620769555877,11,1,11,10,0.09090909090909091,0.09090909090909091,0.09090909090909091,54.0,216.0,4.7892720306513406,2088,"Sampled-label overlap, no point adjustment; delays among detected events only; no original-FPS seconds.",0.2888888888888889,0.42651561158140106,,0.6480097770690918,4408,1165,True
S11,1,dino_spatiotemporal,0.01018808777429467,0.006704980842911878,0.009630363434553146,-0.04663820564746857,0.0652666836977005,0.7031593964683259,0.34617481106240655,0.3458639428143719,0.47368421052631576,0.0,0.0,0.5932778291705211,2845,398,1164,1,0.002506265664160401,0.0008583690987124463,0.0012787723785166237,0.8772741288930003,0.12272587110699969,0.645644283121597,0.43906624899585633,-0.18729227728939593,2859,384,1165,0,0.0,0.0,0.0,0.8815911193339501,0.11840888066604996,0.6485934664246824,0.44079555966697503,-0.18515102237757772,11,0,8,8,0.0,0.0,0.0,,,3.8314176245210727,2088,"Sampled-label overlap, no point adjustment; delays among detected events only; no original-FPS seconds.",0.33333333333333337,0.4453485841643736,,3.7980384826660156,4408,1165,True
S11,1,dino_visual_state,0.01018808777429467,0.006704980842911878,0.01182524859905243,-0.05285237357020378,0.039576202630996704,0.672665986429669,0.3365491274657774,0.33621985157922446,0.47368421052631576,0.0,0.0,0.8189947579401788,2841,402,1163,2,0.0049504950495049506,0.0017167381974248926,0.0025493945188017845,0.876040703052729,0.12395929694727105,0.6449637023593466,0.43887872062507693,-0.18681904682646458,2856,387,1165,0,0.0,0.0,0.0,0.8806660499537465,0.11933395004625347,0.647912885662432,0.44033302497687327,-0.18594218682845468,11,0,8,8,0.0,0.0,0.0,,,3.8314176245210727,2088,"Sampled-label overlap, no point adjustment; delays among detected events only; no original-FPS seconds.",0.33333333333333337,0.4453485841643736,,3.6836965084075928,4408,1165,True
S11,1,dino_full,0.01018808777429467,0.006226053639846743,0.016536060720682144,-0.036052457988262177,0.07010708749294281,0.7040156480977848,0.34650527789555685,0.34619443007218004,0.47368421052631576,0.0,0.0,0.5908109774899785,2847,396,1164,1,0.0025188916876574307,0.0008583690987124463,0.0012804097311139564,0.877890841813136,0.12210915818686402,0.6460980036297641,0.4393746054559242,-0.18676669183566985,2862,381,1165,0,0.0,0.0,0.0,0.8825161887141536,0.11748381128584644,0.6492740471869328,0.4412580943570768,-0.18435764907723007,11,0,9,9,0.0,0.0,0.0,,,4.310344827586206,2088,"Sampled-label overlap, no point adjustment; delays among detected events only; no original-FPS seconds.",0.33333333333333337,0.4453485841643736,,3.4064598083496094,4408,1165,True
S11,1,dino_full_ema,0.01018808777429467,0.004789272030651341,0.018881581188726404,-0.033706578069003346,0.08102596009503354,0.7061069136694551,0.3495858307694946,0.34929069893194203,0.47368421052631576,0.0,0.0,0.6065371569534381,2846,397,1165,0,0.0,0.0,0.0,0.8775824853530682,0.12241751464693185,0.645644283121597,0.4387912426765341,-0.18856383867926768,2858,385,1165,0,0.0,0.0,0.0,0.8812827628738822,0.11871723712611779,0.6483666061705989,0.4406413814369411,-0.1854149877606599,11,0,8,8,0.0,0.0,0.0,,,3.8314176245210727,2088,"Sampled-label overlap, no point adjustment; delays among detected events only; no original-FPS seconds.",0.33333333333333337,0.4453485841643736,,3.365026542817773,4408,1165,True
S11,1,dino_state_pca,0.01018808777429467,0.009578544061302681,0.001553419977426529,0.0010882802307605743,0.001561034470796585,0.6710357997879884,0.33136385478994324,0.3310242592293116,0.4737764318846013,0.0,0.0,0.7724329324699353,2850,393,1144,21,0.050724637681159424,0.018025751072961373,0.026599113362887904,0.8788159111933395,0.1211840888066605,0.6513157894736842,0.4484208311331504,-0.15593247479440145,2871,372,1152,13,0.033766233766233764,0.011158798283261802,0.016774193548387096,0.8852913968547641,0.1147086031452359,0.6542649727767695,0.44822509756901296,-0.1617261845531757,11,2,16,14,0.125,0.18181818181818182,0.14814814814814814,31.0,124.0,6.704980842911878,2088,"Sampled-label overlap, no point adjustment; delays among detected events only; no original-FPS seconds.",0.34444444444444444,0.44983576365155314,,0.018393894657492638,4408,1165,True
S11,2,dino_global_pca,0.01018808777429467,0.003352490421455939,0.001971215009689331,0.0018533766269683838,0.0021215081214904785,0.62978749872621,0.30534505232178855,0.30503603410550195,0.47368421052631576,0.0,0.0,0.8307123034227567,2879,364,1165,0,0.0,0.0,0.0,0.8877582485353068,0.11224175146469319,0.6531306715063521,0.4438791242676534,-0.17981859777269307,2898,345,1165,0,0.0,0.0,0.0,0.8936170212765957,0.10638297872340426,0.6574410163339383,0.44680851063829785,-0.1746528290206152,11,0,11,11,0.0,0.0,0.0,,,5.268199233716476,2088,"Sampled-label overlap, no point adjustment; delays among detected events only; no original-FPS seconds.",0.2777777777777778,0.42467037348616293,,0.014685568399727345,4408,1165,True
S11,2,visual_state_transition,0.007836990595611285,0.006704980842911878,0.0,0.0,0.0,0.502253913678719,0.26574774403893675,0.29800416646821243,0.5020943071822713,0.007725321888412017,0.017167381974248927,1.0,3220,23,1156,9,0.28125,0.007725321888412017,0.015037593984962403,0.9929078014184397,0.0070921985815602835,0.7325317604355717,0.5003165616534259,0.0032886003030456203,3243,0,1165,0,0.0,0.0,0.0,1.0,0.0,0.7357078039927405,0.5,0.0,11,0,0,0,0.0,0.0,0.0,,,0.0,2088,"Sampled-label overlap, no point adjustment; delays among detected events only; no original-FPS seconds.",0.7333333333333334,0.6679487179487179,,3.5756216049194336,4408,1165,True
S11,2,dino_frame_plain_ae,0.01018808777429467,0.005268199233716475,0.07292713224887848,0.06605264544487,0.07598517835140228,0.6568418740132262,0.32688119337807797,0.3265606539659502,0.47368421052631576,0.0,0.0,0.8362627197039778,2821,422,1164,1,0.002364066193853428,0.0008583690987124463,0.0012594458438287153,0.8698735738513722,0.13012642614862782,0.6401996370235935,0.4353659714750423,-0.1935277786403482,2833,410,1165,0,0.0,0.0,0.0,0.8735738513721862,0.12642614862781376,0.6426950998185118,0.4367869256860931,-0.19193758309865638,11,0,9,9,0.0,0.0,0.0,,,4.310344827586206,2088,"Sampled-label overlap, no point adjustment; delays among detected events only; no original-FPS seconds.",0.34444444444444444,0.44983576365155314,,0.5055796504020691,4408,1165,True
S11,2,dino_frame_denoising_ae,0.01018808777429467,0.005268199233716475,0.04174838587641716,0.035464465618133545,0.04423169046640396,0.6750161126176023,0.3389341893159175,0.33860689159763563,0.47368421052631576,0.0,0.0,0.8038852913968547,2833,410,1163,2,0.0048543689320388345,0.0017167381974248926,0.002536461636017755,0.8735738513721862,0.12642614862781376,0.6431488203266787,0.43764529478480557,-0.18891842459577277,2857,386,1165,0,0.0,0.0,0.0,0.8809744064138144,0.11902559358618563,0.6481397459165155,0.4404872032069072,-0.18567870886529828,11,0,11,11,0.0,0.0,0.0,,,5.268199233716476,2088,"Sampled-label overlap, no point adjustment; delays among detected events only; no original-FPS seconds.",0.34444444444444444,0.44983576365155314,,0.40021800994873047,4408,1165,True
S11,2,dino_frame_forecast,0.01018808777429467,0.004310344827586207,0.10932626575231552,0.09957906603813171,0.1273239701986313,0.7046733869847106,0.3458158599010302,0.34552826328035746,0.4737264206042017,0.0,0.0,0.4992291088498304,2788,455,1139,26,0.05405405405405406,0.022317596566523604,0.031591737545565005,0.8596978106691335,0.1403021893308665,0.6383847549909256,0.4410077036178286,-0.1668624999961298,2823,420,1155,10,0.023255813953488372,0.008583690987124463,0.012539184952978056,0.8704902867715079,0.12950971322849214,0.6426950998185118,0.43953698887931614,-0.17971717663709866,11,2,16,13,0.1875,0.18181818181818182,0.1846153846153846,49.0,196.0,6.226053639846743,2088,"Sampled-label overlap, no point adjustment; delays among detected events only; no original-FPS seconds.",0.23333333333333334,0.4116101493965271,,0.6060699224472046,4408,1165,True
S11,2,dino_spatiotemporal,0.01018808777429467,0.005747126436781609,0.007476123981177807,-0.05864028260111809,0.0661662146449089,0.7024810122561767,0.3467077136912443,0.34640006240643617,0.47368421052631576,0.0,0.0,0.6216466234967623,2823,420,1163,2,0.004739336492890996,0.0017167381974248926,0.0025204788909892876,0.8704902867715079,0.12950971322849214,0.6408802177858439,0.4361035124844664,-0.19152194564511718,2847,396,1165,0,0.0,0.0,0.0,0.877890841813136,0.12210915818686402,0.6458711433756806,0.438945420906568,-0.18830273117038282,11,0,9,9,0.0,0.0,0.0,,,4.310344827586206,2088,"Sampled-label overlap, no point adjustment; delays among detected events only; no original-FPS seconds.",0.33333333333333337,0.4453485841643736,,3.8344404697418213,4408,1165,True
S11,2,dino_visual_state,0.01018808777429467,0.005268199233716475,0.00930915679782629,-0.06126189976930618,0.03658616170287132,0.6748480384955909,0.33890517784553315,0.3385780345535023,0.47368421052631576,0.0,0.0,0.809127351218008,2833,410,1163,2,0.0048543689320388345,0.0017167381974248926,0.002536461636017755,0.8735738513721862,0.12642614862781376,0.6431488203266787,0.43764529478480557,-0.18891842459577277,2857,386,1165,0,0.0,0.0,0.0,0.8809744064138144,0.11902559358618563,0.6481397459165155,0.4404872032069072,-0.18567870886529828,11,0,11,11,0.0,0.0,0.0,,,5.268199233716476,2088,"Sampled-label overlap, no point adjustment; delays among detected events only; no original-FPS seconds.",0.34444444444444444,0.44983576365155314,,3.830348491668701,4408,1165,True
S11,2,dino_full,0.01018808777429467,0.005747126436781609,0.01702355593442917,-0.04609715938568115,0.07010868191719055,0.703127369745864,0.34686913241336675,0.3465614101899657,0.47368421052631576,0.0,0.0,0.6188714153561518,2821,422,1163,2,0.0047169811320754715,0.0017167381974248926,0.0025173064820641915,0.8698735738513722,0.13012642614862782,0.640426497277677,0.43579515602439856,-0.19203997220518954,2846,397,1165,0,0.0,0.0,0.0,0.8775824853530682,0.12241751464693185,0.645644283121597,0.4387912426765341,-0.18856383867926768,11,0,9,9,0.0,0.0,0.0,,,4.310344827586206,2088,"Sampled-label overlap, no point adjustment; delays among detected events only; no original-FPS seconds.",0.33333333333333337,0.4453485841643736,,3.4217612743377686,4408,1165,True
S11,2,dino_full_ema,0.01018808777429467,0.004310344827586207,0.011417241208945259,-0.04114166799605433,0.08025125927820495,0.7053292730860394,0.350060896782609,0.3497690465267913,0.47368421052631576,0.0,0.0,0.6460067838421215,2835,408,1165,0,0.0,0.0,0.0,0.8741905642923219,0.12580943570767808,0.6431488203266787,0.43709528214616095,-0.19142099714989794,2850,393,1165,0,0.0,0.0,0.0,0.8788159111933395,0.1211840888066605,0.646551724137931,0.43940795559666973,-0.18751801139543503,11,0,8,8,0.0,0.0,0.0,,,3.8314176245210727,2088,"Sampled-label overlap, no point adjustment; delays among detected events only; no original-FPS seconds.",0.33333333333333337,0.4453485841643736,,3.4683277773297654,4408,1165,True
S11,2,dino_state_pca,0.01018808777429467,0.009578544061302681,0.001553419977426529,0.0010882802307605743,0.001561034470796585,0.6710357997879884,0.33136385478994324,0.3310242592293116,0.4737764318846013,0.0,0.0,0.7724329324699353,2850,393,1144,21,0.050724637681159424,0.018025751072961373,0.026599113362887904,0.8788159111933395,0.1211840888066605,0.6513157894736842,0.4484208311331504,-0.15593247479440145,2871,372,1152,13,0.033766233766233764,0.011158798283261802,0.016774193548387096,0.8852913968547641,0.1147086031452359,0.6542649727767695,0.44822509756901296,-0.1617261845531757,11,2,16,14,0.125,0.18181818181818182,0.14814814814814814,31.0,124.0,6.704980842911878,2088,"Sampled-label overlap, no point adjustment; delays among detected events only; no original-FPS seconds.",0.34444444444444444,0.44983576365155314,,0.018393894657492638,4408,1165,True
S12,0,dino_global_pca,0.010154738878143133,0.0,0.0019845664501190186,0.0017309486865997314,0.0025550462305545807,0.554968489540278,0.24358529385846517,0.24320967322587403,0.47368421052631576,0.0,0.0,0.844015444015444,2399,191,794,0,0.0,0.0,0.0,0.9262548262548262,0.07374517374517374,0.7089243498817966,0.4631274131274131,-0.13541837359760156,2406,184,794,0,0.0,0.0,0.0,0.9289575289575289,0.07104247104247104,0.7109929078014184,0.46447876447876446,-0.1327682685260794,12,0,3,3,0.0,0.0,0.0,,,1.7730496453900708,1692,"Sampled-label overlap, no point adjustment; delays among detected events only; no original-FPS seconds.",0.18518518518518517,0.37695689386865855,,0.02004777267575264,3384,794,True
S12,0,visual_state_transition,0.006769825918762089,0.008274231678486997,0.0,0.0,0.0,0.5046409849936297,0.23666945419182947,0.29803915365172673,0.5042990099583663,0.010075566750629723,0.020151133501259445,1.0,2572,18,786,8,0.3076923076923077,0.010075566750629723,0.01951219512195122,0.993050193050193,0.0069498069498069494,0.7624113475177305,0.5015628799004114,0.015170109477419341,2590,0,794,0,0.0,0.0,0.0,1.0,0.0,0.7653664302600472,0.5,0.0,12,0,0,0,0.0,0.0,0.0,,,0.0,1692,"Sampled-label overlap, no point adjustment; delays among detected events only; no original-FPS seconds.",0.7716049382716049,0.7587844254510921,,3.603858709335327,3384,794,True
S12,0,dino_frame_plain_ae,0.010154738878143133,0.001182033096926714,0.04010915011167526,0.03315611556172371,0.05032232403755188,0.5737480913803332,0.25367586235270956,0.2532888101223864,0.4739324654477777,0.0,0.0,0.8285714285714286,2410,180,794,0,0.0,0.0,0.0,0.9305019305019305,0.0694980694980695,0.7121749408983451,0.46525096525096526,-0.13123520923909276,2417,173,794,0,0.0,0.0,0.0,0.9332046332046332,0.0667953667953668,0.7142434988179669,0.4666023166023166,-0.1285177956715458,12,0,5,5,0.0,0.0,0.0,,,2.955082742316785,1692,"Sampled-label overlap, no point adjustment; delays among detected events only; no original-FPS seconds.",0.19753086419753085,0.38189516547359686,,0.5133665204048157,3384,794,True
S12,0,dino_frame_denoising_ae,0.010154738878143133,0.0017730496453900709,0.02783231809735298,0.021655995398759842,0.04232002794742584,0.6359656886105249,0.2780032225484865,0.27760277544523293,0.47381729563885205,0.0,0.0,0.6737451737451737,2399,191,794,0,0.0,0.0,0.0,0.9262548262548262,0.07374517374517374,0.7089243498817966,0.4631274131274131,-0.13541837359760156,2404,186,794,0,0.0,0.0,0.0,0.9281853281853282,0.07181467181467181,0.710401891252955,0.4640926640926641,-0.13352961953654302,12,0,4,4,0.0,0.0,0.0,,,2.3640661938534278,1692,"Sampled-label overlap, no point adjustment; delays among detected events only; no original-FPS seconds.",0.19753086419753085,0.38189516547359686,,0.4284459948539734,3384,794,True
S12,0,dino_frame_forecast,0.010154738878143133,0.004728132387706856,0.06878914684057236,0.06101243942975998,0.09391706436872482,0.5760622623343026,0.24802584753804435,0.24770628339864778,0.4740604319021394,0.0,0.0,0.8675675675675676,2414,176,794,0,0.0,0.0,0.0,0.932046332046332,0.06795366795366796,0.7133569739952719,0.466023166023166,-0.12968791952155487,2429,161,794,0,0.0,0.0,0.0,0.9378378378378378,0.062162162162162166,0.7177895981087471,0.4689189189189189,-0.1237494149602179,12,0,4,4,0.0,0.0,0.0,,,2.3640661938534278,1692,"Sampled-label overlap, no point adjustment; delays among detected events only; no original-FPS seconds.",0.1111111111111111,0.3548829801280782,,0.6765967011451721,3384,794,True
S12,0,dino_fewshot3_denoising_ae,0.010154738878143133,0.0,0.2863386869430542,0.1982957273721695,0.31109797954559326,0.6426830572926291,0.28511285458256025,0.28457652263374106,0.4930250604385564,0.0,0.0327455919395466,0.6324324324324324,2492,98,790,4,0.0392156862745098,0.005037783375314861,0.008928571428571428,0.9621621621621622,0.03783783783783784,0.7375886524822695,0.48359997276873856,-0.08129527862178881,2503,87,791,3,0.03333333333333333,0.003778337531486146,0.006787330316742082,0.9664092664092664,0.03359073359073359,0.7405437352245863,0.48509380197037627,-0.07851885598672644,12,1,4,3,0.25,0.08333333333333333,0.125,138.0,552.0,1.7730496453900708,1692,"Sampled-label overlap, no point adjustment; delays among detected events only; no original-FPS seconds.",0.4567901234567901,0.4720919512586179,,1.1552810668945312,3384,794,True
S12,0,dino_spatiotemporal,0.010154738878143133,0.002364066193853428,0.00013654050417244434,-0.050560593605041504,0.16371962428092957,0.622944282893905,0.2711789805956051,0.270784636277324,0.4737865836898052,0.0,0.0,0.7335907335907336,2401,189,794,0,0.0,0.0,0.0,0.927027027027027,0.07297297297297298,0.70951536643026,0.4635135135135135,-0.13466534250794684,2407,183,794,0,0.0,0.0,0.0,0.9293436293436294,0.07065637065637066,0.7112884160756501,0.4646718146718147,-0.13238630991121492,12,0,3,3,0.0,0.0,0.0,,,1.7730496453900708,1692,"Sampled-label overlap, no point adjustment; delays among detected events only; no original-FPS seconds.",0.19753086419753085,0.38189516547359686,,4.490140914916992,3384,794,True
S12,0,dino_visual_state,0.010154738878143133,0.0017730496453900709,0.006275525316596031,-0.058358073234558105,0.1535884290933609,0.636353247814205,0.2783005690440956,0.2778999096795999,0.47381217698067757,0.0,0.0,0.6698841698841699,2399,191,794,0,0.0,0.0,0.0,0.9262548262548262,0.07374517374517374,0.7089243498817966,0.4631274131274131,-0.13541837359760156,2404,186,794,0,0.0,0.0,0.0,0.9281853281853282,0.07181467181467181,0.710401891252955,0.4640926640926641,-0.13352961953654302,12,0,4,4,0.0,0.0,0.0,,,2.3640661938534278,1692,"Sampled-label overlap, no point adjustment; delays among detected events only; no original-FPS seconds.",0.24691358024691357,0.3946309862976529,,4.138538360595703,3384,794,True
S12,0,dino_full,0.010154738878143133,0.002364066193853428,0.010081838816404343,-0.0409984290599823,0.1510162055492401,0.6212316310553087,0.27035763080852865,0.26996383940723123,0.47380193966432865,0.0,0.0,0.7355212355212355,2401,189,794,0,0.0,0.0,0.0,0.927027027027027,0.07297297297297298,0.70951536643026,0.4635135135135135,-0.13466534250794684,2407,183,794,0,0.0,0.0,0.0,0.9293436293436294,0.07065637065637066,0.7112884160756501,0.4646718146718147,-0.13238630991121492,12,0,3,3,0.0,0.0,0.0,,,1.7730496453900708,1692,"Sampled-label overlap, no point adjustment; delays among detected events only; no original-FPS seconds.",0.19753086419753085,0.38189516547359686,,4.030080318450928,3384,794,True
S12,0,dino_full_ema,0.010154738878143133,0.000591016548463357,0.009760074839733622,-0.032281340425221405,0.1518321791766254,0.6210230201414081,0.2720248729820929,0.27163122982907384,0.47368421052631576,0.0,0.0,0.7351351351351352,2404,186,794,0,0.0,0.0,0.0,0.9281853281853282,0.07181467181467181,0.710401891252955,0.4640926640926641,-0.13352961953654302,2410,180,794,0,0.0,0.0,0.0,0.9305019305019305,0.0694980694980695,0.7121749408983451,0.46525096525096526,-0.13123520923909276,12,0,3,3,0.0,0.0,0.0,,,1.7730496453900708,1692,"Sampled-label overlap, no point adjustment; delays among detected events only; no original-FPS seconds.",0.19753086419753085,0.38189516547359686,,4.083156167485806,3384,794,True
S12,0,dino_state_pca,0.010154738878143133,0.0,0.000982619822025299,0.0007922174409031868,0.0024495013058185577,0.6912458788403373,0.31685558321258345,0.31639908797827676,0.47441105998709077,0.0,0.0,0.6297297297297297,2351,239,786,8,0.032388663967611336,0.010075566750629723,0.01536983669548511,0.9077220077220077,0.09227799227799227,0.6971040189125296,0.4588987872363187,-0.13391802309810533,2367,223,787,7,0.030434782608695653,0.008816120906801008,0.013671875,0.9138996138996139,0.0861003861003861,0.7015366430260047,0.4613578674032075,-0.13012371471250772,12,1,9,7,0.2222222222222222,0.08333333333333333,0.12121212121212122,27.0,108.0,4.137115839243498,1692,"Sampled-label overlap, no point adjustment; delays among detected events only; no original-FPS seconds.",0.4444444444444444,0.46209500376167045,,0.02004777267575264,3384,794,True
S12,1,dino_global_pca,0.010154738878143133,0.0,0.0019845664501190186,0.0017309486865997314,0.0025550462305545807,0.554968489540278,0.24358529385846517,0.24320967322587403,0.47368421052631576,0.0,0.0,0.844015444015444,2399,191,794,0,0.0,0.0,0.0,0.9262548262548262,0.07374517374517374,0.7089243498817966,0.4631274131274131,-0.13541837359760156,2406,184,794,0,0.0,0.0,0.0,0.9289575289575289,0.07104247104247104,0.7109929078014184,0.46447876447876446,-0.1327682685260794,12,0,3,3,0.0,0.0,0.0,,,1.7730496453900708,1692,"Sampled-label overlap, no point adjustment; delays among detected events only; no original-FPS seconds.",0.18518518518518517,0.37695689386865855,,0.02004777267575264,3384,794,True
S12,1,visual_state_transition,0.006769825918762089,0.008274231678486997,0.0,0.0,0.0,0.5046409849936297,0.23666945419182947,0.29803915365172673,0.5042990099583663,0.010075566750629723,0.020151133501259445,1.0,2572,18,786,8,0.3076923076923077,0.010075566750629723,0.01951219512195122,0.993050193050193,0.0069498069498069494,0.7624113475177305,0.5015628799004114,0.015170109477419341,2590,0,794,0,0.0,0.0,0.0,1.0,0.0,0.7653664302600472,0.5,0.0,12,0,0,0,0.0,0.0,0.0,,,0.0,1692,"Sampled-label overlap, no point adjustment; delays among detected events only; no original-FPS seconds.",0.7716049382716049,0.7587844254510921,,3.603858709335327,3384,794,True
S12,1,dino_frame_plain_ae,0.010154738878143133,0.002364066193853428,0.043555788695812225,0.035837963223457336,0.05262751877307892,0.5702337998307772,0.2517755279384377,0.2513910116546164,0.4739171094732542,0.0,0.0,0.8092664092664092,2398,192,794,0,0.0,0.0,0.0,0.9258687258687258,0.07413127413127413,0.708628841607565,0.4629343629343629,-0.13579367510793974,2405,185,794,0,0.0,0.0,0.0,0.9285714285714286,0.07142857142857142,0.7106973995271868,0.4642857142857143,-0.13314936921180762,12,0,3,3,0.0,0.0,0.0,,,1.7730496453900708,1692,"Sampled-label overlap, no point adjustment; delays among detected events only; no original-FPS seconds.",0.19753086419753085,0.38189516547359686,,0.48145708441734314,3384,794,True
S12,1,dino_frame_denoising_ae,0.010154738878143133,0.0017730496453900709,0.026121091097593307,0.020664986222982407,0.04162098094820976,0.6241278702235881,0.2738626166708058,0.27346422437557455,0.47401180464948195,0.0,0.0,0.7223938223938224,2408,182,794,0,0.0,0.0,0.0,0.9297297297297298,0.07027027027027027,0.7115839243498818,0.4648648648648649,-0.1320034856951267,2414,176,794,0,0.0,0.0,0.0,0.932046332046332,0.06795366795366796,0.7133569739952719,0.466023166023166,-0.12968791952155487,12,0,4,4,0.0,0.0,0.0,,,2.3640661938534278,1692,"Sampled-label overlap, no point adjustment; delays among detected events only; no original-FPS seconds.",0.19753086419753085,0.38189516547359686,,0.44774922728538513,3384,794,True
S12,1,dino_frame_forecast,0.010154738878143133,0.0035460992907801418,0.06899872422218323,0.06030181050300598,0.09404588490724564,0.5759708430993066,0.25019359258804913,0.24986789340916848,0.47418072036923953,0.0,0.0,0.8718146718146718,2404,186,793,1,0.0053475935828877,0.0012594458438287153,0.002038735983690112,0.9281853281853282,0.07181467181467181,0.7106973995271868,0.46472238701457846,-0.13085707214987896,2416,174,794,0,0.0,0.0,0.0,0.9328185328185328,0.06718146718146718,0.7139479905437353,0.4664092664092664,-0.12890877373000936,12,0,5,5,0.0,0.0,0.0,,,2.955082742316785,1692,"Sampled-label overlap, no point adjustment; delays among detected events only; no original-FPS seconds.",0.1234567901234568,0.3579693998811646,,0.6696197986602783,3384,794,True
S12,1,dino_spatiotemporal,0.010154738878143133,0.0017730496453900709,0.011910146102309227,-0.04443640261888504,0.1674516648054123,0.6116394191960942,0.26779702101998737,0.26740187174137864,0.47402716062400535,0.0,0.0,0.7505791505791506,2415,175,794,0,0.0,0.0,0.0,0.9324324324324325,0.06756756756756757,0.7136524822695035,0.46621621621621623,-0.12929881211186597,2421,169,794,0,0.0,0.0,0.0,0.9347490347490347,0.06525096525096526,0.7154255319148937,0.46737451737451735,-0.1269443081001481,12,0,5,5,0.0,0.0,0.0,,,2.955082742316785,1692,"Sampled-label overlap, no point adjustment; delays among detected events only; no original-FPS seconds.",0.19753086419753085,0.38189516547359686,,4.829232692718506,3384,794,True
S12,1,dino_visual_state,0.010154738878143133,0.0017730496453900709,0.010266764089465141,-0.05067447945475578,0.16117781400680542,0.6244225513746925,0.2741321732933402,0.27373344881160383,0.47400156733313303,0.0,0.0,0.7146718146718146,2408,182,794,0,0.0,0.0,0.0,0.9297297297297298,0.07027027027027027,0.7115839243498818,0.4648648648648649,-0.1320034856951267,2414,176,794,0,0.0,0.0,0.0,0.932046332046332,0.06795366795366796,0.7133569739952719,0.466023166023166,-0.12968791952155487,12,0,4,4,0.0,0.0,0.0,,,2.3640661938534278,1692,"Sampled-label overlap, no point adjustment; delays among detected events only; no original-FPS seconds.",0.24691358024691357,0.3946309862976529,,4.3011884689331055,3384,794,True
S12,1,dino_full,0.010154738878143133,0.0017730496453900709,0.018874099478125572,-0.03606650233268738,0.15459245443344116,0.6099160693619132,0.2670064199303204,0.26661166012532794,0.4740220419658309,0.0,0.0,0.7563706563706564,2412,178,794,0,0.0,0.0,0.0,0.9312741312741313,0.06872586872586872,0.7127659574468085,0.46563706563706564,-0.13046337562471244,2419,171,794,0,0.0,0.0,0.0,0.933976833976834,0.06602316602316602,0.7148345153664303,0.466988416988417,-0.12773298507190434,12,0,5,5,0.0,0.0,0.0,,,2.955082742316785,1692,"Sampled-label overlap, no point adjustment; delays among detected events only; no original-FPS seconds.",0.19753086419753085,0.38189516547359686,,4.32064151763916,3384,794,True
S12,1,dino_full_ema,0.010154738878143133,0.000591016548463357,0.020096735477105256,-0.027803446312116585,0.15679083938060834,0.6092819699872596,0.268523655423641,0.2681288720847286,0.47368421052631576,0.0,0.0,0.7694980694980695,2406,184,794,0,0.0,0.0,0.0,0.9289575289575289,0.07104247104247104,0.7109929078014184,0.46447876447876446,-0.1327682685260794,2412,178,794,0,0.0,0.0,0.0,0.9312741312741313,0.06872586872586872,0.7127659574468085,0.46563706563706564,-0.13046337562471244,12,0,3,3,0.0,0.0,0.0,,,1.7730496453900708,1692,"Sampled-label overlap, no point adjustment; delays among detected events only; no original-FPS seconds.",0.19753086419753085,0.38189516547359686,,4.122528082516676,3384,794,True
S12,1,dino_state_pca,0.010154738878143133,0.0,0.000982619822025299,0.0007922174409031868,0.0024495013058185577,0.6912458788403373,0.31685558321258345,0.31639908797827676,0.47441105998709077,0.0,0.0,0.6297297297297297,2351,239,786,8,0.032388663967611336,0.010075566750629723,0.01536983669548511,0.9077220077220077,0.09227799227799227,0.6971040189125296,0.4588987872363187,-0.13391802309810533,2367,223,787,7,0.030434782608695653,0.008816120906801008,0.013671875,0.9138996138996139,0.0861003861003861,0.7015366430260047,0.4613578674032075,-0.13012371471250772,12,1,9,7,0.2222222222222222,0.08333333333333333,0.12121212121212122,27.0,108.0,4.137115839243498,1692,"Sampled-label overlap, no point adjustment; delays among detected events only; no original-FPS seconds.",0.4444444444444444,0.46209500376167045,,0.02004777267575264,3384,794,True
S12,2,dino_global_pca,0.010154738878143133,0.0,0.0019845664501190186,0.0017309486865997314,0.0025550462305545807,0.554968489540278,0.24358529385846517,0.24320967322587403,0.47368421052631576,0.0,0.0,0.844015444015444,2399,191,794,0,0.0,0.0,0.0,0.9262548262548262,0.07374517374517374,0.7089243498817966,0.4631274131274131,-0.13541837359760156,2406,184,794,0,0.0,0.0,0.0,0.9289575289575289,0.07104247104247104,0.7109929078014184,0.46447876447876446,-0.1327682685260794,12,0,3,3,0.0,0.0,0.0,,,1.7730496453900708,1692,"Sampled-label overlap, no point adjustment; delays among detected events only; no original-FPS seconds.",0.18518518518518517,0.37695689386865855,,0.02004777267575264,3384,794,True
S12,2,visual_state_transition,0.006769825918762089,0.008274231678486997,0.0,0.0,0.0,0.5046409849936297,0.23666945419182947,0.29803915365172673,0.5042990099583663,0.010075566750629723,0.020151133501259445,1.0,2572,18,786,8,0.3076923076923077,0.010075566750629723,0.01951219512195122,0.993050193050193,0.0069498069498069494,0.7624113475177305,0.5015628799004114,0.015170109477419341,2590,0,794,0,0.0,0.0,0.0,1.0,0.0,0.7653664302600472,0.5,0.0,12,0,0,0,0.0,0.0,0.0,,,0.0,1692,"Sampled-label overlap, no point adjustment; delays among detected events only; no original-FPS seconds.",0.7716049382716049,0.7587844254510921,,3.603858709335327,3384,794,True
S12,2,dino_frame_plain_ae,0.010154738878143133,0.000591016548463357,0.0416768454015255,0.03506185859441757,0.053507253527641296,0.5820866926660377,0.25723649414011274,0.25684904217912563,0.47373283777897324,0.0,0.0,0.8312741312741313,2405,185,794,0,0.0,0.0,0.0,0.9285714285714286,0.07142857142857142,0.7106973995271868,0.4642857142857143,-0.13314936921180762,2408,182,794,0,0.0,0.0,0.0,0.9297297297297298,0.07027027027027027,0.7115839243498818,0.4648648648648649,-0.1320034856951267,12,0,5,5,0.0,0.0,0.0,,,2.955082742316785,1692,"Sampled-label overlap, no point adjustment; delays among detected events only; no original-FPS seconds.",0.19753086419753085,0.38189516547359686,,0.5213867425918579,3384,794,True
S12,2,dino_frame_denoising_ae,0.010154738878143133,0.002364066193853428,0.02729615569114685,0.021173352375626564,0.041485317051410675,0.6234118339282068,0.27288779174087174,0.2724872820026317,0.4740911438511863,0.0,0.0,0.6922779922779922,2401,189,794,0,0.0,0.0,0.0,0.927027027027027,0.07297297297297298,0.70951536643026,0.4635135135135135,-0.13466534250794684,2406,184,794,0,0.0,0.0,0.0,0.9289575289575289,0.07104247104247104,0.7109929078014184,0.46447876447876446,-0.1327682685260794,12,0,5,5,0.0,0.0,0.0,,,2.955082742316785,1692,"Sampled-label overlap, no point adjustment; delays among detected events only; no original-FPS seconds.",0.19753086419753085,0.38189516547359686,,0.44902464747428894,3384,794,True
S12,2,dino_frame_forecast,0.010154738878143133,0.004728132387706856,0.06812776625156403,0.06045275554060936,0.09641364961862564,0.5909198331112688,0.2543951496069998,0.2540726234463458,0.47415000842019267,0.0,0.0,0.8382239382239383,2408,182,794,0,0.0,0.0,0.0,0.9297297297297298,0.07027027027027027,0.7115839243498818,0.4648648648648649,-0.1320034856951267,2425,165,794,0,0.0,0.0,0.0,0.9362934362934363,0.0637065637065637,0.7166075650118203,0.46814671814671815,-0.1253550553365091,12,0,4,4,0.0,0.0,0.0,,,2.3640661938534278,1692,"Sampled-label overlap, no point adjustment; delays among detected events only; no original-FPS seconds.",0.12345679012345678,0.35752848277358085,,0.6432823538780212,3384,794,True
S12,2,dino_spatiotemporal,0.010154738878143133,0.002364066193853428,0.010845137760043144,-0.04607952758669853,0.1678762137889862,0.6213896696264455,0.2705039299280074,0.27010703927868696,0.4740629912312267,0.0,0.0,0.7185328185328186,2403,187,794,0,0.0,0.0,0.0,0.9277992277992279,0.0722007722007722,0.7101063829787234,0.4638996138996139,-0.13390902696644746,2409,181,794,0,0.0,0.0,0.0,0.9301158301158301,0.06988416988416989,0.7118794326241135,0.46505791505791505,-0.1316197880997722,12,0,5,5,0.0,0.0,0.0,,,2.955082742316785,1692,"Sampled-label overlap, no point adjustment; delays among detected events only; no original-FPS seconds.",0.19753086419753085,0.38189516547359686,,4.689990520477295,3384,794,True
S12,2,dino_visual_state,0.010154738878143133,0.002364066193853428,0.009826237335801125,-0.05666525661945343,0.1481812447309494,0.623904427997627,0.2732527347972119,0.27285194260666623,0.4740911438511863,0.0,0.0,0.693050193050193,2401,189,794,0,0.0,0.0,0.0,0.927027027027027,0.07297297297297298,0.70951536643026,0.4635135135135135,-0.13466534250794684,2406,184,794,0,0.0,0.0,0.0,0.9289575289575289,0.07104247104247104,0.7109929078014184,0.46447876447876446,-0.1327682685260794,12,0,5,5,0.0,0.0,0.0,,,2.955082742316785,1692,"Sampled-label overlap, no point adjustment; delays among detected events only; no original-FPS seconds.",0.20987654320987653,0.38494766852609996,,4.345499038696289,3384,794,True
S12,2,dino_full,0.010154738878143133,0.002364066193853428,0.018585382029414177,-0.034101326018571854,0.15407690405845642,0.6207954445989711,0.27016599678812026,0.2697694343559171,0.4740527539148777,0.0,0.0,0.7185328185328186,2403,187,794,0,0.0,0.0,0.0,0.9277992277992279,0.0722007722007722,0.7101063829787234,0.4638996138996139,-0.13390902696644746,2410,180,794,0,0.0,0.0,0.0,0.9305019305019305,0.0694980694980695,0.7121749408983451,0.46525096525096526,-0.13123520923909276,12,0,5,5,0.0,0.0,0.0,,,2.955082742316785,1692,"Sampled-label overlap, no point adjustment; delays among detected events only; no original-FPS seconds.",0.19753086419753085,0.38189516547359686,,4.242372512817383,3384,794,True
S12,2,dino_full_ema,0.010154738878143133,0.000591016548463357,0.011939930994330892,-0.029914074325553146,0.1547125216281569,0.6205800258696983,0.2717185094893431,0.27132176117974965,0.4737865836898052,0.0,0.0,0.7254826254826254,2402,188,794,0,0.0,0.0,0.0,0.9274131274131274,0.07258687258687259,0.7098108747044918,0.4637065637065637,-0.1342875988676162,2408,182,794,0,0.0,0.0,0.0,0.9297297297297298,0.07027027027027027,0.7115839243498818,0.4648648648648649,-0.1320034856951267,12,0,4,4,0.0,0.0,0.0,,,2.3640661938534278,1692,"Sampled-label overlap, no point adjustment; delays among detected events only; no original-FPS seconds.",0.19753086419753085,0.38189516547359686,,4.122508124975296,3384,794,True
S12,2,dino_state_pca,0.010154738878143133,0.0,0.000982619822025299,0.0007922174409031868,0.0024495013058185577,0.6912458788403373,0.31685558321258345,0.31639908797827676,0.47441105998709077,0.0,0.0,0.6297297297297297,2351,239,786,8,0.032388663967611336,0.010075566750629723,0.01536983669548511,0.9077220077220077,0.09227799227799227,0.6971040189125296,0.4588987872363187,-0.13391802309810533,2367,223,787,7,0.030434782608695653,0.008816120906801008,0.013671875,0.9138996138996139,0.0861003861003861,0.7015366430260047,0.4613578674032075,-0.13012371471250772,12,1,9,7,0.2222222222222222,0.08333333333333333,0.12121212121212122,27.0,108.0,4.137115839243498,1692,"Sampled-label overlap, no point adjustment; delays among detected events only; no original-FPS seconds.",0.4444444444444444,0.46209500376167045,,0.02004777267575264,3384,794,True
